as_of,ticker,sector,weight,ann_return_sample,vol_sample
2020-08-31,SNPS,TECH,0.05682227872633614,"Ticker
SNPS    0.253943
dtype: float64","Ticker
SNPS    0.35592
dtype: float64"
2020-08-31,CDNS,TECH,0.015987274510693646,"Ticker
CDNS    0.262662
dtype: float64","Ticker
CDNS    0.356003
dtype: float64"
2020-08-31,MCHP,TECH,0.016579407459927593,"Ticker
MCHP    0.068777
dtype: float64","Ticker
MCHP    0.433276
dtype: float64"
2020-08-31,MPWR,TECH,0.017267906276037356,"Ticker
MPWR    0.250549
dtype: float64","Ticker
MPWR    0.531304
dtype: float64"
2020-08-31,FTNT,TECH,0.022097470858986203,"Ticker
FTNT    0.251993
dtype: float64","Ticker
FTNT    0.431959
dtype: float64"
2020-08-31,NTNX,TECH,0.005035953108259035,"Ticker
NTNX    0.26669
dtype: float64","Ticker
NTNX    0.503963
dtype: float64"
2020-08-31,BMRN,PHARMA,0.027583826484051978,"Ticker
BMRN   -0.136475
dtype: float64","Ticker
BMRN    0.355326
dtype: float64"
2020-08-31,NBIX,PHARMA,0.03485037310935113,"Ticker
NBIX    0.026498
dtype: float64","Ticker
NBIX    0.352501
dtype: float64"
2020-08-31,TECH,PHARMA,0.04590063297849108,"Ticker
TECH   -0.0363
dtype: float64","Ticker
TECH    0.37036
dtype: float64"
2020-08-31,INSM,PHARMA,0.0011091273511391394,"Ticker
INSM    0.358294
dtype: float64","Ticker
INSM    0.73158
dtype: float64"
2020-08-31,HRMY,PHARMA,0.004671438572107469,"Ticker
HRMY   -0.000762
dtype: float64","Ticker
HRMY    0.536614
dtype: float64"
2020-08-31,AMGN,PHARMA,0.011630488841681233,"Ticker
AMGN    0.072347
dtype: float64","Ticker
AMGN    0.234188
dtype: float64"
2020-08-31,REGN,PHARMA,0.01710982498669177,"Ticker
REGN   -0.012848
dtype: float64","Ticker
REGN    0.300165
dtype: float64"
2020-08-31,VRTX,PHARMA,0.04181022670826788,"Ticker
VRTX    0.075121
dtype: float64","Ticker
VRTX    0.301151
dtype: float64"
2020-08-31,BIIB,PHARMA,0.010491440107977486,"Ticker
BIIB   -0.137279
dtype: float64","Ticker
BIIB    0.443025
dtype: float64"
2020-08-31,APA,ENERGY,8.271873837368884e-05,"Ticker
APA    0.086473
dtype: float64","Ticker
APA    0.526142
dtype: float64"
2020-08-31,EQT,ENERGY,0.010540225817236097,"Ticker
EQT    0.269255
dtype: float64","Ticker
EQT    0.467437
dtype: float64"
2020-08-31,AR,ENERGY,0.02959670543684941,"Ticker
AR    0.48945
dtype: float64","Ticker
AR    0.555105
dtype: float64"
2020-08-31,CTRA,ENERGY,0.014602218384252342,"Ticker
CTRA    0.090614
dtype: float64","Ticker
CTRA    0.352706
dtype: float64"
2020-08-31,HII,DEFENSE,0.0015021023546636799,"Ticker
HII    0.129626
dtype: float64","Ticker
HII    0.298074
dtype: float64"
2020-08-31,TDG,DEFENSE,0.010136869277472944,"Ticker
TDG    0.262196
dtype: float64","Ticker
TDG    0.287537
dtype: float64"
2020-08-31,KTOS,DEFENSE,0.0022449868085805623,"Ticker
KTOS    0.285773
dtype: float64","Ticker
KTOS    0.465002
dtype: float64"
2020-08-31,MRCY,DEFENSE,0.0009592816279266161,"Ticker
MRCY   -0.030587
dtype: float64","Ticker
MRCY    0.438757
dtype: float64"
2020-08-31,AXON,DEFENSE,0.02846129118651529,"Ticker
AXON    0.570636
dtype: float64","Ticker
AXON    0.465215
dtype: float64"
2020-08-31,AVAV,DEFENSE,0.0017716133740114583,"Ticker
AVAV    0.247544
dtype: float64","Ticker
AVAV    0.524691
dtype: float64"
2020-08-31,ROK,INDUSTRIALS,0.008920294637894885,"Ticker
ROK    0.097973
dtype: float64","Ticker
ROK    0.311489
dtype: float64"
2020-08-31,XYL,INDUSTRIALS,0.007855882261785251,"Ticker
XYL    0.135729
dtype: float64","Ticker
XYL    0.26118
dtype: float64"
2020-08-31,IEX,INDUSTRIALS,0.017279632326655525,"Ticker
IEX    0.00007
dtype: float64","Ticker
IEX    0.240761
dtype: float64"
2020-08-31,DOV,INDUSTRIALS,0.006674691539756622,"Ticker
DOV    0.110753
dtype: float64","Ticker
DOV    0.24277
dtype: float64"
2020-08-31,ALLE,INDUSTRIALS,0.005213803286937212,"Ticker
ALLE    0.119645
dtype: float64","Ticker
ALLE    0.264954
dtype: float64"
2020-08-31,AME,INDUSTRIALS,0.00751566020426728,"Ticker
AME    0.131255
dtype: float64","Ticker
AME    0.217337
dtype: float64"
2020-08-31,LECO,INDUSTRIALS,0.011097419758909127,"Ticker
LECO    0.21408
dtype: float64","Ticker
LECO    0.262663
dtype: float64"
2020-08-31,PNR,INDUSTRIALS,0.015613995454209282,"Ticker
PNR    0.199863
dtype: float64","Ticker
PNR    0.283657
dtype: float64"
2020-08-31,ITT,INDUSTRIALS,0.0018642741983389444,"Ticker
ITT    0.229731
dtype: float64","Ticker
ITT    0.288594
dtype: float64"
2020-08-31,YETI,CONSUMER_DISCRETIONARY,0.03348813065910433,"Ticker
YETI   -0.074105
dtype: float64","Ticker
YETI    0.50059
dtype: float64"
2020-08-31,CROX,CONSUMER_DISCRETIONARY,0.0015300369699332483,"Ticker
CROX    0.158313
dtype: float64","Ticker
CROX    0.556687
dtype: float64"
2020-08-31,DKS,CONSUMER_DISCRETIONARY,0.017600122532707582,"Ticker
DKS    0.418027
dtype: float64","Ticker
DKS    0.445978
dtype: float64"
2020-08-31,RH,CONSUMER_DISCRETIONARY,0.009607432133522336,"Ticker
RH   -0.057877
dtype: float64","Ticker
RH    0.599531
dtype: float64"
2020-08-31,DECK,CONSUMER_DISCRETIONARY,0.027723950865058525,"Ticker
DECK    0.23937
dtype: float64","Ticker
DECK    0.426866
dtype: float64"
2020-08-31,SKX,CONSUMER_DISCRETIONARY,0.00444664833345688,"Ticker
SKX    0.163586
dtype: float64","Ticker
SKX    0.398741
dtype: float64"
2020-08-31,COLM,CONSUMER_DISCRETIONARY,0.009708418644854529,"Ticker
COLM   -0.068556
dtype: float64","Ticker
COLM    0.326117
dtype: float64"
2020-08-31,MKC,CONSUMER_STAPLES,0.028454306322307176,"Ticker
MKC   -0.053936
dtype: float64","Ticker
MKC    0.227252
dtype: float64"
2020-08-31,HRL,CONSUMER_STAPLES,0.034364986197598,"Ticker
HRL   -0.09012
dtype: float64","Ticker
HRL    0.222784
dtype: float64"
2020-08-31,CPB,CONSUMER_STAPLES,0.028390265663278784,"Ticker
CPB   -0.060124
dtype: float64","Ticker
CPB    0.229926
dtype: float64"
2020-08-31,CAG,CONSUMER_STAPLES,0.01011015164845916,"Ticker
CAG   -0.090587
dtype: float64","Ticker
CAG    0.221318
dtype: float64"
2020-08-31,SJM,CONSUMER_STAPLES,0.004758007722358356,"Ticker
SJM    0.028171
dtype: float64","Ticker
SJM    0.234754
dtype: float64"
2020-08-31,CHD,CONSUMER_STAPLES,0.027068002872095046,"Ticker
CHD    0.004708
dtype: float64","Ticker
CHD    0.200844
dtype: float64"
2020-08-31,CLX,CONSUMER_STAPLES,0.04268134087127232,"Ticker
CLX   -0.089311
dtype: float64","Ticker
CLX    0.254725
dtype: float64"
2020-08-31,KMB,CONSUMER_STAPLES,0.02077059144264948,"Ticker
KMB    0.000848
dtype: float64","Ticker
KMB    0.18668
dtype: float64"
2020-08-31,GIS,CONSUMER_STAPLES,0.02631393578364452,"Ticker
GIS   -0.017836
dtype: float64","Ticker
GIS    0.204798
dtype: float64"
2020-08-31,MTB,FINANCIALS,0.006718733101345505,"Ticker
MTB    0.160556
dtype: float64","Ticker
MTB    0.346238
dtype: float64"
2020-08-31,PNC,FINANCIALS,0.00478435972693763,"Ticker
PNC    0.158364
dtype: float64","Ticker
PNC    0.287035
dtype: float64"
2020-08-31,KEY,FINANCIALS,0.004716035223711835,"Ticker
KEY    0.131743
dtype: float64","Ticker
KEY    0.406408
dtype: float64"
2020-08-31,TROW,FINANCIALS,0.0027013242556076958,"Ticker
TROW   -0.009148
dtype: float64","Ticker
TROW    0.307367
dtype: float64"
2020-08-31,IVZ,FINANCIALS,0.011950418520761775,"Ticker
IVZ    0.198614
dtype: float64","Ticker
IVZ    0.382373
dtype: float64"
2020-08-31,RJF,FINANCIALS,0.0009408508449547806,"Ticker
RJF    0.286353
dtype: float64","Ticker
RJF    0.285538
dtype: float64"
2020-08-31,NEE,UTILITIES,0.01919003623920725,"Ticker
NEE    0.038251
dtype: float64","Ticker
NEE    0.272817
dtype: float64"
2020-08-31,DUK,UTILITIES,0.007337784881339033,"Ticker
DUK    0.125995
dtype: float64","Ticker
DUK    0.185594
dtype: float64"
2020-08-31,SO,UTILITIES,0.008436059302502349,"Ticker
SO    0.161561
dtype: float64","Ticker
SO    0.189358
dtype: float64"
2020-08-31,SRE,UTILITIES,0.0006396473268441092,"Ticker
SRE    0.080924
dtype: float64","Ticker
SRE    0.232915
dtype: float64"
2020-08-31,XEL,UTILITIES,0.013547171546444749,"Ticker
XEL    0.036885
dtype: float64","Ticker
XEL    0.210001
dtype: float64"
2020-08-31,WEC,UTILITIES,0.014182354155700403,"Ticker
WEC    0.066018
dtype: float64","Ticker
WEC    0.197577
dtype: float64"
2020-08-31,APD,MATERIALS,0.009751824411112674,"Ticker
APD    0.024946
dtype: float64","Ticker
APD    0.262719
dtype: float64"
2020-08-31,ECL,MATERIALS,0.010973282837572571,"Ticker
ECL    0.087874
dtype: float64","Ticker
ECL    0.245122
dtype: float64"
2020-08-31,NEM,MATERIALS,0.008637067587419535,"Ticker
NEM    0.03605
dtype: float64","Ticker
NEM    0.345062
dtype: float64"
2020-08-31,VMC,MATERIALS,0.027342580169284023,"Ticker
VMC    0.186418
dtype: float64","Ticker
VMC    0.26907
dtype: float64"
2020-08-31,MLM,MATERIALS,0.01025280445231832,"Ticker
MLM    0.239425
dtype: float64","Ticker
MLM    0.277983
dtype: float64"
2020-09-30,NBIX,PHARMA,0.022987582993313372,"Ticker
NBIX    0.026498
dtype: float64","Ticker
NBIX    0.352501
dtype: float64"
2020-09-30,TECH,PHARMA,0.05545689543789522,"Ticker
TECH   -0.0363
dtype: float64","Ticker
TECH    0.37036
dtype: float64"
2020-09-30,SM,ENERGY,0.020227118398254,"Ticker
SM    0.563052
dtype: float64","Ticker
SM    0.676002
dtype: float64"
2020-09-30,EQT,ENERGY,0.054943375909824475,"Ticker
EQT    0.269255
dtype: float64","Ticker
EQT    0.467437
dtype: float64"
2020-09-30,BWXT,DEFENSE,0.002456932155886061,"Ticker
BWXT    0.260323
dtype: float64","Ticker
BWXT    0.294112
dtype: float64"
2020-09-30,MRCY,DEFENSE,0.005142721204227029,"Ticker
MRCY   -0.030587
dtype: float64","Ticker
MRCY    0.438757
dtype: float64"
2020-09-30,DKS,CONSUMER_DISCRETIONARY,0.02656847824141128,"Ticker
DKS    0.418027
dtype: float64","Ticker
DKS    0.445978
dtype: float64"
2020-09-30,RH,CONSUMER_DISCRETIONARY,0.09064128313377266,"Ticker
RH   -0.057877
dtype: float64","Ticker
RH    0.599531
dtype: float64"
2020-09-30,DECK,CONSUMER_DISCRETIONARY,0.03394861426046691,"Ticker
DECK    0.23937
dtype: float64","Ticker
DECK    0.426866
dtype: float64"
2020-09-30,COLM,CONSUMER_DISCRETIONARY,0.03749701321855109,"Ticker
COLM   -0.068556
dtype: float64","Ticker
COLM    0.326117
dtype: float64"
2020-09-30,HRL,CONSUMER_STAPLES,0.2266475936358022,"Ticker
HRL   -0.09012
dtype: float64","Ticker
HRL    0.222784
dtype: float64"
2020-09-30,SJM,CONSUMER_STAPLES,0.08319732941670203,"Ticker
SJM    0.028171
dtype: float64","Ticker
SJM    0.234754
dtype: float64"
2020-09-30,CLX,CONSUMER_STAPLES,0.06976247769458829,"Ticker
CLX   -0.089311
dtype: float64","Ticker
CLX    0.254725
dtype: float64"
2020-09-30,NEE,UTILITIES,0.029332634812766475,"Ticker
NEE    0.038251
dtype: float64","Ticker
NEE    0.272817
dtype: float64"
2020-09-30,SO,UTILITIES,0.24118994948653857,"Ticker
SO    0.161561
dtype: float64","Ticker
SO    0.189358
dtype: float64"
2020-10-31,NBIX,PHARMA,0.03269282074835495,"Ticker
NBIX    0.026498
dtype: float64","Ticker
NBIX    0.352501
dtype: float64"
2020-10-31,INSM,PHARMA,0.015058571011268193,"Ticker
INSM    0.358294
dtype: float64","Ticker
INSM    0.73158
dtype: float64"
2020-10-31,SM,ENERGY,0.003052014176775772,"Ticker
SM    0.563052
dtype: float64","Ticker
SM    0.676002
dtype: float64"
2020-10-31,TDG,DEFENSE,0.0068389728854185965,"Ticker
TDG    0.262196
dtype: float64","Ticker
TDG    0.287537
dtype: float64"
2020-10-31,MRCY,DEFENSE,0.024914112884293328,"Ticker
MRCY   -0.030587
dtype: float64","Ticker
MRCY    0.438757
dtype: float64"
2020-10-31,XYL,INDUSTRIALS,0.07039123654303477,"Ticker
XYL    0.135729
dtype: float64","Ticker
XYL    0.26118
dtype: float64"
2020-10-31,DKS,CONSUMER_DISCRETIONARY,0.015677784788207194,"Ticker
DKS    0.418027
dtype: float64","Ticker
DKS    0.445978
dtype: float64"
2020-10-31,RH,CONSUMER_DISCRETIONARY,0.052123689940930716,"Ticker
RH   -0.057877
dtype: float64","Ticker
RH    0.599531
dtype: float64"
2020-10-31,TPR,CONSUMER_DISCRETIONARY,0.0121470114633787,"Ticker
TPR    0.484475
dtype: float64","Ticker
TPR    0.412307
dtype: float64"
2020-10-31,HRL,CONSUMER_STAPLES,0.1829959961451746,"Ticker
HRL   -0.09012
dtype: float64","Ticker
HRL    0.222784
dtype: float64"
2020-10-31,SJM,CONSUMER_STAPLES,0.07622909553717315,"Ticker
SJM    0.028171
dtype: float64","Ticker
SJM    0.234754
dtype: float64"
2020-10-31,CLX,CONSUMER_STAPLES,0.081955096594142,"Ticker
CLX   -0.089311
dtype: float64","Ticker
CLX    0.254725
dtype: float64"
2020-10-31,KMB,CONSUMER_STAPLES,0.159626773154814,"Ticker
KMB    0.000848
dtype: float64","Ticker
KMB    0.18668
dtype: float64"
2020-10-31,SO,UTILITIES,0.15197953703582118,"Ticker
SO    0.161561
dtype: float64","Ticker
SO    0.189358
dtype: float64"
2020-10-31,AEP,UTILITIES,0.051709765031057925,"Ticker
AEP    0.106617
dtype: float64","Ticker
AEP    0.199842
dtype: float64"
2020-10-31,WEC,UTILITIES,0.053352312475798205,"Ticker
WEC    0.066018
dtype: float64","Ticker
WEC    0.197577
dtype: float64"
2020-10-31,CF,MATERIALS,0.00925520958435693,"Ticker
CF    0.229464
dtype: float64","Ticker
CF    0.374421
dtype: float64"
2020-11-30,NBIX,PHARMA,0.05113308630788839,"Ticker
NBIX    0.026498
dtype: float64","Ticker
NBIX    0.352501
dtype: float64"
2020-11-30,INSM,PHARMA,0.03076471634107278,"Ticker
INSM    0.358294
dtype: float64","Ticker
INSM    0.73158
dtype: float64"
2020-11-30,VRTX,PHARMA,0.001288607419209462,"Ticker
VRTX    0.075121
dtype: float64","Ticker
VRTX    0.301151
dtype: float64"
2020-11-30,TDG,DEFENSE,0.034406378984322965,"Ticker
TDG    0.262196
dtype: float64","Ticker
TDG    0.287537
dtype: float64"
2020-11-30,BWXT,DEFENSE,0.02202725807952935,"Ticker
BWXT    0.260323
dtype: float64","Ticker
BWXT    0.294112
dtype: float64"
2020-11-30,MRCY,DEFENSE,0.0092047796128764,"Ticker
MRCY   -0.030587
dtype: float64","Ticker
MRCY    0.438757
dtype: float64"
2020-11-30,AXON,DEFENSE,0.03517871145937001,"Ticker
AXON    0.570636
dtype: float64","Ticker
AXON    0.465215
dtype: float64"
2020-11-30,XYL,INDUSTRIALS,0.005587285229974185,"Ticker
XYL    0.135729
dtype: float64","Ticker
XYL    0.26118
dtype: float64"
2020-11-30,DKS,CONSUMER_DISCRETIONARY,0.03941597274684944,"Ticker
DKS    0.418027
dtype: float64","Ticker
DKS    0.445978
dtype: float64"
2020-11-30,RH,CONSUMER_DISCRETIONARY,0.027175631791187822,"Ticker
RH   -0.057877
dtype: float64","Ticker
RH    0.599531
dtype: float64"
2020-11-30,SKX,CONSUMER_DISCRETIONARY,0.010601715155052637,"Ticker
SKX    0.163586
dtype: float64","Ticker
SKX    0.398741
dtype: float64"
2020-11-30,HRL,CONSUMER_STAPLES,0.11658930271012541,"Ticker
HRL   -0.09012
dtype: float64","Ticker
HRL    0.222784
dtype: float64"
2020-11-30,SJM,CONSUMER_STAPLES,0.005173015892275489,"Ticker
SJM    0.028171
dtype: float64","Ticker
SJM    0.234754
dtype: float64"
2020-11-30,CHD,CONSUMER_STAPLES,0.047741175883033046,"Ticker
CHD    0.004708
dtype: float64","Ticker
CHD    0.200844
dtype: float64"
2020-11-30,CLX,CONSUMER_STAPLES,0.088094502852304,"Ticker
CLX   -0.089311
dtype: float64","Ticker
CLX    0.254725
dtype: float64"
2020-11-30,KMB,CONSUMER_STAPLES,0.14269123329636835,"Ticker
KMB    0.000848
dtype: float64","Ticker
KMB    0.18668
dtype: float64"
2020-11-30,GIS,CONSUMER_STAPLES,0.006797003512345112,"Ticker
GIS   -0.017836
dtype: float64","Ticker
GIS    0.204798
dtype: float64"
2020-11-30,PNC,FINANCIALS,0.05400310448343161,"Ticker
PNC    0.158364
dtype: float64","Ticker
PNC    0.287035
dtype: float64"
2020-11-30,SO,UTILITIES,0.12478941852863001,"Ticker
SO    0.161561
dtype: float64","Ticker
SO    0.189358
dtype: float64"
2020-11-30,AEP,UTILITIES,0.14643401769957043,"Ticker
AEP    0.106617
dtype: float64","Ticker
AEP    0.199842
dtype: float64"
2020-11-30,MOS,MATERIALS,0.0009030820145830372,"Ticker
MOS    0.149102
dtype: float64","Ticker
MOS    0.42673
dtype: float64"
2020-12-31,NBIX,PHARMA,0.05545520909001812,"Ticker
NBIX    0.026498
dtype: float64","Ticker
NBIX    0.352501
dtype: float64"
2020-12-31,INSM,PHARMA,0.014426097284831785,"Ticker
INSM    0.358294
dtype: float64","Ticker
INSM    0.73158
dtype: float64"
2020-12-31,VRTX,PHARMA,0.0007716866494915411,"Ticker
VRTX    0.075121
dtype: float64","Ticker
VRTX    0.301151
dtype: float64"
2020-12-31,CTRA,ENERGY,0.009387389061654181,"Ticker
CTRA    0.090614
dtype: float64","Ticker
CTRA    0.352706
dtype: float64"
2020-12-31,TDG,DEFENSE,0.008667296981660123,"Ticker
TDG    0.262196
dtype: float64","Ticker
TDG    0.287537
dtype: float64"
2020-12-31,BWXT,DEFENSE,0.040979447617510274,"Ticker
BWXT    0.260323
dtype: float64","Ticker
BWXT    0.294112
dtype: float64"
2020-12-31,AXON,DEFENSE,0.03481116139338492,"Ticker
AXON    0.570636
dtype: float64","Ticker
AXON    0.465215
dtype: float64"
2020-12-31,DKS,CONSUMER_DISCRETIONARY,0.04037412509704661,"Ticker
DKS    0.418027
dtype: float64","Ticker
DKS    0.445978
dtype: float64"
2020-12-31,RH,CONSUMER_DISCRETIONARY,0.022792996536089162,"Ticker
RH   -0.057877
dtype: float64","Ticker
RH    0.599531
dtype: float64"
2020-12-31,SKX,CONSUMER_DISCRETIONARY,0.016734119840148644,"Ticker
SKX    0.163586
dtype: float64","Ticker
SKX    0.398741
dtype: float64"
2020-12-31,HRL,CONSUMER_STAPLES,0.0905657232536423,"Ticker
HRL   -0.09012
dtype: float64","Ticker
HRL    0.222784
dtype: float64"
2020-12-31,SJM,CONSUMER_STAPLES,0.0068245908063813135,"Ticker
SJM    0.028171
dtype: float64","Ticker
SJM    0.234754
dtype: float64"
2020-12-31,CHD,CONSUMER_STAPLES,0.0802338527841524,"Ticker
CHD    0.004708
dtype: float64","Ticker
CHD    0.200844
dtype: float64"
2020-12-31,CLX,CONSUMER_STAPLES,0.10869325514743125,"Ticker
CLX   -0.089311
dtype: float64","Ticker
CLX    0.254725
dtype: float64"
2020-12-31,KMB,CONSUMER_STAPLES,0.1464175820707036,"Ticker
KMB    0.000848
dtype: float64","Ticker
KMB    0.18668
dtype: float64"
2020-12-31,PNC,FINANCIALS,0.0773887778472888,"Ticker
PNC    0.158364
dtype: float64","Ticker
PNC    0.287035
dtype: float64"
2020-12-31,SO,UTILITIES,0.17616330026451268,"Ticker
SO    0.161561
dtype: float64","Ticker
SO    0.189358
dtype: float64"
2020-12-31,AEP,UTILITIES,0.06349885002694643,"Ticker
AEP    0.106617
dtype: float64","Ticker
AEP    0.199842
dtype: float64"
2020-12-31,WEC,UTILITIES,0.005814538247105989,"Ticker
WEC    0.066018
dtype: float64","Ticker
WEC    0.197577
dtype: float64"
2021-01-31,KEYS,TECH,0.0032948891712296416,"Ticker
KEYS    0.097949
dtype: float64","Ticker
KEYS    0.30031
dtype: float64"
2021-01-31,NTNX,TECH,0.0046805007964191535,"Ticker
NTNX    0.26669
dtype: float64","Ticker
NTNX    0.503963
dtype: float64"
2021-01-31,NBIX,PHARMA,0.05171528050689742,"Ticker
NBIX    0.026498
dtype: float64","Ticker
NBIX    0.352501
dtype: float64"
2021-01-31,TECH,PHARMA,0.012184462377010229,"Ticker
TECH   -0.0363
dtype: float64","Ticker
TECH    0.37036
dtype: float64"
2021-01-31,INSM,PHARMA,0.005338758769626119,"Ticker
INSM    0.358294
dtype: float64","Ticker
INSM    0.73158
dtype: float64"
2021-01-31,VRTX,PHARMA,0.0029317032562330646,"Ticker
VRTX    0.075121
dtype: float64","Ticker
VRTX    0.301151
dtype: float64"
2021-01-31,CTRA,ENERGY,0.03819901524960725,"Ticker
CTRA    0.090614
dtype: float64","Ticker
CTRA    0.352706
dtype: float64"
2021-01-31,TDG,DEFENSE,0.07597012601366493,"Ticker
TDG    0.262196
dtype: float64","Ticker
TDG    0.287537
dtype: float64"
2021-01-31,DKS,CONSUMER_DISCRETIONARY,0.031566338701449405,"Ticker
DKS    0.418027
dtype: float64","Ticker
DKS    0.445978
dtype: float64"
2021-01-31,RH,CONSUMER_DISCRETIONARY,0.025562194445146173,"Ticker
RH   -0.057877
dtype: float64","Ticker
RH    0.599531
dtype: float64"
2021-01-31,SKX,CONSUMER_DISCRETIONARY,0.004882893235343171,"Ticker
SKX    0.163586
dtype: float64","Ticker
SKX    0.398741
dtype: float64"
2021-01-31,HRL,CONSUMER_STAPLES,0.0542920328598388,"Ticker
HRL   -0.09012
dtype: float64","Ticker
HRL    0.222784
dtype: float64"
2021-01-31,CHD,CONSUMER_STAPLES,0.10766209796625678,"Ticker
CHD    0.004708
dtype: float64","Ticker
CHD    0.200844
dtype: float64"
2021-01-31,CLX,CONSUMER_STAPLES,0.08910453392317487,"Ticker
CLX   -0.089311
dtype: float64","Ticker
CLX    0.254725
dtype: float64"
2021-01-31,KMB,CONSUMER_STAPLES,0.1341047655866585,"Ticker
KMB    0.000848
dtype: float64","Ticker
KMB    0.18668
dtype: float64"
2021-01-31,GIS,CONSUMER_STAPLES,0.04716787896874134,"Ticker
GIS   -0.017836
dtype: float64","Ticker
GIS    0.204798
dtype: float64"
2021-01-31,PNC,FINANCIALS,0.06274873830982534,"Ticker
PNC    0.158364
dtype: float64","Ticker
PNC    0.287035
dtype: float64"
2021-01-31,DUK,UTILITIES,0.013451735665189975,"Ticker
DUK    0.125995
dtype: float64","Ticker
DUK    0.185594
dtype: float64"
2021-01-31,SO,UTILITIES,0.07226143695198191,"Ticker
SO    0.161561
dtype: float64","Ticker
SO    0.189358
dtype: float64"
2021-01-31,AEP,UTILITIES,0.14433221648118458,"Ticker
AEP    0.106617
dtype: float64","Ticker
AEP    0.199842
dtype: float64"
2021-01-31,WEC,UTILITIES,0.013950469685122693,"Ticker
WEC    0.066018
dtype: float64","Ticker
WEC    0.197577
dtype: float64"
2021-01-31,NEM,MATERIALS,0.0045979310793987675,"Ticker
NEM    0.03605
dtype: float64","Ticker
NEM    0.345062
dtype: float64"
2021-02-28,CDNS,TECH,0.010183303525905055,"Ticker
CDNS    0.262662
dtype: float64","Ticker
CDNS    0.356003
dtype: float64"
2021-02-28,KEYS,TECH,0.0003860805727879368,"Ticker
KEYS    0.097949
dtype: float64","Ticker
KEYS    0.30031
dtype: float64"
2021-02-28,NTNX,TECH,0.0035643309389534936,"Ticker
NTNX    0.26669
dtype: float64","Ticker
NTNX    0.503963
dtype: float64"
2021-02-28,NBIX,PHARMA,0.04684859465020121,"Ticker
NBIX    0.026498
dtype: float64","Ticker
NBIX    0.352501
dtype: float64"
2021-02-28,VRTX,PHARMA,0.013777230976793084,"Ticker
VRTX    0.075121
dtype: float64","Ticker
VRTX    0.301151
dtype: float64"
2021-02-28,CTRA,ENERGY,0.03953894342991747,"Ticker
CTRA    0.090614
dtype: float64","Ticker
CTRA    0.352706
dtype: float64"
2021-02-28,TDG,DEFENSE,0.0390087037910214,"Ticker
TDG    0.262196
dtype: float64","Ticker
TDG    0.287537
dtype: float64"
2021-02-28,BWXT,DEFENSE,0.008427355488466973,"Ticker
BWXT    0.260323
dtype: float64","Ticker
BWXT    0.294112
dtype: float64"
2021-02-28,AXON,DEFENSE,0.011518061224418842,"Ticker
AXON    0.570636
dtype: float64","Ticker
AXON    0.465215
dtype: float64"
2021-02-28,ROK,INDUSTRIALS,0.009676664925503013,"Ticker
ROK    0.097973
dtype: float64","Ticker
ROK    0.311489
dtype: float64"
2021-02-28,XYL,INDUSTRIALS,0.009040568860393554,"Ticker
XYL    0.135729
dtype: float64","Ticker
XYL    0.26118
dtype: float64"
2021-02-28,DKS,CONSUMER_DISCRETIONARY,0.017921533709327173,"Ticker
DKS    0.418027
dtype: float64","Ticker
DKS    0.445978
dtype: float64"
2021-02-28,RH,CONSUMER_DISCRETIONARY,0.024112184384333078,"Ticker
RH   -0.057877
dtype: float64","Ticker
RH    0.599531
dtype: float64"
2021-02-28,SKX,CONSUMER_DISCRETIONARY,0.006557476397329344,"Ticker
SKX    0.163586
dtype: float64","Ticker
SKX    0.398741
dtype: float64"
2021-02-28,TPR,CONSUMER_DISCRETIONARY,0.021741805247296853,"Ticker
TPR    0.484475
dtype: float64","Ticker
TPR    0.412307
dtype: float64"
2021-02-28,HRL,CONSUMER_STAPLES,0.036904492630550116,"Ticker
HRL   -0.09012
dtype: float64","Ticker
HRL    0.222784
dtype: float64"
2021-02-28,CHD,CONSUMER_STAPLES,0.1256949320849121,"Ticker
CHD    0.004708
dtype: float64","Ticker
CHD    0.200844
dtype: float64"
2021-02-28,CLX,CONSUMER_STAPLES,0.10325509628425507,"Ticker
CLX   -0.089311
dtype: float64","Ticker
CLX    0.254725
dtype: float64"
2021-02-28,KMB,CONSUMER_STAPLES,0.14873912802088546,"Ticker
KMB    0.000848
dtype: float64","Ticker
KMB    0.18668
dtype: float64"
2021-02-28,GIS,CONSUMER_STAPLES,0.01536199523744954,"Ticker
GIS   -0.017836
dtype: float64","Ticker
GIS    0.204798
dtype: float64"
2021-02-28,PNC,FINANCIALS,0.07172278193783792,"Ticker
PNC    0.158364
dtype: float64","Ticker
PNC    0.287035
dtype: float64"
2021-02-28,DUK,UTILITIES,0.014707494491949165,"Ticker
DUK    0.125995
dtype: float64","Ticker
DUK    0.185594
dtype: float64"
2021-02-28,SO,UTILITIES,0.1039006525320827,"Ticker
SO    0.161561
dtype: float64","Ticker
SO    0.189358
dtype: float64"
2021-02-28,AEP,UTILITIES,0.07919380113015868,"Ticker
AEP    0.106617
dtype: float64","Ticker
AEP    0.199842
dtype: float64"
2021-02-28,WEC,UTILITIES,0.03821678752727076,"Ticker
WEC    0.066018
dtype: float64","Ticker
WEC    0.197577
dtype: float64"
2021-03-31,CDNS,TECH,0.03365912308167579,"Ticker
CDNS    0.262662
dtype: float64","Ticker
CDNS    0.356003
dtype: float64"
2021-03-31,KEYS,TECH,0.011599120188170012,"Ticker
KEYS    0.097949
dtype: float64","Ticker
KEYS    0.30031
dtype: float64"
2021-03-31,NTNX,TECH,0.008294923506129492,"Ticker
NTNX    0.26669
dtype: float64","Ticker
NTNX    0.503963
dtype: float64"
2021-03-31,NBIX,PHARMA,0.017420989613955558,"Ticker
NBIX    0.026498
dtype: float64","Ticker
NBIX    0.352501
dtype: float64"
2021-03-31,INSM,PHARMA,0.0016179230959453507,"Ticker
INSM    0.358294
dtype: float64","Ticker
INSM    0.73158
dtype: float64"
2021-03-31,HRMY,PHARMA,0.006176338651737071,"Ticker
HRMY   -0.000762
dtype: float64","Ticker
HRMY    0.536614
dtype: float64"
2021-03-31,VRTX,PHARMA,0.022864851822119437,"Ticker
VRTX    0.075121
dtype: float64","Ticker
VRTX    0.301151
dtype: float64"
2021-03-31,BIIB,PHARMA,0.004350510808320724,"Ticker
BIIB   -0.137279
dtype: float64","Ticker
BIIB    0.443025
dtype: float64"
2021-03-31,SM,ENERGY,0.0005605844544866773,"Ticker
SM    0.563052
dtype: float64","Ticker
SM    0.676002
dtype: float64"
2021-03-31,CTRA,ENERGY,0.026648161633672753,"Ticker
CTRA    0.090614
dtype: float64","Ticker
CTRA    0.352706
dtype: float64"
2021-03-31,TDG,DEFENSE,0.02414184964229732,"Ticker
TDG    0.262196
dtype: float64","Ticker
TDG    0.287537
dtype: float64"
2021-03-31,AXON,DEFENSE,0.02315135385338296,"Ticker
AXON    0.570636
dtype: float64","Ticker
AXON    0.465215
dtype: float64"
2021-03-31,ROK,INDUSTRIALS,0.01296141036955347,"Ticker
ROK    0.097973
dtype: float64","Ticker
ROK    0.311489
dtype: float64"
2021-03-31,XYL,INDUSTRIALS,0.003731254484791495,"Ticker
XYL    0.135729
dtype: float64","Ticker
XYL    0.26118
dtype: float64"
2021-03-31,RH,CONSUMER_DISCRETIONARY,0.010263527612001545,"Ticker
RH   -0.057877
dtype: float64","Ticker
RH    0.599531
dtype: float64"
2021-03-31,SKX,CONSUMER_DISCRETIONARY,0.0016585059477425685,"Ticker
SKX    0.163586
dtype: float64","Ticker
SKX    0.398741
dtype: float64"
2021-03-31,TPR,CONSUMER_DISCRETIONARY,0.03777101373942462,"Ticker
TPR    0.484475
dtype: float64","Ticker
TPR    0.412307
dtype: float64"
2021-03-31,HRL,CONSUMER_STAPLES,0.1000657657127183,"Ticker
HRL   -0.09012
dtype: float64","Ticker
HRL    0.222784
dtype: float64"
2021-03-31,CHD,CONSUMER_STAPLES,0.09283800667901179,"Ticker
CHD    0.004708
dtype: float64","Ticker
CHD    0.200844
dtype: float64"
2021-03-31,CLX,CONSUMER_STAPLES,0.0918917950924807,"Ticker
CLX   -0.089311
dtype: float64","Ticker
CLX    0.254725
dtype: float64"
2021-03-31,KMB,CONSUMER_STAPLES,0.1578543553894861,"Ticker
KMB    0.000848
dtype: float64","Ticker
KMB    0.18668
dtype: float64"
2021-03-31,PNC,FINANCIALS,0.08963860155948973,"Ticker
PNC    0.158364
dtype: float64","Ticker
PNC    0.287035
dtype: float64"
2021-03-31,DUK,UTILITIES,0.027333207132406636,"Ticker
DUK    0.125995
dtype: float64","Ticker
DUK    0.185594
dtype: float64"
2021-03-31,SO,UTILITIES,0.07838972854451878,"Ticker
SO    0.161561
dtype: float64","Ticker
SO    0.189358
dtype: float64"
2021-03-31,AEP,UTILITIES,0.11511709738448125,"Ticker
AEP    0.106617
dtype: float64","Ticker
AEP    0.199842
dtype: float64"
2021-04-30,CDNS,TECH,0.02164576057195095,"Ticker
CDNS    0.262662
dtype: float64","Ticker
CDNS    0.356003
dtype: float64"
2021-04-30,KEYS,TECH,0.02343588779178475,"Ticker
KEYS    0.097949
dtype: float64","Ticker
KEYS    0.30031
dtype: float64"
2021-04-30,NTNX,TECH,0.005906760288583267,"Ticker
NTNX    0.26669
dtype: float64","Ticker
NTNX    0.503963
dtype: float64"
2021-04-30,NBIX,PHARMA,0.013188997750777764,"Ticker
NBIX    0.026498
dtype: float64","Ticker
NBIX    0.352501
dtype: float64"
2021-04-30,HRMY,PHARMA,0.004628722127920589,"Ticker
HRMY   -0.000762
dtype: float64","Ticker
HRMY    0.536614
dtype: float64"
2021-04-30,VRTX,PHARMA,0.028361455087972987,"Ticker
VRTX    0.075121
dtype: float64","Ticker
VRTX    0.301151
dtype: float64"
2021-04-30,BIIB,PHARMA,0.011031885991099832,"Ticker
BIIB   -0.137279
dtype: float64","Ticker
BIIB    0.443025
dtype: float64"
2021-04-30,SM,ENERGY,0.0025740359364506814,"Ticker
SM    0.563052
dtype: float64","Ticker
SM    0.676002
dtype: float64"
2021-04-30,CTRA,ENERGY,0.03210265889894497,"Ticker
CTRA    0.090614
dtype: float64","Ticker
CTRA    0.352706
dtype: float64"
2021-04-30,TDG,DEFENSE,0.02090629291492896,"Ticker
TDG    0.262196
dtype: float64","Ticker
TDG    0.287537
dtype: float64"
2021-04-30,AXON,DEFENSE,0.028601606074651446,"Ticker
AXON    0.570636
dtype: float64","Ticker
AXON    0.465215
dtype: float64"
2021-04-30,ROK,INDUSTRIALS,0.01613242320747718,"Ticker
ROK    0.097973
dtype: float64","Ticker
ROK    0.311489
dtype: float64"
2021-04-30,XYL,INDUSTRIALS,0.0009001901063076675,"Ticker
XYL    0.135729
dtype: float64","Ticker
XYL    0.26118
dtype: float64"
2021-04-30,RH,CONSUMER_DISCRETIONARY,0.015435939455962049,"Ticker
RH   -0.057877
dtype: float64","Ticker
RH    0.599531
dtype: float64"
2021-04-30,SKX,CONSUMER_DISCRETIONARY,0.01221279815010608,"Ticker
SKX    0.163586
dtype: float64","Ticker
SKX    0.398741
dtype: float64"
2021-04-30,TPR,CONSUMER_DISCRETIONARY,0.03279679665099723,"Ticker
TPR    0.484475
dtype: float64","Ticker
TPR    0.412307
dtype: float64"
2021-04-30,HRL,CONSUMER_STAPLES,0.10532458148883884,"Ticker
HRL   -0.09012
dtype: float64","Ticker
HRL    0.222784
dtype: float64"
2021-04-30,CHD,CONSUMER_STAPLES,0.07713984641410807,"Ticker
CHD    0.004708
dtype: float64","Ticker
CHD    0.200844
dtype: float64"
2021-04-30,CLX,CONSUMER_STAPLES,0.09821461106417863,"Ticker
CLX   -0.089311
dtype: float64","Ticker
CLX    0.254725
dtype: float64"
2021-04-30,KMB,CONSUMER_STAPLES,0.12226631661156513,"Ticker
KMB    0.000848
dtype: float64","Ticker
KMB    0.18668
dtype: float64"
2021-04-30,PNC,FINANCIALS,0.09227305951911496,"Ticker
PNC    0.158364
dtype: float64","Ticker
PNC    0.287035
dtype: float64"
2021-04-30,DUK,UTILITIES,0.024023179028130434,"Ticker
DUK    0.125995
dtype: float64","Ticker
DUK    0.185594
dtype: float64"
2021-04-30,SO,UTILITIES,0.08315665910732667,"Ticker
SO    0.161561
dtype: float64","Ticker
SO    0.189358
dtype: float64"
2021-04-30,AEP,UTILITIES,0.12362943619069221,"Ticker
AEP    0.106617
dtype: float64","Ticker
AEP    0.199842
dtype: float64"
2021-04-30,WEC,UTILITIES,0.004110099570128772,"Ticker
WEC    0.066018
dtype: float64","Ticker
WEC    0.197577
dtype: float64"
2021-05-31,CDNS,TECH,0.04746857928885609,"Ticker
CDNS    0.262662
dtype: float64","Ticker
CDNS    0.356003
dtype: float64"
2021-05-31,VTRS,PHARMA,0.006821490549886093,"Ticker
VTRS   -0.048485
dtype: float64","Ticker
VTRS    0.341892
dtype: float64"
2021-05-31,NBIX,PHARMA,0.02481330362553212,"Ticker
NBIX    0.026498
dtype: float64","Ticker
NBIX    0.352501
dtype: float64"
2021-05-31,TECH,PHARMA,3.5945178964013594e-05,"Ticker
TECH   -0.0363
dtype: float64","Ticker
TECH    0.37036
dtype: float64"
2021-05-31,INSM,PHARMA,0.0071155983672334215,"Ticker
INSM    0.358294
dtype: float64","Ticker
INSM    0.73158
dtype: float64"
2021-05-31,HRMY,PHARMA,0.016713793407224526,"Ticker
HRMY   -0.000762
dtype: float64","Ticker
HRMY    0.536614
dtype: float64"
2021-05-31,VRTX,PHARMA,0.04236154162267486,"Ticker
VRTX    0.075121
dtype: float64","Ticker
VRTX    0.301151
dtype: float64"
2021-05-31,BIIB,PHARMA,0.004113996446530473,"Ticker
BIIB   -0.137279
dtype: float64","Ticker
BIIB    0.443025
dtype: float64"
2021-05-31,FANG,ENERGY,0.0020014418653255526,"Ticker
FANG    0.311581
dtype: float64","Ticker
FANG    0.460193
dtype: float64"
2021-05-31,SM,ENERGY,4.678252729927247e-05,"Ticker
SM    0.563052
dtype: float64","Ticker
SM    0.676002
dtype: float64"
2021-05-31,CTRA,ENERGY,0.03287094988355088,"Ticker
CTRA    0.090614
dtype: float64","Ticker
CTRA    0.352706
dtype: float64"
2021-05-31,TDG,DEFENSE,0.01234681263452314,"Ticker
TDG    0.262196
dtype: float64","Ticker
TDG    0.287537
dtype: float64"
2021-05-31,AXON,DEFENSE,0.0158950206012816,"Ticker
AXON    0.570636
dtype: float64","Ticker
AXON    0.465215
dtype: float64"
2021-05-31,ROK,INDUSTRIALS,0.024316118795000938,"Ticker
ROK    0.097973
dtype: float64","Ticker
ROK    0.311489
dtype: float64"
2021-05-31,CROX,CONSUMER_DISCRETIONARY,0.008325247068605907,"Ticker
CROX    0.158313
dtype: float64","Ticker
CROX    0.556687
dtype: float64"
2021-05-31,SKX,CONSUMER_DISCRETIONARY,0.008343489310790793,"Ticker
SKX    0.163586
dtype: float64","Ticker
SKX    0.398741
dtype: float64"
2021-05-31,TPR,CONSUMER_DISCRETIONARY,0.03140734019345969,"Ticker
TPR    0.484475
dtype: float64","Ticker
TPR    0.412307
dtype: float64"
2021-05-31,HRL,CONSUMER_STAPLES,0.04879448192248542,"Ticker
HRL   -0.09012
dtype: float64","Ticker
HRL    0.222784
dtype: float64"
2021-05-31,CPB,CONSUMER_STAPLES,0.051558762266285654,"Ticker
CPB   -0.060124
dtype: float64","Ticker
CPB    0.229926
dtype: float64"
2021-05-31,CHD,CONSUMER_STAPLES,0.09870565701738974,"Ticker
CHD    0.004708
dtype: float64","Ticker
CHD    0.200844
dtype: float64"
2021-05-31,CLX,CONSUMER_STAPLES,0.0999899396494677,"Ticker
CLX   -0.089311
dtype: float64","Ticker
CLX    0.254725
dtype: float64"
2021-05-31,KMB,CONSUMER_STAPLES,0.10794081608192148,"Ticker
KMB    0.000848
dtype: float64","Ticker
KMB    0.18668
dtype: float64"
2021-05-31,GIS,CONSUMER_STAPLES,0.00033998047602536077,"Ticker
GIS   -0.017836
dtype: float64","Ticker
GIS    0.204798
dtype: float64"
2021-05-31,PNC,FINANCIALS,0.09324158072592827,"Ticker
PNC    0.158364
dtype: float64","Ticker
PNC    0.287035
dtype: float64"
2021-05-31,SO,UTILITIES,0.050705187278569125,"Ticker
SO    0.161561
dtype: float64","Ticker
SO    0.189358
dtype: float64"
2021-05-31,AEP,UTILITIES,0.13237195605391036,"Ticker
AEP    0.106617
dtype: float64","Ticker
AEP    0.199842
dtype: float64"
2021-05-31,ED,UTILITIES,0.031354187161277566,"Ticker
ED    0.104254
dtype: float64","Ticker
ED    0.192212
dtype: float64"
2021-06-30,CDNS,TECH,0.0648400283441941,"Ticker
CDNS    0.262662
dtype: float64","Ticker
CDNS    0.356003
dtype: float64"
2021-06-30,VTRS,PHARMA,0.006478635996970116,"Ticker
VTRS   -0.048485
dtype: float64","Ticker
VTRS    0.341892
dtype: float64"
2021-06-30,NBIX,PHARMA,0.02588897891732071,"Ticker
NBIX    0.026498
dtype: float64","Ticker
NBIX    0.352501
dtype: float64"
2021-06-30,INSM,PHARMA,0.008498408018733408,"Ticker
INSM    0.358294
dtype: float64","Ticker
INSM    0.73158
dtype: float64"
2021-06-30,HRMY,PHARMA,0.017652316220679514,"Ticker
HRMY   -0.000762
dtype: float64","Ticker
HRMY    0.536614
dtype: float64"
2021-06-30,VRTX,PHARMA,0.06659216306699632,"Ticker
VRTX    0.075121
dtype: float64","Ticker
VRTX    0.301151
dtype: float64"
2021-06-30,BIIB,PHARMA,0.005809733961097052,"Ticker
BIIB   -0.137279
dtype: float64","Ticker
BIIB    0.443025
dtype: float64"
2021-06-30,FANG,ENERGY,0.0025244146730302452,"Ticker
FANG    0.311581
dtype: float64","Ticker
FANG    0.460193
dtype: float64"
2021-06-30,CTRA,ENERGY,0.025684825667305556,"Ticker
CTRA    0.090614
dtype: float64","Ticker
CTRA    0.352706
dtype: float64"
2021-06-30,TDG,DEFENSE,0.002286768409619999,"Ticker
TDG    0.262196
dtype: float64","Ticker
TDG    0.287537
dtype: float64"
2021-06-30,AXON,DEFENSE,0.012069120279259871,"Ticker
AXON    0.570636
dtype: float64","Ticker
AXON    0.465215
dtype: float64"
2021-06-30,ROK,INDUSTRIALS,0.05292553419113819,"Ticker
ROK    0.097973
dtype: float64","Ticker
ROK    0.311489
dtype: float64"
2021-06-30,CROX,CONSUMER_DISCRETIONARY,0.0018548801617621052,"Ticker
CROX    0.158313
dtype: float64","Ticker
CROX    0.556687
dtype: float64"
2021-06-30,SKX,CONSUMER_DISCRETIONARY,0.0009963039248170537,"Ticker
SKX    0.163586
dtype: float64","Ticker
SKX    0.398741
dtype: float64"
2021-06-30,TPR,CONSUMER_DISCRETIONARY,0.0435070066111951,"Ticker
TPR    0.484475
dtype: float64","Ticker
TPR    0.412307
dtype: float64"
2021-06-30,HRL,CONSUMER_STAPLES,0.06859317564914129,"Ticker
HRL   -0.09012
dtype: float64","Ticker
HRL    0.222784
dtype: float64"
2021-06-30,CPB,CONSUMER_STAPLES,0.06363364272398728,"Ticker
CPB   -0.060124
dtype: float64","Ticker
CPB    0.229926
dtype: float64"
2021-06-30,CHD,CONSUMER_STAPLES,0.06633864154856887,"Ticker
CHD    0.004708
dtype: float64","Ticker
CHD    0.200844
dtype: float64"
2021-06-30,CLX,CONSUMER_STAPLES,0.07792764956936703,"Ticker
CLX   -0.089311
dtype: float64","Ticker
CLX    0.254725
dtype: float64"
2021-06-30,KMB,CONSUMER_STAPLES,0.1259322202626608,"Ticker
KMB    0.000848
dtype: float64","Ticker
KMB    0.18668
dtype: float64"
2021-06-30,PNC,FINANCIALS,0.08361445749266011,"Ticker
PNC    0.158364
dtype: float64","Ticker
PNC    0.287035
dtype: float64"
2021-06-30,DUK,UTILITIES,0.04589938530480296,"Ticker
DUK    0.125995
dtype: float64","Ticker
DUK    0.185594
dtype: float64"
2021-06-30,AEP,UTILITIES,0.09512483979818413,"Ticker
AEP    0.106617
dtype: float64","Ticker
AEP    0.199842
dtype: float64"
2021-06-30,ED,UTILITIES,0.029897756019713676,"Ticker
ED    0.104254
dtype: float64","Ticker
ED    0.192212
dtype: float64"
2021-06-30,APD,MATERIALS,0.005429113186794574,"Ticker
APD    0.024946
dtype: float64","Ticker
APD    0.262719
dtype: float64"
2021-07-31,CDNS,TECH,0.09184208885003714,"Ticker
CDNS    0.262662
dtype: float64","Ticker
CDNS    0.356003
dtype: float64"
2021-07-31,HRMY,PHARMA,0.03096177298925237,"Ticker
HRMY   -0.000762
dtype: float64","Ticker
HRMY    0.536614
dtype: float64"
2021-07-31,VRTX,PHARMA,0.05575911503555129,"Ticker
VRTX    0.075121
dtype: float64","Ticker
VRTX    0.301151
dtype: float64"
2021-07-31,BIIB,PHARMA,0.02652965043092404,"Ticker
BIIB   -0.137279
dtype: float64","Ticker
BIIB    0.443025
dtype: float64"
2021-07-31,FANG,ENERGY,0.008719416109092349,"Ticker
FANG    0.311581
dtype: float64","Ticker
FANG    0.460193
dtype: float64"
2021-07-31,OXY,ENERGY,0.002282422233975339,"Ticker
OXY    0.276342
dtype: float64","Ticker
OXY    0.469472
dtype: float64"
2021-07-31,SM,ENERGY,0.003300189949773562,"Ticker
SM    0.563052
dtype: float64","Ticker
SM    0.676002
dtype: float64"
2021-07-31,CTRA,ENERGY,0.031793139922506826,"Ticker
CTRA    0.090614
dtype: float64","Ticker
CTRA    0.352706
dtype: float64"
2021-07-31,TDG,DEFENSE,0.0009370724049300541,"Ticker
TDG    0.262196
dtype: float64","Ticker
TDG    0.287537
dtype: float64"
2021-07-31,ROK,INDUSTRIALS,0.06931748381532597,"Ticker
ROK    0.097973
dtype: float64","Ticker
ROK    0.311489
dtype: float64"
2021-07-31,CROX,CONSUMER_DISCRETIONARY,0.009796167639594006,"Ticker
CROX    0.158313
dtype: float64","Ticker
CROX    0.556687
dtype: float64"
2021-07-31,TPR,CONSUMER_DISCRETIONARY,0.06670064805361715,"Ticker
TPR    0.484475
dtype: float64","Ticker
TPR    0.412307
dtype: float64"
2021-07-31,MKC,CONSUMER_STAPLES,0.00867048233852523,"Ticker
MKC   -0.053936
dtype: float64","Ticker
MKC    0.227252
dtype: float64"
2021-07-31,HRL,CONSUMER_STAPLES,0.08804471235925707,"Ticker
HRL   -0.09012
dtype: float64","Ticker
HRL    0.222784
dtype: float64"
2021-07-31,CPB,CONSUMER_STAPLES,0.08298336035471059,"Ticker
CPB   -0.060124
dtype: float64","Ticker
CPB    0.229926
dtype: float64"
2021-07-31,CHD,CONSUMER_STAPLES,0.08909229718966144,"Ticker
CHD    0.004708
dtype: float64","Ticker
CHD    0.200844
dtype: float64"
2021-07-31,CLX,CONSUMER_STAPLES,0.069191811884032,"Ticker
CLX   -0.089311
dtype: float64","Ticker
CLX    0.254725
dtype: float64"
2021-07-31,KMB,CONSUMER_STAPLES,0.07451831266256612,"Ticker
KMB    0.000848
dtype: float64","Ticker
KMB    0.18668
dtype: float64"
2021-07-31,PNC,FINANCIALS,0.010333819608437184,"Ticker
PNC    0.158364
dtype: float64","Ticker
PNC    0.287035
dtype: float64"
2021-07-31,RJF,FINANCIALS,0.01028869806971813,"Ticker
RJF    0.286353
dtype: float64","Ticker
RJF    0.285538
dtype: float64"
2021-07-31,DUK,UTILITIES,0.02864887973799855,"Ticker
DUK    0.125995
dtype: float64","Ticker
DUK    0.185594
dtype: float64"
2021-07-31,AEP,UTILITIES,0.07489980068134162,"Ticker
AEP    0.106617
dtype: float64","Ticker
AEP    0.199842
dtype: float64"
2021-07-31,ED,UTILITIES,0.06243857018461445,"Ticker
ED    0.104254
dtype: float64","Ticker
ED    0.192212
dtype: float64"
2021-07-31,APD,MATERIALS,0.0029500874945576306,"Ticker
APD    0.024946
dtype: float64","Ticker
APD    0.262719
dtype: float64"
2021-08-31,CDNS,TECH,0.08001365436715223,"Ticker
CDNS    0.262662
dtype: float64","Ticker
CDNS    0.356003
dtype: float64"
2021-08-31,VTRS,PHARMA,0.005179295878255798,"Ticker
VTRS   -0.048485
dtype: float64","Ticker
VTRS    0.341892
dtype: float64"
2021-08-31,TECH,PHARMA,0.00036361841370166864,"Ticker
TECH   -0.0363
dtype: float64","Ticker
TECH    0.37036
dtype: float64"
2021-08-31,HRMY,PHARMA,0.02531967315453828,"Ticker
HRMY   -0.000762
dtype: float64","Ticker
HRMY    0.536614
dtype: float64"
2021-08-31,VRTX,PHARMA,0.062044002366916595,"Ticker
VRTX    0.075121
dtype: float64","Ticker
VRTX    0.301151
dtype: float64"
2021-08-31,BIIB,PHARMA,0.0250585523145543,"Ticker
BIIB   -0.137279
dtype: float64","Ticker
BIIB    0.443025
dtype: float64"
2021-08-31,FANG,ENERGY,0.005337727493293612,"Ticker
FANG    0.311581
dtype: float64","Ticker
FANG    0.460193
dtype: float64"
2021-08-31,OXY,ENERGY,0.019027304714710282,"Ticker
OXY    0.276342
dtype: float64","Ticker
OXY    0.469472
dtype: float64"
2021-08-31,CTRA,ENERGY,0.01205678201006126,"Ticker
CTRA    0.090614
dtype: float64","Ticker
CTRA    0.352706
dtype: float64"
2021-08-31,TDG,DEFENSE,0.0010959846504158231,"Ticker
TDG    0.262196
dtype: float64","Ticker
TDG    0.287537
dtype: float64"
2021-08-31,ROK,INDUSTRIALS,0.0630860459633572,"Ticker
ROK    0.097973
dtype: float64","Ticker
ROK    0.311489
dtype: float64"
2021-08-31,CROX,CONSUMER_DISCRETIONARY,0.014346564439841294,"Ticker
CROX    0.158313
dtype: float64","Ticker
CROX    0.556687
dtype: float64"
2021-08-31,TPR,CONSUMER_DISCRETIONARY,0.05827507331197394,"Ticker
TPR    0.484475
dtype: float64","Ticker
TPR    0.412307
dtype: float64"
2021-08-31,MKC,CONSUMER_STAPLES,0.019981948758584677,"Ticker
MKC   -0.053936
dtype: float64","Ticker
MKC    0.227252
dtype: float64"
2021-08-31,HRL,CONSUMER_STAPLES,0.06676261362286127,"Ticker
HRL   -0.09012
dtype: float64","Ticker
HRL    0.222784
dtype: float64"
2021-08-31,CPB,CONSUMER_STAPLES,0.06334886358605883,"Ticker
CPB   -0.060124
dtype: float64","Ticker
CPB    0.229926
dtype: float64"
2021-08-31,CHD,CONSUMER_STAPLES,0.030431864838874848,"Ticker
CHD    0.004708
dtype: float64","Ticker
CHD    0.200844
dtype: float64"
2021-08-31,CLX,CONSUMER_STAPLES,0.0811261266032282,"Ticker
CLX   -0.089311
dtype: float64","Ticker
CLX    0.254725
dtype: float64"
2021-08-31,KMB,CONSUMER_STAPLES,0.11106993528220555,"Ticker
KMB    0.000848
dtype: float64","Ticker
KMB    0.18668
dtype: float64"
2021-08-31,PNC,FINANCIALS,0.007225954658113165,"Ticker
PNC    0.158364
dtype: float64","Ticker
PNC    0.287035
dtype: float64"
2021-08-31,RJF,FINANCIALS,0.022827151339993954,"Ticker
RJF    0.286353
dtype: float64","Ticker
RJF    0.285538
dtype: float64"
2021-08-31,DUK,UTILITIES,0.06392835066066205,"Ticker
DUK    0.125995
dtype: float64","Ticker
DUK    0.185594
dtype: float64"
2021-08-31,AEP,UTILITIES,0.08101740123039206,"Ticker
AEP    0.106617
dtype: float64","Ticker
AEP    0.199842
dtype: float64"
2021-08-31,ED,UTILITIES,0.07267500950061216,"Ticker
ED    0.104254
dtype: float64","Ticker
ED    0.192212
dtype: float64"
2021-08-31,APD,MATERIALS,0.0023320338202171475,"Ticker
APD    0.024946
dtype: float64","Ticker
APD    0.262719
dtype: float64"
2021-08-31,ALB,MATERIALS,0.004579652483842329,"Ticker
ALB   -0.01055
dtype: float64","Ticker
ALB    0.527728
dtype: float64"
2021-08-31,VMC,MATERIALS,0.0014888145355813317,"Ticker
VMC    0.186418
dtype: float64","Ticker
VMC    0.26907
dtype: float64"
2021-09-30,CDNS,TECH,0.05355113249599925,"Ticker
CDNS    0.262662
dtype: float64","Ticker
CDNS    0.356003
dtype: float64"
2021-09-30,BMRN,PHARMA,0.013783775678059579,"Ticker
BMRN   -0.136475
dtype: float64","Ticker
BMRN    0.355326
dtype: float64"
2021-09-30,TECH,PHARMA,0.0167428871535652,"Ticker
TECH   -0.0363
dtype: float64","Ticker
TECH    0.37036
dtype: float64"
2021-09-30,HRMY,PHARMA,0.030958634084208448,"Ticker
HRMY   -0.000762
dtype: float64","Ticker
HRMY    0.536614
dtype: float64"
2021-09-30,VRTX,PHARMA,0.07230311853832105,"Ticker
VRTX    0.075121
dtype: float64","Ticker
VRTX    0.301151
dtype: float64"
2021-09-30,BIIB,PHARMA,0.021368942509276,"Ticker
BIIB   -0.137279
dtype: float64","Ticker
BIIB    0.443025
dtype: float64"
2021-09-30,FANG,ENERGY,0.013213844053883518,"Ticker
FANG    0.311581
dtype: float64","Ticker
FANG    0.460193
dtype: float64"
2021-09-30,OXY,ENERGY,0.008469390174594726,"Ticker
OXY    0.276342
dtype: float64","Ticker
OXY    0.469472
dtype: float64"
2021-09-30,TDG,DEFENSE,0.014446375688747955,"Ticker
TDG    0.262196
dtype: float64","Ticker
TDG    0.287537
dtype: float64"
2021-09-30,AXON,DEFENSE,0.013520800150909333,"Ticker
AXON    0.570636
dtype: float64","Ticker
AXON    0.465215
dtype: float64"
2021-09-30,ROK,INDUSTRIALS,0.02773992614362803,"Ticker
ROK    0.097973
dtype: float64","Ticker
ROK    0.311489
dtype: float64"
2021-09-30,DECK,CONSUMER_DISCRETIONARY,0.02145378600112662,"Ticker
DECK    0.23937
dtype: float64","Ticker
DECK    0.426866
dtype: float64"
2021-09-30,TPR,CONSUMER_DISCRETIONARY,0.02840861802721609,"Ticker
TPR    0.484475
dtype: float64","Ticker
TPR    0.412307
dtype: float64"
2021-09-30,HRL,CONSUMER_STAPLES,0.09178040222643812,"Ticker
HRL   -0.09012
dtype: float64","Ticker
HRL    0.222784
dtype: float64"
2021-09-30,CPB,CONSUMER_STAPLES,0.023769677987579917,"Ticker
CPB   -0.060124
dtype: float64","Ticker
CPB    0.229926
dtype: float64"
2021-09-30,SJM,CONSUMER_STAPLES,0.00650075038165036,"Ticker
SJM    0.028171
dtype: float64","Ticker
SJM    0.234754
dtype: float64"
2021-09-30,CHD,CONSUMER_STAPLES,0.022752320307944655,"Ticker
CHD    0.004708
dtype: float64","Ticker
CHD    0.200844
dtype: float64"
2021-09-30,CLX,CONSUMER_STAPLES,0.09097475024648335,"Ticker
CLX   -0.089311
dtype: float64","Ticker
CLX    0.254725
dtype: float64"
2021-09-30,KMB,CONSUMER_STAPLES,0.09765484892898744,"Ticker
KMB    0.000848
dtype: float64","Ticker
KMB    0.18668
dtype: float64"
2021-09-30,PNC,FINANCIALS,0.046622241162069214,"Ticker
PNC    0.158364
dtype: float64","Ticker
PNC    0.287035
dtype: float64"
2021-09-30,DUK,UTILITIES,0.012688320645261767,"Ticker
DUK    0.125995
dtype: float64","Ticker
DUK    0.185594
dtype: float64"
2021-09-30,AEP,UTILITIES,0.033541961795355534,"Ticker
AEP    0.106617
dtype: float64","Ticker
AEP    0.199842
dtype: float64"
2021-09-30,ED,UTILITIES,0.15020049628239437,"Ticker
ED    0.104254
dtype: float64","Ticker
ED    0.192212
dtype: float64"
2021-09-30,APD,MATERIALS,0.0582120753966164,"Ticker
APD    0.024946
dtype: float64","Ticker
APD    0.262719
dtype: float64"
2021-09-30,ALB,MATERIALS,0.004262640799306871,"Ticker
ALB   -0.01055
dtype: float64","Ticker
ALB    0.527728
dtype: float64"
2021-09-30,VMC,MATERIALS,0.02507828314037619,"Ticker
VMC    0.186418
dtype: float64","Ticker
VMC    0.26907
dtype: float64"
2021-10-31,KEYS,TECH,0.10245861155900028,"Ticker
KEYS    0.097949
dtype: float64","Ticker
KEYS    0.30031
dtype: float64"
2021-10-31,NBIX,PHARMA,0.01885879137910722,"Ticker
NBIX    0.026498
dtype: float64","Ticker
NBIX    0.352501
dtype: float64"
2021-10-31,TECH,PHARMA,0.0058818923497045,"Ticker
TECH   -0.0363
dtype: float64","Ticker
TECH    0.37036
dtype: float64"
2021-10-31,HRMY,PHARMA,0.02257241247949526,"Ticker
HRMY   -0.000762
dtype: float64","Ticker
HRMY    0.536614
dtype: float64"
2021-10-31,VRTX,PHARMA,0.05328455250978196,"Ticker
VRTX    0.075121
dtype: float64","Ticker
VRTX    0.301151
dtype: float64"
2021-10-31,BIIB,PHARMA,0.0077164809406581126,"Ticker
BIIB   -0.137279
dtype: float64","Ticker
BIIB    0.443025
dtype: float64"
2021-10-31,FANG,ENERGY,0.012906822085016737,"Ticker
FANG    0.311581
dtype: float64","Ticker
FANG    0.460193
dtype: float64"
2021-10-31,OXY,ENERGY,0.033735777804809776,"Ticker
OXY    0.276342
dtype: float64","Ticker
OXY    0.469472
dtype: float64"
2021-10-31,AXON,DEFENSE,0.03616372672267419,"Ticker
AXON    0.570636
dtype: float64","Ticker
AXON    0.465215
dtype: float64"
2021-10-31,ROK,INDUSTRIALS,0.0009595648145842842,"Ticker
ROK    0.097973
dtype: float64","Ticker
ROK    0.311489
dtype: float64"
2021-10-31,DECK,CONSUMER_DISCRETIONARY,0.008907015631918737,"Ticker
DECK    0.23937
dtype: float64","Ticker
DECK    0.426866
dtype: float64"
2021-10-31,TPR,CONSUMER_DISCRETIONARY,0.02945234053099981,"Ticker
TPR    0.484475
dtype: float64","Ticker
TPR    0.412307
dtype: float64"
2021-10-31,MKC,CONSUMER_STAPLES,0.029888038048516613,"Ticker
MKC   -0.053936
dtype: float64","Ticker
MKC    0.227252
dtype: float64"
2021-10-31,HRL,CONSUMER_STAPLES,0.13911473531377336,"Ticker
HRL   -0.09012
dtype: float64","Ticker
HRL    0.222784
dtype: float64"
2021-10-31,SJM,CONSUMER_STAPLES,0.036875651013990644,"Ticker
SJM    0.028171
dtype: float64","Ticker
SJM    0.234754
dtype: float64"
2021-10-31,CHD,CONSUMER_STAPLES,0.04417434167454274,"Ticker
CHD    0.004708
dtype: float64","Ticker
CHD    0.200844
dtype: float64"
2021-10-31,CLX,CONSUMER_STAPLES,0.06480971898056324,"Ticker
CLX   -0.089311
dtype: float64","Ticker
CLX    0.254725
dtype: float64"
2021-10-31,KMB,CONSUMER_STAPLES,0.08962627152434358,"Ticker
KMB    0.000848
dtype: float64","Ticker
KMB    0.18668
dtype: float64"
2021-10-31,PNC,FINANCIALS,0.00039075877428401814,"Ticker
PNC    0.158364
dtype: float64","Ticker
PNC    0.287035
dtype: float64"
2021-10-31,DUK,UTILITIES,0.018291465050050658,"Ticker
DUK    0.125995
dtype: float64","Ticker
DUK    0.185594
dtype: float64"
2021-10-31,SO,UTILITIES,0.0760635195273155,"Ticker
SO    0.161561
dtype: float64","Ticker
SO    0.189358
dtype: float64"
2021-10-31,AEP,UTILITIES,0.0388577041387167,"Ticker
AEP    0.106617
dtype: float64","Ticker
AEP    0.199842
dtype: float64"
2021-10-31,ED,UTILITIES,0.0781881989472727,"Ticker
ED    0.104254
dtype: float64","Ticker
ED    0.192212
dtype: float64"
2021-10-31,APD,MATERIALS,0.008679576191918354,"Ticker
APD    0.024946
dtype: float64","Ticker
APD    0.262719
dtype: float64"
2021-10-31,ALB,MATERIALS,0.00016061636353779875,"Ticker
ALB   -0.01055
dtype: float64","Ticker
ALB    0.527728
dtype: float64"
2021-10-31,CF,MATERIALS,0.0036372768461302067,"Ticker
CF    0.229464
dtype: float64","Ticker
CF    0.374421
dtype: float64"
2021-10-31,NEM,MATERIALS,0.0223327846657034,"Ticker
NEM    0.03605
dtype: float64","Ticker
NEM    0.345062
dtype: float64"
2021-10-31,VMC,MATERIALS,0.00783091282005174,"Ticker
VMC    0.186418
dtype: float64","Ticker
VMC    0.26907
dtype: float64"
2021-10-31,MLM,MATERIALS,0.008180441311538103,"Ticker
MLM    0.239425
dtype: float64","Ticker
MLM    0.277983
dtype: float64"
2021-11-30,KEYS,TECH,0.05029967310309708,"Ticker
KEYS    0.097949
dtype: float64","Ticker
KEYS    0.30031
dtype: float64"
2021-11-30,FTNT,TECH,0.009427882882389244,"Ticker
FTNT    0.251993
dtype: float64","Ticker
FTNT    0.431959
dtype: float64"
2021-11-30,BMRN,PHARMA,0.00427179926228319,"Ticker
BMRN   -0.136475
dtype: float64","Ticker
BMRN    0.355326
dtype: float64"
2021-11-30,NBIX,PHARMA,0.031096273776040684,"Ticker
NBIX    0.026498
dtype: float64","Ticker
NBIX    0.352501
dtype: float64"
2021-11-30,TECH,PHARMA,0.04414277372064497,"Ticker
TECH   -0.0363
dtype: float64","Ticker
TECH    0.37036
dtype: float64"
2021-11-30,INSM,PHARMA,0.007705366653510228,"Ticker
INSM    0.358294
dtype: float64","Ticker
INSM    0.73158
dtype: float64"
2021-11-30,HRMY,PHARMA,0.013166619174298564,"Ticker
HRMY   -0.000762
dtype: float64","Ticker
HRMY    0.536614
dtype: float64"
2021-11-30,VRTX,PHARMA,0.051856523907736464,"Ticker
VRTX    0.075121
dtype: float64","Ticker
VRTX    0.301151
dtype: float64"
2021-11-30,BIIB,PHARMA,0.00936948952436422,"Ticker
BIIB   -0.137279
dtype: float64","Ticker
BIIB    0.443025
dtype: float64"
2021-11-30,FANG,ENERGY,0.009233971666825783,"Ticker
FANG    0.311581
dtype: float64","Ticker
FANG    0.460193
dtype: float64"
2021-11-30,OXY,ENERGY,0.017371804268878917,"Ticker
OXY    0.276342
dtype: float64","Ticker
OXY    0.469472
dtype: float64"
2021-11-30,TDG,DEFENSE,0.013067410358437398,"Ticker
TDG    0.262196
dtype: float64","Ticker
TDG    0.287537
dtype: float64"
2021-11-30,AXON,DEFENSE,0.02012907035723335,"Ticker
AXON    0.570636
dtype: float64","Ticker
AXON    0.465215
dtype: float64"
2021-11-30,ROK,INDUSTRIALS,0.03953818151321105,"Ticker
ROK    0.097973
dtype: float64","Ticker
ROK    0.311489
dtype: float64"
2021-11-30,BC,CONSUMER_DISCRETIONARY,0.023682442976411297,"Ticker
BC    0.010944
dtype: float64","Ticker
BC    0.379946
dtype: float64"
2021-11-30,DECK,CONSUMER_DISCRETIONARY,0.015062128094458288,"Ticker
DECK    0.23937
dtype: float64","Ticker
DECK    0.426866
dtype: float64"
2021-11-30,MKC,CONSUMER_STAPLES,0.08634280962650229,"Ticker
MKC   -0.053936
dtype: float64","Ticker
MKC    0.227252
dtype: float64"
2021-11-30,HRL,CONSUMER_STAPLES,0.10867492449244065,"Ticker
HRL   -0.09012
dtype: float64","Ticker
HRL    0.222784
dtype: float64"
2021-11-30,CHD,CONSUMER_STAPLES,0.0073632878727770655,"Ticker
CHD    0.004708
dtype: float64","Ticker
CHD    0.200844
dtype: float64"
2021-11-30,CLX,CONSUMER_STAPLES,0.09778994624352982,"Ticker
CLX   -0.089311
dtype: float64","Ticker
CLX    0.254725
dtype: float64"
2021-11-30,KMB,CONSUMER_STAPLES,0.07630320857132941,"Ticker
KMB    0.000848
dtype: float64","Ticker
KMB    0.18668
dtype: float64"
2021-11-30,PNC,FINANCIALS,0.013175176444236351,"Ticker
PNC    0.158364
dtype: float64","Ticker
PNC    0.287035
dtype: float64"
2021-11-30,SO,UTILITIES,0.06707071049064973,"Ticker
SO    0.161561
dtype: float64","Ticker
SO    0.189358
dtype: float64"
2021-11-30,AEP,UTILITIES,0.030178149063234596,"Ticker
AEP    0.106617
dtype: float64","Ticker
AEP    0.199842
dtype: float64"
2021-11-30,ED,UTILITIES,0.04847727984385762,"Ticker
ED    0.104254
dtype: float64","Ticker
ED    0.192212
dtype: float64"
2021-11-30,APD,MATERIALS,0.04903904637711903,"Ticker
APD    0.024946
dtype: float64","Ticker
APD    0.262719
dtype: float64"
2021-11-30,CF,MATERIALS,0.016922870961015364,"Ticker
CF    0.229464
dtype: float64","Ticker
CF    0.374421
dtype: float64"
2021-11-30,NEM,MATERIALS,0.03924117877348738,"Ticker
NEM    0.03605
dtype: float64","Ticker
NEM    0.345062
dtype: float64"
2021-12-31,MPWR,TECH,0.03872860028363641,"Ticker
MPWR    0.250549
dtype: float64","Ticker
MPWR    0.531304
dtype: float64"
2021-12-31,KEYS,TECH,0.028691873146255206,"Ticker
KEYS    0.097949
dtype: float64","Ticker
KEYS    0.30031
dtype: float64"
2021-12-31,BMRN,PHARMA,0.0011263586736261224,"Ticker
BMRN   -0.136475
dtype: float64","Ticker
BMRN    0.355326
dtype: float64"
2021-12-31,VTRS,PHARMA,0.0022554004528274334,"Ticker
VTRS   -0.048485
dtype: float64","Ticker
VTRS    0.341892
dtype: float64"
2021-12-31,NBIX,PHARMA,0.08162061427487814,"Ticker
NBIX    0.026498
dtype: float64","Ticker
NBIX    0.352501
dtype: float64"
2021-12-31,TECH,PHARMA,0.011941996400654197,"Ticker
TECH   -0.0363
dtype: float64","Ticker
TECH    0.37036
dtype: float64"
2021-12-31,INSM,PHARMA,0.009479541733151655,"Ticker
INSM    0.358294
dtype: float64","Ticker
INSM    0.73158
dtype: float64"
2021-12-31,REGN,PHARMA,0.03636318875188709,"Ticker
REGN   -0.012848
dtype: float64","Ticker
REGN    0.300165
dtype: float64"
2021-12-31,VRTX,PHARMA,0.04926865324574156,"Ticker
VRTX    0.075121
dtype: float64","Ticker
VRTX    0.301151
dtype: float64"
2021-12-31,BIIB,PHARMA,0.0012914853197680417,"Ticker
BIIB   -0.137279
dtype: float64","Ticker
BIIB    0.443025
dtype: float64"
2021-12-31,OXY,ENERGY,0.00763291440860114,"Ticker
OXY    0.276342
dtype: float64","Ticker
OXY    0.469472
dtype: float64"
2021-12-31,AXON,DEFENSE,0.021581454445084566,"Ticker
AXON    0.570636
dtype: float64","Ticker
AXON    0.465215
dtype: float64"
2021-12-31,AVAV,DEFENSE,0.0191151929391012,"Ticker
AVAV    0.247544
dtype: float64","Ticker
AVAV    0.524691
dtype: float64"
2021-12-31,ROK,INDUSTRIALS,0.030255504265877663,"Ticker
ROK    0.097973
dtype: float64","Ticker
ROK    0.311489
dtype: float64"
2021-12-31,CROX,CONSUMER_DISCRETIONARY,0.007323410598240251,"Ticker
CROX    0.158313
dtype: float64","Ticker
CROX    0.556687
dtype: float64"
2021-12-31,DKS,CONSUMER_DISCRETIONARY,0.007846624555751063,"Ticker
DKS    0.418027
dtype: float64","Ticker
DKS    0.445978
dtype: float64"
2021-12-31,RH,CONSUMER_DISCRETIONARY,0.016922303759571114,"Ticker
RH   -0.057877
dtype: float64","Ticker
RH    0.599531
dtype: float64"
2021-12-31,DECK,CONSUMER_DISCRETIONARY,0.01068734015318127,"Ticker
DECK    0.23937
dtype: float64","Ticker
DECK    0.426866
dtype: float64"
2021-12-31,MKC,CONSUMER_STAPLES,0.032506424382984754,"Ticker
MKC   -0.053936
dtype: float64","Ticker
MKC    0.227252
dtype: float64"
2021-12-31,HRL,CONSUMER_STAPLES,0.06223370074289133,"Ticker
HRL   -0.09012
dtype: float64","Ticker
HRL    0.222784
dtype: float64"
2021-12-31,CAG,CONSUMER_STAPLES,0.025891020030523633,"Ticker
CAG   -0.090587
dtype: float64","Ticker
CAG    0.221318
dtype: float64"
2021-12-31,SJM,CONSUMER_STAPLES,0.005352703404572366,"Ticker
SJM    0.028171
dtype: float64","Ticker
SJM    0.234754
dtype: float64"
2021-12-31,CHD,CONSUMER_STAPLES,0.0008500455322755051,"Ticker
CHD    0.004708
dtype: float64","Ticker
CHD    0.200844
dtype: float64"
2021-12-31,CLX,CONSUMER_STAPLES,0.09294090113446121,"Ticker
CLX   -0.089311
dtype: float64","Ticker
CLX    0.254725
dtype: float64"
2021-12-31,KMB,CONSUMER_STAPLES,0.11730512804434698,"Ticker
KMB    0.000848
dtype: float64","Ticker
KMB    0.18668
dtype: float64"
2021-12-31,PNC,FINANCIALS,0.01720462346478748,"Ticker
PNC    0.158364
dtype: float64","Ticker
PNC    0.287035
dtype: float64"
2021-12-31,DUK,UTILITIES,0.022624555104580047,"Ticker
DUK    0.125995
dtype: float64","Ticker
DUK    0.185594
dtype: float64"
2021-12-31,SO,UTILITIES,0.04156452111640368,"Ticker
SO    0.161561
dtype: float64","Ticker
SO    0.189358
dtype: float64"
2021-12-31,ED,UTILITIES,0.061036054471432954,"Ticker
ED    0.104254
dtype: float64","Ticker
ED    0.192212
dtype: float64"
2021-12-31,APD,MATERIALS,0.05423649670102002,"Ticker
APD    0.024946
dtype: float64","Ticker
APD    0.262719
dtype: float64"
2021-12-31,CF,MATERIALS,0.02377817792072447,"Ticker
CF    0.229464
dtype: float64","Ticker
CF    0.374421
dtype: float64"
2021-12-31,NEM,MATERIALS,0.06034319054116146,"Ticker
NEM    0.03605
dtype: float64","Ticker
NEM    0.345062
dtype: float64"
2022-01-31,MPWR,TECH,0.01994631333267642,"Ticker
MPWR    0.250549
dtype: float64","Ticker
MPWR    0.531304
dtype: float64"
2022-01-31,KEYS,TECH,0.030846784186722983,"Ticker
KEYS    0.097949
dtype: float64","Ticker
KEYS    0.30031
dtype: float64"
2022-01-31,VTRS,PHARMA,0.001321473516946256,"Ticker
VTRS   -0.048485
dtype: float64","Ticker
VTRS    0.341892
dtype: float64"
2022-01-31,NBIX,PHARMA,0.053130253709391874,"Ticker
NBIX    0.026498
dtype: float64","Ticker
NBIX    0.352501
dtype: float64"
2022-01-31,REGN,PHARMA,0.051700515802604714,"Ticker
REGN   -0.012848
dtype: float64","Ticker
REGN    0.300165
dtype: float64"
2022-01-31,VRTX,PHARMA,0.030453088582387246,"Ticker
VRTX    0.075121
dtype: float64","Ticker
VRTX    0.301151
dtype: float64"
2022-01-31,BIIB,PHARMA,0.005014285781605637,"Ticker
BIIB   -0.137279
dtype: float64","Ticker
BIIB    0.443025
dtype: float64"
2022-01-31,OXY,ENERGY,0.02269596927565206,"Ticker
OXY    0.276342
dtype: float64","Ticker
OXY    0.469472
dtype: float64"
2022-01-31,TDG,DEFENSE,0.00796281698232352,"Ticker
TDG    0.262196
dtype: float64","Ticker
TDG    0.287537
dtype: float64"
2022-01-31,HEI,DEFENSE,0.003503290007258002,"Ticker
HEI    0.24198
dtype: float64","Ticker
HEI    0.270262
dtype: float64"
2022-01-31,LDOS,DEFENSE,0.00343692889640037,"Ticker
LDOS    0.156297
dtype: float64","Ticker
LDOS    0.260302
dtype: float64"
2022-01-31,AXON,DEFENSE,0.05431439057380757,"Ticker
AXON    0.570636
dtype: float64","Ticker
AXON    0.465215
dtype: float64"
2022-01-31,AVAV,DEFENSE,0.013742627780342624,"Ticker
AVAV    0.247544
dtype: float64","Ticker
AVAV    0.524691
dtype: float64"
2022-01-31,ROK,INDUSTRIALS,0.019503816642637065,"Ticker
ROK    0.097973
dtype: float64","Ticker
ROK    0.311489
dtype: float64"
2022-01-31,DKS,CONSUMER_DISCRETIONARY,0.017026968878185778,"Ticker
DKS    0.418027
dtype: float64","Ticker
DKS    0.445978
dtype: float64"
2022-01-31,DECK,CONSUMER_DISCRETIONARY,0.00045663973425199325,"Ticker
DECK    0.23937
dtype: float64","Ticker
DECK    0.426866
dtype: float64"
2022-01-31,MKC,CONSUMER_STAPLES,0.04992341848970796,"Ticker
MKC   -0.053936
dtype: float64","Ticker
MKC    0.227252
dtype: float64"
2022-01-31,HRL,CONSUMER_STAPLES,0.12361493387541705,"Ticker
HRL   -0.09012
dtype: float64","Ticker
HRL    0.222784
dtype: float64"
2022-01-31,CPB,CONSUMER_STAPLES,0.004312702424898711,"Ticker
CPB   -0.060124
dtype: float64","Ticker
CPB    0.229926
dtype: float64"
2022-01-31,CAG,CONSUMER_STAPLES,0.06077670330884001,"Ticker
CAG   -0.090587
dtype: float64","Ticker
CAG    0.221318
dtype: float64"
2022-01-31,SJM,CONSUMER_STAPLES,0.00510201524502926,"Ticker
SJM    0.028171
dtype: float64","Ticker
SJM    0.234754
dtype: float64"
2022-01-31,CLX,CONSUMER_STAPLES,0.05564406712572638,"Ticker
CLX   -0.089311
dtype: float64","Ticker
CLX    0.254725
dtype: float64"
2022-01-31,KMB,CONSUMER_STAPLES,0.026486588904946377,"Ticker
KMB    0.000848
dtype: float64","Ticker
KMB    0.18668
dtype: float64"
2022-01-31,PNC,FINANCIALS,0.022365095413063477,"Ticker
PNC    0.158364
dtype: float64","Ticker
PNC    0.287035
dtype: float64"
2022-01-31,DUK,UTILITIES,0.04758597541536417,"Ticker
DUK    0.125995
dtype: float64","Ticker
DUK    0.185594
dtype: float64"
2022-01-31,SO,UTILITIES,0.05771389592370127,"Ticker
SO    0.161561
dtype: float64","Ticker
SO    0.189358
dtype: float64"
2022-01-31,AEP,UTILITIES,0.027212279387820427,"Ticker
AEP    0.106617
dtype: float64","Ticker
AEP    0.199842
dtype: float64"
2022-01-31,XEL,UTILITIES,0.006400653194974893,"Ticker
XEL    0.036885
dtype: float64","Ticker
XEL    0.210001
dtype: float64"
2022-01-31,PEG,UTILITIES,0.04013439701633747,"Ticker
PEG    0.131176
dtype: float64","Ticker
PEG    0.208917
dtype: float64"
2022-01-31,APD,MATERIALS,0.06258998319117863,"Ticker
APD    0.024946
dtype: float64","Ticker
APD    0.262719
dtype: float64"
2022-01-31,CF,MATERIALS,0.00817407534515302,"Ticker
CF    0.229464
dtype: float64","Ticker
CF    0.374421
dtype: float64"
2022-01-31,NEM,MATERIALS,0.06690705205464674,"Ticker
NEM    0.03605
dtype: float64","Ticker
NEM    0.345062
dtype: float64"
2022-02-28,KEYS,TECH,0.04698642160787246,"Ticker
KEYS    0.097949
dtype: float64","Ticker
KEYS    0.30031
dtype: float64"
2022-02-28,SMTC,TECH,0.016185515798188672,"Ticker
SMTC   -0.045542
dtype: float64","Ticker
SMTC    0.592636
dtype: float64"
2022-02-28,VTRS,PHARMA,0.0011217046900898046,"Ticker
VTRS   -0.048485
dtype: float64","Ticker
VTRS    0.341892
dtype: float64"
2022-02-28,NBIX,PHARMA,0.03228736724273377,"Ticker
NBIX    0.026498
dtype: float64","Ticker
NBIX    0.352501
dtype: float64"
2022-02-28,INSM,PHARMA,0.0029435973681762317,"Ticker
INSM    0.358294
dtype: float64","Ticker
INSM    0.73158
dtype: float64"
2022-02-28,REGN,PHARMA,0.041240043217045656,"Ticker
REGN   -0.012848
dtype: float64","Ticker
REGN    0.300165
dtype: float64"
2022-02-28,VRTX,PHARMA,0.02644563005078377,"Ticker
VRTX    0.075121
dtype: float64","Ticker
VRTX    0.301151
dtype: float64"
2022-02-28,BIIB,PHARMA,0.022909157090469055,"Ticker
BIIB   -0.137279
dtype: float64","Ticker
BIIB    0.443025
dtype: float64"
2022-02-28,OXY,ENERGY,0.01537602090576194,"Ticker
OXY    0.276342
dtype: float64","Ticker
OXY    0.469472
dtype: float64"
2022-02-28,HEI,DEFENSE,0.00946153310597623,"Ticker
HEI    0.24198
dtype: float64","Ticker
HEI    0.270262
dtype: float64"
2022-02-28,LDOS,DEFENSE,0.0409245279164734,"Ticker
LDOS    0.156297
dtype: float64","Ticker
LDOS    0.260302
dtype: float64"
2022-02-28,AXON,DEFENSE,0.05289193042697511,"Ticker
AXON    0.570636
dtype: float64","Ticker
AXON    0.465215
dtype: float64"
2022-02-28,AVAV,DEFENSE,0.01795477854717846,"Ticker
AVAV    0.247544
dtype: float64","Ticker
AVAV    0.524691
dtype: float64"
2022-02-28,ROK,INDUSTRIALS,0.012394139323273115,"Ticker
ROK    0.097973
dtype: float64","Ticker
ROK    0.311489
dtype: float64"
2022-02-28,DKS,CONSUMER_DISCRETIONARY,0.012471770812389312,"Ticker
DKS    0.418027
dtype: float64","Ticker
DKS    0.445978
dtype: float64"
2022-02-28,RH,CONSUMER_DISCRETIONARY,0.009734216478953815,"Ticker
RH   -0.057877
dtype: float64","Ticker
RH    0.599531
dtype: float64"
2022-02-28,MKC,CONSUMER_STAPLES,0.0867112452078717,"Ticker
MKC   -0.053936
dtype: float64","Ticker
MKC    0.227252
dtype: float64"
2022-02-28,HRL,CONSUMER_STAPLES,0.12758920272664714,"Ticker
HRL   -0.09012
dtype: float64","Ticker
HRL    0.222784
dtype: float64"
2022-02-28,CAG,CONSUMER_STAPLES,0.04462968752965521,"Ticker
CAG   -0.090587
dtype: float64","Ticker
CAG    0.221318
dtype: float64"
2022-02-28,SJM,CONSUMER_STAPLES,0.017911475882237272,"Ticker
SJM    0.028171
dtype: float64","Ticker
SJM    0.234754
dtype: float64"
2022-02-28,KMB,CONSUMER_STAPLES,0.0910506569590821,"Ticker
KMB    0.000848
dtype: float64","Ticker
KMB    0.18668
dtype: float64"
2022-02-28,PNC,FINANCIALS,0.03268650444517462,"Ticker
PNC    0.158364
dtype: float64","Ticker
PNC    0.287035
dtype: float64"
2022-02-28,SO,UTILITIES,0.03752525544224234,"Ticker
SO    0.161561
dtype: float64","Ticker
SO    0.189358
dtype: float64"
2022-02-28,AEP,UTILITIES,0.024526870059073638,"Ticker
AEP    0.106617
dtype: float64","Ticker
AEP    0.199842
dtype: float64"
2022-02-28,EXC,UTILITIES,0.03147815844467738,"Ticker
EXC    0.149184
dtype: float64","Ticker
EXC    0.213214
dtype: float64"
2022-02-28,ED,UTILITIES,0.004595737666977611,"Ticker
ED    0.104254
dtype: float64","Ticker
ED    0.192212
dtype: float64"
2022-02-28,WEC,UTILITIES,0.02068973354304866,"Ticker
WEC    0.066018
dtype: float64","Ticker
WEC    0.197577
dtype: float64"
2022-02-28,APD,MATERIALS,0.02553999010543938,"Ticker
APD    0.024946
dtype: float64","Ticker
APD    0.262719
dtype: float64"
2022-02-28,CF,MATERIALS,0.018347443616082947,"Ticker
CF    0.229464
dtype: float64","Ticker
CF    0.374421
dtype: float64"
2022-02-28,NEM,MATERIALS,0.07538968378944923,"Ticker
NEM    0.03605
dtype: float64","Ticker
NEM    0.345062
dtype: float64"
2022-03-31,NBIX,PHARMA,0.040694547385623614,"Ticker
NBIX    0.026498
dtype: float64","Ticker
NBIX    0.352501
dtype: float64"
2022-03-31,INSM,PHARMA,0.012481869606133443,"Ticker
INSM    0.358294
dtype: float64","Ticker
INSM    0.73158
dtype: float64"
2022-03-31,REGN,PHARMA,0.06598634184953049,"Ticker
REGN   -0.012848
dtype: float64","Ticker
REGN    0.300165
dtype: float64"
2022-03-31,VRTX,PHARMA,0.04615238922552538,"Ticker
VRTX    0.075121
dtype: float64","Ticker
VRTX    0.301151
dtype: float64"
2022-03-31,BIIB,PHARMA,0.0048783558108122915,"Ticker
BIIB   -0.137279
dtype: float64","Ticker
BIIB    0.443025
dtype: float64"
2022-03-31,LDOS,DEFENSE,0.04905096007021666,"Ticker
LDOS    0.156297
dtype: float64","Ticker
LDOS    0.260302
dtype: float64"
2022-03-31,BWXT,DEFENSE,0.01270822675127983,"Ticker
BWXT    0.260323
dtype: float64","Ticker
BWXT    0.294112
dtype: float64"
2022-03-31,AXON,DEFENSE,0.029999496186139785,"Ticker
AXON    0.570636
dtype: float64","Ticker
AXON    0.465215
dtype: float64"
2022-03-31,ROK,INDUSTRIALS,0.07966160352078126,"Ticker
ROK    0.097973
dtype: float64","Ticker
ROK    0.311489
dtype: float64"
2022-03-31,DKS,CONSUMER_DISCRETIONARY,0.0070978822670748915,"Ticker
DKS    0.418027
dtype: float64","Ticker
DKS    0.445978
dtype: float64"
2022-03-31,DECK,CONSUMER_DISCRETIONARY,0.020335321765433796,"Ticker
DECK    0.23937
dtype: float64","Ticker
DECK    0.426866
dtype: float64"
2022-03-31,MKC,CONSUMER_STAPLES,0.07686960303123845,"Ticker
MKC   -0.053936
dtype: float64","Ticker
MKC    0.227252
dtype: float64"
2022-03-31,HRL,CONSUMER_STAPLES,0.1295849396485965,"Ticker
HRL   -0.09012
dtype: float64","Ticker
HRL    0.222784
dtype: float64"
2022-03-31,KMB,CONSUMER_STAPLES,0.07550340992477793,"Ticker
KMB    0.000848
dtype: float64","Ticker
KMB    0.18668
dtype: float64"
2022-03-31,PNC,FINANCIALS,0.09168012112529517,"Ticker
PNC    0.158364
dtype: float64","Ticker
PNC    0.287035
dtype: float64"
2022-03-31,DUK,UTILITIES,0.011182413638723881,"Ticker
DUK    0.125995
dtype: float64","Ticker
DUK    0.185594
dtype: float64"
2022-03-31,SO,UTILITIES,0.037107516193017276,"Ticker
SO    0.161561
dtype: float64","Ticker
SO    0.189358
dtype: float64"
2022-03-31,AEP,UTILITIES,0.03571325476712021,"Ticker
AEP    0.106617
dtype: float64","Ticker
AEP    0.199842
dtype: float64"
2022-03-31,EXC,UTILITIES,0.023407225846884344,"Ticker
EXC    0.149184
dtype: float64","Ticker
EXC    0.213214
dtype: float64"
2022-03-31,ED,UTILITIES,0.018511499697024994,"Ticker
ED    0.104254
dtype: float64","Ticker
ED    0.192212
dtype: float64"
2022-03-31,PEG,UTILITIES,0.013977747839016832,"Ticker
PEG    0.131176
dtype: float64","Ticker
PEG    0.208917
dtype: float64"
2022-03-31,CF,MATERIALS,0.025011369842542607,"Ticker
CF    0.229464
dtype: float64","Ticker
CF    0.374421
dtype: float64"
2022-03-31,NEM,MATERIALS,0.09240390400721053,"Ticker
NEM    0.03605
dtype: float64","Ticker
NEM    0.345062
dtype: float64"
2022-04-30,SMTC,TECH,0.0029193718814767337,"Ticker
SMTC   -0.045542
dtype: float64","Ticker
SMTC    0.592636
dtype: float64"
2022-04-30,BMRN,PHARMA,0.00017553850438203794,"Ticker
BMRN   -0.136475
dtype: float64","Ticker
BMRN    0.355326
dtype: float64"
2022-04-30,NBIX,PHARMA,0.03710366290390536,"Ticker
NBIX    0.026498
dtype: float64","Ticker
NBIX    0.352501
dtype: float64"
2022-04-30,AMGN,PHARMA,0.03187482534597282,"Ticker
AMGN    0.072347
dtype: float64","Ticker
AMGN    0.234188
dtype: float64"
2022-04-30,REGN,PHARMA,0.07021605453401601,"Ticker
REGN   -0.012848
dtype: float64","Ticker
REGN    0.300165
dtype: float64"
2022-04-30,VRTX,PHARMA,0.06257807082851552,"Ticker
VRTX    0.075121
dtype: float64","Ticker
VRTX    0.301151
dtype: float64"
2022-04-30,HEI,DEFENSE,0.0015842736117237992,"Ticker
HEI    0.24198
dtype: float64","Ticker
HEI    0.270262
dtype: float64"
2022-04-30,LDOS,DEFENSE,0.08203639795680825,"Ticker
LDOS    0.156297
dtype: float64","Ticker
LDOS    0.260302
dtype: float64"
2022-04-30,BWXT,DEFENSE,0.016386794529734,"Ticker
BWXT    0.260323
dtype: float64","Ticker
BWXT    0.294112
dtype: float64"
2022-04-30,AXON,DEFENSE,0.02524789854140271,"Ticker
AXON    0.570636
dtype: float64","Ticker
AXON    0.465215
dtype: float64"
2022-04-30,ROK,INDUSTRIALS,0.01709210922261994,"Ticker
ROK    0.097973
dtype: float64","Ticker
ROK    0.311489
dtype: float64"
2022-04-30,DKS,CONSUMER_DISCRETIONARY,0.0008937574720035115,"Ticker
DKS    0.418027
dtype: float64","Ticker
DKS    0.445978
dtype: float64"
2022-04-30,RH,CONSUMER_DISCRETIONARY,0.004271268487129018,"Ticker
RH   -0.057877
dtype: float64","Ticker
RH    0.599531
dtype: float64"
2022-04-30,DECK,CONSUMER_DISCRETIONARY,0.008120329009624193,"Ticker
DECK    0.23937
dtype: float64","Ticker
DECK    0.426866
dtype: float64"
2022-04-30,MKC,CONSUMER_STAPLES,0.02449324239827409,"Ticker
MKC   -0.053936
dtype: float64","Ticker
MKC    0.227252
dtype: float64"
2022-04-30,HRL,CONSUMER_STAPLES,0.10704712465721053,"Ticker
HRL   -0.09012
dtype: float64","Ticker
HRL    0.222784
dtype: float64"
2022-04-30,KMB,CONSUMER_STAPLES,0.14881528258408552,"Ticker
KMB    0.000848
dtype: float64","Ticker
KMB    0.18668
dtype: float64"
2022-04-30,PNC,FINANCIALS,0.08704768459785128,"Ticker
PNC    0.158364
dtype: float64","Ticker
PNC    0.287035
dtype: float64"
2022-04-30,DUK,UTILITIES,0.02770308692587522,"Ticker
DUK    0.125995
dtype: float64","Ticker
DUK    0.185594
dtype: float64"
2022-04-30,SO,UTILITIES,0.005373969711025433,"Ticker
SO    0.161561
dtype: float64","Ticker
SO    0.189358
dtype: float64"
2022-04-30,EXC,UTILITIES,0.023188374983691182,"Ticker
EXC    0.149184
dtype: float64","Ticker
EXC    0.213214
dtype: float64"
2022-04-30,XEL,UTILITIES,0.00014215319056153346,"Ticker
XEL    0.036885
dtype: float64","Ticker
XEL    0.210001
dtype: float64"
2022-04-30,PEG,UTILITIES,0.04772642461022995,"Ticker
PEG    0.131176
dtype: float64","Ticker
PEG    0.208917
dtype: float64"
2022-04-30,WEC,UTILITIES,0.031376726481250054,"Ticker
WEC    0.066018
dtype: float64","Ticker
WEC    0.197577
dtype: float64"
2022-04-30,APD,MATERIALS,0.03219088770524426,"Ticker
APD    0.024946
dtype: float64","Ticker
APD    0.262719
dtype: float64"
2022-04-30,CF,MATERIALS,0.028865883153318648,"Ticker
CF    0.229464
dtype: float64","Ticker
CF    0.374421
dtype: float64"
2022-04-30,NEM,MATERIALS,0.07552880617206838,"Ticker
NEM    0.03605
dtype: float64","Ticker
NEM    0.345062
dtype: float64"
2022-05-31,BMRN,PHARMA,0.016050256832456228,"Ticker
BMRN   -0.136475
dtype: float64","Ticker
BMRN    0.355326
dtype: float64"
2022-05-31,VTRS,PHARMA,0.009885786031253766,"Ticker
VTRS   -0.048485
dtype: float64","Ticker
VTRS    0.341892
dtype: float64"
2022-05-31,NBIX,PHARMA,0.04599821093576195,"Ticker
NBIX    0.026498
dtype: float64","Ticker
NBIX    0.352501
dtype: float64"
2022-05-31,AMGN,PHARMA,0.11965740604098385,"Ticker
AMGN    0.072347
dtype: float64","Ticker
AMGN    0.234188
dtype: float64"
2022-05-31,REGN,PHARMA,0.061777536486933786,"Ticker
REGN   -0.012848
dtype: float64","Ticker
REGN    0.300165
dtype: float64"
2022-05-31,VRTX,PHARMA,0.009174762958001521,"Ticker
VRTX    0.075121
dtype: float64","Ticker
VRTX    0.301151
dtype: float64"
2022-05-31,LDOS,DEFENSE,0.08128514489272955,"Ticker
LDOS    0.156297
dtype: float64","Ticker
LDOS    0.260302
dtype: float64"
2022-05-31,MRCY,DEFENSE,0.019149876575082575,"Ticker
MRCY   -0.030587
dtype: float64","Ticker
MRCY    0.438757
dtype: float64"
2022-05-31,AXON,DEFENSE,0.005151157370601282,"Ticker
AXON    0.570636
dtype: float64","Ticker
AXON    0.465215
dtype: float64"
2022-05-31,AVAV,DEFENSE,0.0028505219554075746,"Ticker
AVAV    0.247544
dtype: float64","Ticker
AVAV    0.524691
dtype: float64"
2022-05-31,LECO,INDUSTRIALS,0.0447515833082136,"Ticker
LECO    0.21408
dtype: float64","Ticker
LECO    0.262663
dtype: float64"
2022-05-31,SKX,CONSUMER_DISCRETIONARY,0.0033007856402349866,"Ticker
SKX    0.163586
dtype: float64","Ticker
SKX    0.398741
dtype: float64"
2022-05-31,HRL,CONSUMER_STAPLES,0.047606635076870345,"Ticker
HRL   -0.09012
dtype: float64","Ticker
HRL    0.222784
dtype: float64"
2022-05-31,KMB,CONSUMER_STAPLES,0.12077082765160058,"Ticker
KMB    0.000848
dtype: float64","Ticker
KMB    0.18668
dtype: float64"
2022-05-31,PNC,FINANCIALS,0.05710318159057128,"Ticker
PNC    0.158364
dtype: float64","Ticker
PNC    0.287035
dtype: float64"
2022-05-31,DUK,UTILITIES,0.08637558584455696,"Ticker
DUK    0.125995
dtype: float64","Ticker
DUK    0.185594
dtype: float64"
2022-05-31,AEP,UTILITIES,0.005117729908600524,"Ticker
AEP    0.106617
dtype: float64","Ticker
AEP    0.199842
dtype: float64"
2022-05-31,XEL,UTILITIES,0.03961288247952523,"Ticker
XEL    0.036885
dtype: float64","Ticker
XEL    0.210001
dtype: float64"
2022-05-31,ED,UTILITIES,0.0491781489020577,"Ticker
ED    0.104254
dtype: float64","Ticker
ED    0.192212
dtype: float64"
2022-05-31,PEG,UTILITIES,0.08129157309891918,"Ticker
PEG    0.131176
dtype: float64","Ticker
PEG    0.208917
dtype: float64"
2022-05-31,APD,MATERIALS,0.016976468349982468,"Ticker
APD    0.024946
dtype: float64","Ticker
APD    0.262719
dtype: float64"
2022-05-31,CF,MATERIALS,0.010044206411295794,"Ticker
CF    0.229464
dtype: float64","Ticker
CF    0.374421
dtype: float64"
2022-05-31,NEM,MATERIALS,0.06688973165835936,"Ticker
NEM    0.03605
dtype: float64","Ticker
NEM    0.345062
dtype: float64"
2022-06-30,BMRN,PHARMA,0.00367456490607516,"Ticker
BMRN   -0.136475
dtype: float64","Ticker
BMRN    0.355326
dtype: float64"
2022-06-30,NBIX,PHARMA,0.05502816526419241,"Ticker
NBIX    0.026498
dtype: float64","Ticker
NBIX    0.352501
dtype: float64"
2022-06-30,AMGN,PHARMA,0.17624258207145943,"Ticker
AMGN    0.072347
dtype: float64","Ticker
AMGN    0.234188
dtype: float64"
2022-06-30,REGN,PHARMA,0.05020856754383602,"Ticker
REGN   -0.012848
dtype: float64","Ticker
REGN    0.300165
dtype: float64"
2022-06-30,LDOS,DEFENSE,0.06245172051960229,"Ticker
LDOS    0.156297
dtype: float64","Ticker
LDOS    0.260302
dtype: float64"
2022-06-30,BWXT,DEFENSE,0.010054306872310107,"Ticker
BWXT    0.260323
dtype: float64","Ticker
BWXT    0.294112
dtype: float64"
2022-06-30,MRCY,DEFENSE,0.005470779048488292,"Ticker
MRCY   -0.030587
dtype: float64","Ticker
MRCY    0.438757
dtype: float64"
2022-06-30,ROK,INDUSTRIALS,0.006153425725766356,"Ticker
ROK    0.097973
dtype: float64","Ticker
ROK    0.311489
dtype: float64"
2022-06-30,LECO,INDUSTRIALS,0.09727956736526253,"Ticker
LECO    0.21408
dtype: float64","Ticker
LECO    0.262663
dtype: float64"
2022-06-30,HRL,CONSUMER_STAPLES,0.0828453226124591,"Ticker
HRL   -0.09012
dtype: float64","Ticker
HRL    0.222784
dtype: float64"
2022-06-30,KMB,CONSUMER_STAPLES,0.1228772116033472,"Ticker
KMB    0.000848
dtype: float64","Ticker
KMB    0.18668
dtype: float64"
2022-06-30,PNC,FINANCIALS,0.041729974916060085,"Ticker
PNC    0.158364
dtype: float64","Ticker
PNC    0.287035
dtype: float64"
2022-06-30,DUK,UTILITIES,0.07539778373223897,"Ticker
DUK    0.125995
dtype: float64","Ticker
DUK    0.185594
dtype: float64"
2022-06-30,XEL,UTILITIES,0.0449178704727075,"Ticker
XEL    0.036885
dtype: float64","Ticker
XEL    0.210001
dtype: float64"
2022-06-30,ED,UTILITIES,0.04061837098937936,"Ticker
ED    0.104254
dtype: float64","Ticker
ED    0.192212
dtype: float64"
2022-06-30,PEG,UTILITIES,0.02049307721439985,"Ticker
PEG    0.131176
dtype: float64","Ticker
PEG    0.208917
dtype: float64"
2022-06-30,APD,MATERIALS,0.01755275545579516,"Ticker
APD    0.024946
dtype: float64","Ticker
APD    0.262719
dtype: float64"
2022-06-30,CF,MATERIALS,0.019848883560192418,"Ticker
CF    0.229464
dtype: float64","Ticker
CF    0.374421
dtype: float64"
2022-06-30,NEM,MATERIALS,0.06715507012642775,"Ticker
NEM    0.03605
dtype: float64","Ticker
NEM    0.345062
dtype: float64"
2022-07-31,BMRN,PHARMA,0.006537222149201064,"Ticker
BMRN   -0.136475
dtype: float64","Ticker
BMRN    0.355326
dtype: float64"
2022-07-31,NBIX,PHARMA,0.05484003529953328,"Ticker
NBIX    0.026498
dtype: float64","Ticker
NBIX    0.352501
dtype: float64"
2022-07-31,AMGN,PHARMA,0.20501968279902064,"Ticker
AMGN    0.072347
dtype: float64","Ticker
AMGN    0.234188
dtype: float64"
2022-07-31,REGN,PHARMA,0.042002937609806196,"Ticker
REGN   -0.012848
dtype: float64","Ticker
REGN    0.300165
dtype: float64"
2022-07-31,LDOS,DEFENSE,0.08147065608649244,"Ticker
LDOS    0.156297
dtype: float64","Ticker
LDOS    0.260302
dtype: float64"
2022-07-31,BWXT,DEFENSE,0.007090327049762762,"Ticker
BWXT    0.260323
dtype: float64","Ticker
BWXT    0.294112
dtype: float64"
2022-07-31,MRCY,DEFENSE,0.00839829500775365,"Ticker
MRCY   -0.030587
dtype: float64","Ticker
MRCY    0.438757
dtype: float64"
2022-07-31,LECO,INDUSTRIALS,0.05237437707008984,"Ticker
LECO    0.21408
dtype: float64","Ticker
LECO    0.262663
dtype: float64"
2022-07-31,SKX,CONSUMER_DISCRETIONARY,0.02516530730734445,"Ticker
SKX    0.163586
dtype: float64","Ticker
SKX    0.398741
dtype: float64"
2022-07-31,HRL,CONSUMER_STAPLES,0.1017550197179741,"Ticker
HRL   -0.09012
dtype: float64","Ticker
HRL    0.222784
dtype: float64"
2022-07-31,KMB,CONSUMER_STAPLES,0.15702098091828146,"Ticker
KMB    0.000848
dtype: float64","Ticker
KMB    0.18668
dtype: float64"
2022-07-31,PNC,FINANCIALS,0.035708938725673135,"Ticker
PNC    0.158364
dtype: float64","Ticker
PNC    0.287035
dtype: float64"
2022-07-31,DUK,UTILITIES,0.09456328624968449,"Ticker
DUK    0.125995
dtype: float64","Ticker
DUK    0.185594
dtype: float64"
2022-07-31,XEL,UTILITIES,0.05174913368854127,"Ticker
XEL    0.036885
dtype: float64","Ticker
XEL    0.210001
dtype: float64"
2022-07-31,CF,MATERIALS,0.015700452541827614,"Ticker
CF    0.229464
dtype: float64","Ticker
CF    0.374421
dtype: float64"
2022-07-31,NEM,MATERIALS,0.060603347779013564,"Ticker
NEM    0.03605
dtype: float64","Ticker
NEM    0.345062
dtype: float64"
2022-08-31,BMRN,PHARMA,0.012099274288417018,"Ticker
BMRN   -0.136475
dtype: float64","Ticker
BMRN    0.355326
dtype: float64"
2022-08-31,NBIX,PHARMA,0.06038700536148212,"Ticker
NBIX    0.026498
dtype: float64","Ticker
NBIX    0.352501
dtype: float64"
2022-08-31,AMGN,PHARMA,0.22684172487107376,"Ticker
AMGN    0.072347
dtype: float64","Ticker
AMGN    0.234188
dtype: float64"
2022-08-31,FANG,ENERGY,2.281633538839468e-05,"Ticker
FANG    0.311581
dtype: float64","Ticker
FANG    0.460193
dtype: float64"
2022-08-31,LDOS,DEFENSE,0.08244535965595863,"Ticker
LDOS    0.156297
dtype: float64","Ticker
LDOS    0.260302
dtype: float64"
2022-08-31,BWXT,DEFENSE,0.004724930702389918,"Ticker
BWXT    0.260323
dtype: float64","Ticker
BWXT    0.294112
dtype: float64"
2022-08-31,LECO,INDUSTRIALS,0.03703414252608337,"Ticker
LECO    0.21408
dtype: float64","Ticker
LECO    0.262663
dtype: float64"
2022-08-31,SKX,CONSUMER_DISCRETIONARY,0.02956394136515921,"Ticker
SKX    0.163586
dtype: float64","Ticker
SKX    0.398741
dtype: float64"
2022-08-31,HRL,CONSUMER_STAPLES,0.10709602918834456,"Ticker
HRL   -0.09012
dtype: float64","Ticker
HRL    0.222784
dtype: float64"
2022-08-31,KMB,CONSUMER_STAPLES,0.16205410138266083,"Ticker
KMB    0.000848
dtype: float64","Ticker
KMB    0.18668
dtype: float64"
2022-08-31,PNC,FINANCIALS,0.02362724636295992,"Ticker
PNC    0.158364
dtype: float64","Ticker
PNC    0.287035
dtype: float64"
2022-08-31,DUK,UTILITIES,0.07561137317331779,"Ticker
DUK    0.125995
dtype: float64","Ticker
DUK    0.185594
dtype: float64"
2022-08-31,SO,UTILITIES,0.004552791741449967,"Ticker
SO    0.161561
dtype: float64","Ticker
SO    0.189358
dtype: float64"
2022-08-31,XEL,UTILITIES,0.03014829776244856,"Ticker
XEL    0.036885
dtype: float64","Ticker
XEL    0.210001
dtype: float64"
2022-08-31,ED,UTILITIES,0.017812880512291036,"Ticker
ED    0.104254
dtype: float64","Ticker
ED    0.192212
dtype: float64"
2022-08-31,WEC,UTILITIES,0.039538302597518504,"Ticker
WEC    0.066018
dtype: float64","Ticker
WEC    0.197577
dtype: float64"
2022-08-31,CF,MATERIALS,0.03188967247961945,"Ticker
CF    0.229464
dtype: float64","Ticker
CF    0.374421
dtype: float64"
2022-08-31,NEM,MATERIALS,0.05455010969343719,"Ticker
NEM    0.03605
dtype: float64","Ticker
NEM    0.345062
dtype: float64"
2022-09-30,BMRN,PHARMA,0.010140173138273072,"Ticker
BMRN   -0.136475
dtype: float64","Ticker
BMRN    0.355326
dtype: float64"
2022-09-30,NBIX,PHARMA,0.07587983925084792,"Ticker
NBIX    0.026498
dtype: float64","Ticker
NBIX    0.352501
dtype: float64"
2022-09-30,AMGN,PHARMA,0.22452527010296022,"Ticker
AMGN    0.072347
dtype: float64","Ticker
AMGN    0.234188
dtype: float64"
2022-09-30,FANG,ENERGY,0.012190072378814377,"Ticker
FANG    0.311581
dtype: float64","Ticker
FANG    0.460193
dtype: float64"
2022-09-30,LDOS,DEFENSE,0.09103166417371111,"Ticker
LDOS    0.156297
dtype: float64","Ticker
LDOS    0.260302
dtype: float64"
2022-09-30,MRCY,DEFENSE,0.0016875683511682125,"Ticker
MRCY   -0.030587
dtype: float64","Ticker
MRCY    0.438757
dtype: float64"
2022-09-30,LECO,INDUSTRIALS,0.08697045896054954,"Ticker
LECO    0.21408
dtype: float64","Ticker
LECO    0.262663
dtype: float64"
2022-09-30,HRL,CONSUMER_STAPLES,0.13522918308441562,"Ticker
HRL   -0.09012
dtype: float64","Ticker
HRL    0.222784
dtype: float64"
2022-09-30,KMB,CONSUMER_STAPLES,0.1800927774132956,"Ticker
KMB    0.000848
dtype: float64","Ticker
KMB    0.18668
dtype: float64"
2022-09-30,GIS,CONSUMER_STAPLES,0.013031251597435064,"Ticker
GIS   -0.017836
dtype: float64","Ticker
GIS    0.204798
dtype: float64"
2022-09-30,PNC,FINANCIALS,0.036155510814484586,"Ticker
PNC    0.158364
dtype: float64","Ticker
PNC    0.287035
dtype: float64"
2022-09-30,DUK,UTILITIES,0.04463998677706112,"Ticker
DUK    0.125995
dtype: float64","Ticker
DUK    0.185594
dtype: float64"
2022-09-30,SO,UTILITIES,0.009301639163539096,"Ticker
SO    0.161561
dtype: float64","Ticker
SO    0.189358
dtype: float64"
2022-09-30,ED,UTILITIES,0.006827250434500224,"Ticker
ED    0.104254
dtype: float64","Ticker
ED    0.192212
dtype: float64"
2022-09-30,CF,MATERIALS,0.019837728402426147,"Ticker
CF    0.229464
dtype: float64","Ticker
CF    0.374421
dtype: float64"
2022-09-30,NEM,MATERIALS,0.05245962595651833,"Ticker
NEM    0.03605
dtype: float64","Ticker
NEM    0.345062
dtype: float64"
2022-10-31,NTNX,TECH,0.003973529838827677,"Ticker
NTNX    0.26669
dtype: float64","Ticker
NTNX    0.503963
dtype: float64"
2022-10-31,BMRN,PHARMA,0.0022832865751048126,"Ticker
BMRN   -0.136475
dtype: float64","Ticker
BMRN    0.355326
dtype: float64"
2022-10-31,NBIX,PHARMA,0.10757285346010832,"Ticker
NBIX    0.026498
dtype: float64","Ticker
NBIX    0.352501
dtype: float64"
2022-10-31,AMGN,PHARMA,0.2708761515343525,"Ticker
AMGN    0.072347
dtype: float64","Ticker
AMGN    0.234188
dtype: float64"
2022-10-31,LDOS,DEFENSE,0.022316374487774467,"Ticker
LDOS    0.156297
dtype: float64","Ticker
LDOS    0.260302
dtype: float64"
2022-10-31,BWXT,DEFENSE,0.013087319727830867,"Ticker
BWXT    0.260323
dtype: float64","Ticker
BWXT    0.294112
dtype: float64"
2022-10-31,LECO,INDUSTRIALS,0.10398431296608777,"Ticker
LECO    0.21408
dtype: float64","Ticker
LECO    0.262663
dtype: float64"
2022-10-31,HRL,CONSUMER_STAPLES,0.14057427131144318,"Ticker
HRL   -0.09012
dtype: float64","Ticker
HRL    0.222784
dtype: float64"
2022-10-31,CPB,CONSUMER_STAPLES,0.009567064826217433,"Ticker
CPB   -0.060124
dtype: float64","Ticker
CPB    0.229926
dtype: float64"
2022-10-31,SJM,CONSUMER_STAPLES,0.01583052118841476,"Ticker
SJM    0.028171
dtype: float64","Ticker
SJM    0.234754
dtype: float64"
2022-10-31,KMB,CONSUMER_STAPLES,0.15492128266363453,"Ticker
KMB    0.000848
dtype: float64","Ticker
KMB    0.18668
dtype: float64"
2022-10-31,GIS,CONSUMER_STAPLES,0.03459250944286922,"Ticker
GIS   -0.017836
dtype: float64","Ticker
GIS    0.204798
dtype: float64"
2022-10-31,ED,UTILITIES,0.018084344629398813,"Ticker
ED    0.104254
dtype: float64","Ticker
ED    0.192212
dtype: float64"
2022-10-31,CF,MATERIALS,0.03269832256590357,"Ticker
CF    0.229464
dtype: float64","Ticker
CF    0.374421
dtype: float64"
2022-10-31,NEM,MATERIALS,0.06963785478203197,"Ticker
NEM    0.03605
dtype: float64","Ticker
NEM    0.345062
dtype: float64"
2022-11-30,NTNX,TECH,0.007365990670034326,"Ticker
NTNX    0.26669
dtype: float64","Ticker
NTNX    0.503963
dtype: float64"
2022-11-30,BMRN,PHARMA,0.031140990641797893,"Ticker
BMRN   -0.136475
dtype: float64","Ticker
BMRN    0.355326
dtype: float64"
2022-11-30,NBIX,PHARMA,0.08502881130911513,"Ticker
NBIX    0.026498
dtype: float64","Ticker
NBIX    0.352501
dtype: float64"
2022-11-30,AMGN,PHARMA,0.21413228904627468,"Ticker
AMGN    0.072347
dtype: float64","Ticker
AMGN    0.234188
dtype: float64"
2022-11-30,FANG,ENERGY,0.023228601085677654,"Ticker
FANG    0.311581
dtype: float64","Ticker
FANG    0.460193
dtype: float64"
2022-11-30,LDOS,DEFENSE,0.06477024639550105,"Ticker
LDOS    0.156297
dtype: float64","Ticker
LDOS    0.260302
dtype: float64"
2022-11-30,LECO,INDUSTRIALS,0.04994067343019114,"Ticker
LECO    0.21408
dtype: float64","Ticker
LECO    0.262663
dtype: float64"
2022-11-30,HRL,CONSUMER_STAPLES,0.17692058216203627,"Ticker
HRL   -0.09012
dtype: float64","Ticker
HRL    0.222784
dtype: float64"
2022-11-30,CPB,CONSUMER_STAPLES,0.042592113242286414,"Ticker
CPB   -0.060124
dtype: float64","Ticker
CPB    0.229926
dtype: float64"
2022-11-30,SJM,CONSUMER_STAPLES,0.0028819683950628374,"Ticker
SJM    0.028171
dtype: float64","Ticker
SJM    0.234754
dtype: float64"
2022-11-30,KMB,CONSUMER_STAPLES,0.14370398920360852,"Ticker
KMB    0.000848
dtype: float64","Ticker
KMB    0.18668
dtype: float64"
2022-11-30,GIS,CONSUMER_STAPLES,0.08346315601721044,"Ticker
GIS   -0.017836
dtype: float64","Ticker
GIS    0.204798
dtype: float64"
2022-11-30,SO,UTILITIES,0.0035289306205894067,"Ticker
SO    0.161561
dtype: float64","Ticker
SO    0.189358
dtype: float64"
2022-11-30,ED,UTILITIES,0.023831344362508475,"Ticker
ED    0.104254
dtype: float64","Ticker
ED    0.192212
dtype: float64"
2022-11-30,CF,MATERIALS,0.01625713854619023,"Ticker
CF    0.229464
dtype: float64","Ticker
CF    0.374421
dtype: float64"
2022-11-30,NEM,MATERIALS,0.031213174871915852,"Ticker
NEM    0.03605
dtype: float64","Ticker
NEM    0.345062
dtype: float64"
2022-12-31,NTNX,TECH,0.0060934218121031425,"Ticker
NTNX    0.26669
dtype: float64","Ticker
NTNX    0.503963
dtype: float64"
2022-12-31,BMRN,PHARMA,0.039451172615947876,"Ticker
BMRN   -0.136475
dtype: float64","Ticker
BMRN    0.355326
dtype: float64"
2022-12-31,NBIX,PHARMA,0.08160571894579005,"Ticker
NBIX    0.026498
dtype: float64","Ticker
NBIX    0.352501
dtype: float64"
2022-12-31,AMGN,PHARMA,0.23149885470915213,"Ticker
AMGN    0.072347
dtype: float64","Ticker
AMGN    0.234188
dtype: float64"
2022-12-31,FANG,ENERGY,0.026808006014129748,"Ticker
FANG    0.311581
dtype: float64","Ticker
FANG    0.460193
dtype: float64"
2022-12-31,CTRA,ENERGY,0.0009034661332350235,"Ticker
CTRA    0.090614
dtype: float64","Ticker
CTRA    0.352706
dtype: float64"
2022-12-31,LDOS,DEFENSE,0.03837232717638768,"Ticker
LDOS    0.156297
dtype: float64","Ticker
LDOS    0.260302
dtype: float64"
2022-12-31,LECO,INDUSTRIALS,0.019973855281378027,"Ticker
LECO    0.21408
dtype: float64","Ticker
LECO    0.262663
dtype: float64"
2022-12-31,HRL,CONSUMER_STAPLES,0.2046623395419742,"Ticker
HRL   -0.09012
dtype: float64","Ticker
HRL    0.222784
dtype: float64"
2022-12-31,SJM,CONSUMER_STAPLES,0.04909164221623801,"Ticker
SJM    0.028171
dtype: float64","Ticker
SJM    0.234754
dtype: float64"
2022-12-31,KMB,CONSUMER_STAPLES,0.07986404316237442,"Ticker
KMB    0.000848
dtype: float64","Ticker
KMB    0.18668
dtype: float64"
2022-12-31,GIS,CONSUMER_STAPLES,0.08124056887092614,"Ticker
GIS   -0.017836
dtype: float64","Ticker
GIS    0.204798
dtype: float64"
2022-12-31,SO,UTILITIES,0.044419777855290776,"Ticker
SO    0.161561
dtype: float64","Ticker
SO    0.189358
dtype: float64"
2022-12-31,ED,UTILITIES,0.048129383599742455,"Ticker
ED    0.104254
dtype: float64","Ticker
ED    0.192212
dtype: float64"
2022-12-31,CF,MATERIALS,0.014791768708306232,"Ticker
CF    0.229464
dtype: float64","Ticker
CF    0.374421
dtype: float64"
2022-12-31,NEM,MATERIALS,0.0330936533570241,"Ticker
NEM    0.03605
dtype: float64","Ticker
NEM    0.345062
dtype: float64"
2023-01-31,NTNX,TECH,0.03478345898918415,"Ticker
NTNX    0.26669
dtype: float64","Ticker
NTNX    0.503963
dtype: float64"
2023-01-31,BMRN,PHARMA,0.0408093138645097,"Ticker
BMRN   -0.136475
dtype: float64","Ticker
BMRN    0.355326
dtype: float64"
2023-01-31,NBIX,PHARMA,0.04798985240538094,"Ticker
NBIX    0.026498
dtype: float64","Ticker
NBIX    0.352501
dtype: float64"
2023-01-31,AMGN,PHARMA,0.08261102668854022,"Ticker
AMGN    0.072347
dtype: float64","Ticker
AMGN    0.234188
dtype: float64"
2023-01-31,FANG,ENERGY,0.039659203705230385,"Ticker
FANG    0.311581
dtype: float64","Ticker
FANG    0.460193
dtype: float64"
2023-01-31,AXON,DEFENSE,0.010288498919923273,"Ticker
AXON    0.570636
dtype: float64","Ticker
AXON    0.465215
dtype: float64"
2023-01-31,HRL,CONSUMER_STAPLES,0.2899090675521686,"Ticker
HRL   -0.09012
dtype: float64","Ticker
HRL    0.222784
dtype: float64"
2023-01-31,SJM,CONSUMER_STAPLES,0.19305632380839324,"Ticker
SJM    0.028171
dtype: float64","Ticker
SJM    0.234754
dtype: float64"
2023-01-31,CHD,CONSUMER_STAPLES,0.02952666422399919,"Ticker
CHD    0.004708
dtype: float64","Ticker
CHD    0.200844
dtype: float64"
2023-01-31,KMB,CONSUMER_STAPLES,0.1221507267382745,"Ticker
KMB    0.000848
dtype: float64","Ticker
KMB    0.18668
dtype: float64"
2023-01-31,GIS,CONSUMER_STAPLES,0.05290481461719166,"Ticker
GIS   -0.017836
dtype: float64","Ticker
GIS    0.204798
dtype: float64"
2023-01-31,MTB,FINANCIALS,0.009155061696477434,"Ticker
MTB    0.160556
dtype: float64","Ticker
MTB    0.346238
dtype: float64"
2023-01-31,CF,MATERIALS,0.04555773063599121,"Ticker
CF    0.229464
dtype: float64","Ticker
CF    0.374421
dtype: float64"
2023-01-31,NEM,MATERIALS,0.0015982561547355128,"Ticker
NEM    0.03605
dtype: float64","Ticker
NEM    0.345062
dtype: float64"
2023-02-28,NTNX,TECH,0.05443111050350192,"Ticker
NTNX    0.26669
dtype: float64","Ticker
NTNX    0.503963
dtype: float64"
2023-02-28,BMRN,PHARMA,0.051009192218745954,"Ticker
BMRN   -0.136475
dtype: float64","Ticker
BMRN    0.355326
dtype: float64"
2023-02-28,NBIX,PHARMA,0.04310195605169028,"Ticker
NBIX    0.026498
dtype: float64","Ticker
NBIX    0.352501
dtype: float64"
2023-02-28,AMGN,PHARMA,0.047411733757806676,"Ticker
AMGN    0.072347
dtype: float64","Ticker
AMGN    0.234188
dtype: float64"
2023-02-28,REGN,PHARMA,0.0003908840854325266,"Ticker
REGN   -0.012848
dtype: float64","Ticker
REGN    0.300165
dtype: float64"
2023-02-28,FANG,ENERGY,0.06229399506966234,"Ticker
FANG    0.311581
dtype: float64","Ticker
FANG    0.460193
dtype: float64"
2023-02-28,AXON,DEFENSE,0.009345881772785712,"Ticker
AXON    0.570636
dtype: float64","Ticker
AXON    0.465215
dtype: float64"
2023-02-28,HRL,CONSUMER_STAPLES,0.31617932057092,"Ticker
HRL   -0.09012
dtype: float64","Ticker
HRL    0.222784
dtype: float64"
2023-02-28,SJM,CONSUMER_STAPLES,0.24300310885286663,"Ticker
SJM    0.028171
dtype: float64","Ticker
SJM    0.234754
dtype: float64"
2023-02-28,CHD,CONSUMER_STAPLES,0.035477141424420836,"Ticker
CHD    0.004708
dtype: float64","Ticker
CHD    0.200844
dtype: float64"
2023-02-28,KMB,CONSUMER_STAPLES,0.08450547644920942,"Ticker
KMB    0.000848
dtype: float64","Ticker
KMB    0.18668
dtype: float64"
2023-02-28,GIS,CONSUMER_STAPLES,0.008993362605939331,"Ticker
GIS   -0.017836
dtype: float64","Ticker
GIS    0.204798
dtype: float64"
2023-02-28,MTB,FINANCIALS,0.007907911812537884,"Ticker
MTB    0.160556
dtype: float64","Ticker
MTB    0.346238
dtype: float64"
2023-02-28,CF,MATERIALS,0.03594892482448041,"Ticker
CF    0.229464
dtype: float64","Ticker
CF    0.374421
dtype: float64"
2023-03-31,CDNS,TECH,0.025781071908947295,"Ticker
CDNS    0.262662
dtype: float64","Ticker
CDNS    0.356003
dtype: float64"
2023-03-31,NTNX,TECH,0.044200004687720035,"Ticker
NTNX    0.26669
dtype: float64","Ticker
NTNX    0.503963
dtype: float64"
2023-03-31,BMRN,PHARMA,0.03497574136123971,"Ticker
BMRN   -0.136475
dtype: float64","Ticker
BMRN    0.355326
dtype: float64"
2023-03-31,NBIX,PHARMA,0.05400777462719614,"Ticker
NBIX    0.026498
dtype: float64","Ticker
NBIX    0.352501
dtype: float64"
2023-03-31,AMGN,PHARMA,0.024117083084204825,"Ticker
AMGN    0.072347
dtype: float64","Ticker
AMGN    0.234188
dtype: float64"
2023-03-31,REGN,PHARMA,0.01778364099914501,"Ticker
REGN   -0.012848
dtype: float64","Ticker
REGN    0.300165
dtype: float64"
2023-03-31,FANG,ENERGY,0.02835265755958119,"Ticker
FANG    0.311581
dtype: float64","Ticker
FANG    0.460193
dtype: float64"
2023-03-31,OXY,ENERGY,0.015730041980681203,"Ticker
OXY    0.276342
dtype: float64","Ticker
OXY    0.469472
dtype: float64"
2023-03-31,CTRA,ENERGY,0.01186914681260837,"Ticker
CTRA    0.090614
dtype: float64","Ticker
CTRA    0.352706
dtype: float64"
2023-03-31,AXON,DEFENSE,0.032294489760005346,"Ticker
AXON    0.570636
dtype: float64","Ticker
AXON    0.465215
dtype: float64"
2023-03-31,HRL,CONSUMER_STAPLES,0.2355893694686234,"Ticker
HRL   -0.09012
dtype: float64","Ticker
HRL    0.222784
dtype: float64"
2023-03-31,SJM,CONSUMER_STAPLES,0.31398669673882573,"Ticker
SJM    0.028171
dtype: float64","Ticker
SJM    0.234754
dtype: float64"
2023-03-31,CHD,CONSUMER_STAPLES,0.061851188547692955,"Ticker
CHD    0.004708
dtype: float64","Ticker
CHD    0.200844
dtype: float64"
2023-03-31,KMB,CONSUMER_STAPLES,0.02339781439834701,"Ticker
KMB    0.000848
dtype: float64","Ticker
KMB    0.18668
dtype: float64"
2023-03-31,GIS,CONSUMER_STAPLES,0.049287237039822386,"Ticker
GIS   -0.017836
dtype: float64","Ticker
GIS    0.204798
dtype: float64"
2023-03-31,CF,MATERIALS,0.015325823382168023,"Ticker
CF    0.229464
dtype: float64","Ticker
CF    0.374421
dtype: float64"
2023-03-31,NEM,MATERIALS,0.011450217643191237,"Ticker
NEM    0.03605
dtype: float64","Ticker
NEM    0.345062
dtype: float64"
2023-04-30,CDNS,TECH,0.03183627814469154,"Ticker
CDNS    0.262662
dtype: float64","Ticker
CDNS    0.356003
dtype: float64"
2023-04-30,NTNX,TECH,0.05047632963500428,"Ticker
NTNX    0.26669
dtype: float64","Ticker
NTNX    0.503963
dtype: float64"
2023-04-30,BMRN,PHARMA,0.02168344352077655,"Ticker
BMRN   -0.136475
dtype: float64","Ticker
BMRN    0.355326
dtype: float64"
2023-04-30,NBIX,PHARMA,0.07129105054024293,"Ticker
NBIX    0.026498
dtype: float64","Ticker
NBIX    0.352501
dtype: float64"
2023-04-30,AMGN,PHARMA,0.00888602821269198,"Ticker
AMGN    0.072347
dtype: float64","Ticker
AMGN    0.234188
dtype: float64"
2023-04-30,REGN,PHARMA,0.017318331432196486,"Ticker
REGN   -0.012848
dtype: float64","Ticker
REGN    0.300165
dtype: float64"
2023-04-30,FANG,ENERGY,0.014616411402144282,"Ticker
FANG    0.311581
dtype: float64","Ticker
FANG    0.460193
dtype: float64"
2023-04-30,OXY,ENERGY,0.026558090087264407,"Ticker
OXY    0.276342
dtype: float64","Ticker
OXY    0.469472
dtype: float64"
2023-04-30,CTRA,ENERGY,0.012698507285087512,"Ticker
CTRA    0.090614
dtype: float64","Ticker
CTRA    0.352706
dtype: float64"
2023-04-30,AXON,DEFENSE,0.0496263006852926,"Ticker
AXON    0.570636
dtype: float64","Ticker
AXON    0.465215
dtype: float64"
2023-04-30,DECK,CONSUMER_DISCRETIONARY,5.398294687417686e-05,"Ticker
DECK    0.23937
dtype: float64","Ticker
DECK    0.426866
dtype: float64"
2023-04-30,HRL,CONSUMER_STAPLES,0.24191494514992823,"Ticker
HRL   -0.09012
dtype: float64","Ticker
HRL    0.222784
dtype: float64"
2023-04-30,SJM,CONSUMER_STAPLES,0.31083455657263254,"Ticker
SJM    0.028171
dtype: float64","Ticker
SJM    0.234754
dtype: float64"
2023-04-30,CHD,CONSUMER_STAPLES,0.019754200231652776,"Ticker
CHD    0.004708
dtype: float64","Ticker
CHD    0.200844
dtype: float64"
2023-04-30,KMB,CONSUMER_STAPLES,0.04618953892080372,"Ticker
KMB    0.000848
dtype: float64","Ticker
KMB    0.18668
dtype: float64"
2023-04-30,GIS,CONSUMER_STAPLES,0.0597153000527635,"Ticker
GIS   -0.017836
dtype: float64","Ticker
GIS    0.204798
dtype: float64"
2023-04-30,CF,MATERIALS,0.01654670517995238,"Ticker
CF    0.229464
dtype: float64","Ticker
CF    0.374421
dtype: float64"
2023-05-31,CDNS,TECH,0.03202415554532086,"Ticker
CDNS    0.262662
dtype: float64","Ticker
CDNS    0.356003
dtype: float64"
2023-05-31,NTNX,TECH,0.06332039410774097,"Ticker
NTNX    0.26669
dtype: float64","Ticker
NTNX    0.503963
dtype: float64"
2023-05-31,BMRN,PHARMA,0.014026923772315512,"Ticker
BMRN   -0.136475
dtype: float64","Ticker
BMRN    0.355326
dtype: float64"
2023-05-31,NBIX,PHARMA,0.05655228831311032,"Ticker
NBIX    0.026498
dtype: float64","Ticker
NBIX    0.352501
dtype: float64"
2023-05-31,AMGN,PHARMA,0.006123220466800724,"Ticker
AMGN    0.072347
dtype: float64","Ticker
AMGN    0.234188
dtype: float64"
2023-05-31,REGN,PHARMA,0.006551364294212025,"Ticker
REGN   -0.012848
dtype: float64","Ticker
REGN    0.300165
dtype: float64"
2023-05-31,OXY,ENERGY,0.03612163769120251,"Ticker
OXY    0.276342
dtype: float64","Ticker
OXY    0.469472
dtype: float64"
2023-05-31,CTRA,ENERGY,0.02054039804251473,"Ticker
CTRA    0.090614
dtype: float64","Ticker
CTRA    0.352706
dtype: float64"
2023-05-31,AXON,DEFENSE,0.052631352174203706,"Ticker
AXON    0.570636
dtype: float64","Ticker
AXON    0.465215
dtype: float64"
2023-05-31,DECK,CONSUMER_DISCRETIONARY,0.01903474704938357,"Ticker
DECK    0.23937
dtype: float64","Ticker
DECK    0.426866
dtype: float64"
2023-05-31,HRL,CONSUMER_STAPLES,0.20810967313731005,"Ticker
HRL   -0.09012
dtype: float64","Ticker
HRL    0.222784
dtype: float64"
2023-05-31,SJM,CONSUMER_STAPLES,0.35929607440688593,"Ticker
SJM    0.028171
dtype: float64","Ticker
SJM    0.234754
dtype: float64"
2023-05-31,CHD,CONSUMER_STAPLES,0.0631936551354027,"Ticker
CHD    0.004708
dtype: float64","Ticker
CHD    0.200844
dtype: float64"
2023-05-31,GIS,CONSUMER_STAPLES,0.05385847084725837,"Ticker
GIS   -0.017836
dtype: float64","Ticker
GIS    0.204798
dtype: float64"
2023-05-31,CF,MATERIALS,0.008615645016338325,"Ticker
CF    0.229464
dtype: float64","Ticker
CF    0.374421
dtype: float64"
2023-06-30,CDNS,TECH,0.028649259301549834,"Ticker
CDNS    0.262662
dtype: float64","Ticker
CDNS    0.356003
dtype: float64"
2023-06-30,KEYS,TECH,0.0015873305273499808,"Ticker
KEYS    0.097949
dtype: float64","Ticker
KEYS    0.30031
dtype: float64"
2023-06-30,NTNX,TECH,0.04786551426696238,"Ticker
NTNX    0.26669
dtype: float64","Ticker
NTNX    0.503963
dtype: float64"
2023-06-30,NBIX,PHARMA,0.033942280714341584,"Ticker
NBIX    0.026498
dtype: float64","Ticker
NBIX    0.352501
dtype: float64"
2023-06-30,TECH,PHARMA,0.010609471787374255,"Ticker
TECH   -0.0363
dtype: float64","Ticker
TECH    0.37036
dtype: float64"
2023-06-30,AMGN,PHARMA,0.051905392288800214,"Ticker
AMGN    0.072347
dtype: float64","Ticker
AMGN    0.234188
dtype: float64"
2023-06-30,REGN,PHARMA,0.01128499692620533,"Ticker
REGN   -0.012848
dtype: float64","Ticker
REGN    0.300165
dtype: float64"
2023-06-30,FANG,ENERGY,0.04033628796582958,"Ticker
FANG    0.311581
dtype: float64","Ticker
FANG    0.460193
dtype: float64"
2023-06-30,CTRA,ENERGY,0.01659304606735686,"Ticker
CTRA    0.090614
dtype: float64","Ticker
CTRA    0.352706
dtype: float64"
2023-06-30,AXON,DEFENSE,0.037302742288325266,"Ticker
AXON    0.570636
dtype: float64","Ticker
AXON    0.465215
dtype: float64"
2023-06-30,DECK,CONSUMER_DISCRETIONARY,0.0531851941135868,"Ticker
DECK    0.23937
dtype: float64","Ticker
DECK    0.426866
dtype: float64"
2023-06-30,SKX,CONSUMER_DISCRETIONARY,0.011298675033129533,"Ticker
SKX    0.163586
dtype: float64","Ticker
SKX    0.398741
dtype: float64"
2023-06-30,HRL,CONSUMER_STAPLES,0.2022874518162517,"Ticker
HRL   -0.09012
dtype: float64","Ticker
HRL    0.222784
dtype: float64"
2023-06-30,CPB,CONSUMER_STAPLES,0.0027978882861059507,"Ticker
CPB   -0.060124
dtype: float64","Ticker
CPB    0.229926
dtype: float64"
2023-06-30,SJM,CONSUMER_STAPLES,0.23459809811017635,"Ticker
SJM    0.028171
dtype: float64","Ticker
SJM    0.234754
dtype: float64"
2023-06-30,CHD,CONSUMER_STAPLES,0.07311240897853578,"Ticker
CHD    0.004708
dtype: float64","Ticker
CHD    0.200844
dtype: float64"
2023-06-30,CLX,CONSUMER_STAPLES,0.002074069927496089,"Ticker
CLX   -0.089311
dtype: float64","Ticker
CLX    0.254725
dtype: float64"
2023-06-30,KMB,CONSUMER_STAPLES,0.010554066221996972,"Ticker
KMB    0.000848
dtype: float64","Ticker
KMB    0.18668
dtype: float64"
2023-06-30,GIS,CONSUMER_STAPLES,0.04341435819958706,"Ticker
GIS   -0.017836
dtype: float64","Ticker
GIS    0.204798
dtype: float64"
2023-06-30,ED,UTILITIES,0.06173412314144443,"Ticker
ED    0.104254
dtype: float64","Ticker
ED    0.192212
dtype: float64"
2023-06-30,CF,MATERIALS,0.02486734403759408,"Ticker
CF    0.229464
dtype: float64","Ticker
CF    0.374421
dtype: float64"
2023-07-31,SNPS,TECH,0.04386338864175075,"Ticker
SNPS    0.253943
dtype: float64","Ticker
SNPS    0.35592
dtype: float64"
2023-07-31,CDNS,TECH,0.0070931168299075645,"Ticker
CDNS    0.262662
dtype: float64","Ticker
CDNS    0.356003
dtype: float64"
2023-07-31,KEYS,TECH,0.01230554905278455,"Ticker
KEYS    0.097949
dtype: float64","Ticker
KEYS    0.30031
dtype: float64"
2023-07-31,NTNX,TECH,0.018146773282167072,"Ticker
NTNX    0.26669
dtype: float64","Ticker
NTNX    0.503963
dtype: float64"
2023-07-31,NBIX,PHARMA,0.010658523353573712,"Ticker
NBIX    0.026498
dtype: float64","Ticker
NBIX    0.352501
dtype: float64"
2023-07-31,HRMY,PHARMA,0.0010979417671037306,"Ticker
HRMY   -0.000762
dtype: float64","Ticker
HRMY    0.536614
dtype: float64"
2023-07-31,AMGN,PHARMA,0.08399322752551532,"Ticker
AMGN    0.072347
dtype: float64","Ticker
AMGN    0.234188
dtype: float64"
2023-07-31,REGN,PHARMA,0.0038776049260817952,"Ticker
REGN   -0.012848
dtype: float64","Ticker
REGN    0.300165
dtype: float64"
2023-07-31,FANG,ENERGY,0.008644839156616355,"Ticker
FANG    0.311581
dtype: float64","Ticker
FANG    0.460193
dtype: float64"
2023-07-31,OXY,ENERGY,0.0051067501892710174,"Ticker
OXY    0.276342
dtype: float64","Ticker
OXY    0.469472
dtype: float64"
2023-07-31,HII,DEFENSE,0.0219293219170526,"Ticker
HII    0.129626
dtype: float64","Ticker
HII    0.298074
dtype: float64"
2023-07-31,KTOS,DEFENSE,0.0032112674951372097,"Ticker
KTOS    0.285773
dtype: float64","Ticker
KTOS    0.465002
dtype: float64"
2023-07-31,BWXT,DEFENSE,0.03364937918400629,"Ticker
BWXT    0.260323
dtype: float64","Ticker
BWXT    0.294112
dtype: float64"
2023-07-31,AXON,DEFENSE,0.031706788744056885,"Ticker
AXON    0.570636
dtype: float64","Ticker
AXON    0.465215
dtype: float64"
2023-07-31,DECK,CONSUMER_DISCRETIONARY,0.07885482968746946,"Ticker
DECK    0.23937
dtype: float64","Ticker
DECK    0.426866
dtype: float64"
2023-07-31,HRL,CONSUMER_STAPLES,0.15088104014224946,"Ticker
HRL   -0.09012
dtype: float64","Ticker
HRL    0.222784
dtype: float64"
2023-07-31,CAG,CONSUMER_STAPLES,0.017932991802941993,"Ticker
CAG   -0.090587
dtype: float64","Ticker
CAG    0.221318
dtype: float64"
2023-07-31,SJM,CONSUMER_STAPLES,0.10613141816243388,"Ticker
SJM    0.028171
dtype: float64","Ticker
SJM    0.234754
dtype: float64"
2023-07-31,CHD,CONSUMER_STAPLES,0.02766969280198176,"Ticker
CHD    0.004708
dtype: float64","Ticker
CHD    0.200844
dtype: float64"
2023-07-31,CLX,CONSUMER_STAPLES,0.06043707467768039,"Ticker
CLX   -0.089311
dtype: float64","Ticker
CLX    0.254725
dtype: float64"
2023-07-31,KMB,CONSUMER_STAPLES,0.090858794487666,"Ticker
KMB    0.000848
dtype: float64","Ticker
KMB    0.18668
dtype: float64"
2023-07-31,KHC,CONSUMER_STAPLES,0.06398588663853828,"Ticker
KHC   -0.007182
dtype: float64","Ticker
KHC    0.222246
dtype: float64"
2023-07-31,EXC,UTILITIES,0.003270428270884478,"Ticker
EXC    0.149184
dtype: float64","Ticker
EXC    0.213214
dtype: float64"
2023-07-31,ED,UTILITIES,0.06666265386024499,"Ticker
ED    0.104254
dtype: float64","Ticker
ED    0.192212
dtype: float64"
2023-07-31,CF,MATERIALS,0.03260119155799313,"Ticker
CF    0.229464
dtype: float64","Ticker
CF    0.374421
dtype: float64"
2023-07-31,NEM,MATERIALS,0.015429525844891366,"Ticker
NEM    0.03605
dtype: float64","Ticker
NEM    0.345062
dtype: float64"
2023-08-31,SNPS,TECH,0.06730750140643114,"Ticker
SNPS    0.253943
dtype: float64","Ticker
SNPS    0.35592
dtype: float64"
2023-08-31,KEYS,TECH,0.017960541108434883,"Ticker
KEYS    0.097949
dtype: float64","Ticker
KEYS    0.30031
dtype: float64"
2023-08-31,NTNX,TECH,0.01975794609492578,"Ticker
NTNX    0.26669
dtype: float64","Ticker
NTNX    0.503963
dtype: float64"
2023-08-31,BMRN,PHARMA,0.0034731274508620477,"Ticker
BMRN   -0.136475
dtype: float64","Ticker
BMRN    0.355326
dtype: float64"
2023-08-31,NBIX,PHARMA,0.04815105299012895,"Ticker
NBIX    0.026498
dtype: float64","Ticker
NBIX    0.352501
dtype: float64"
2023-08-31,TECH,PHARMA,0.013452257298544218,"Ticker
TECH   -0.0363
dtype: float64","Ticker
TECH    0.37036
dtype: float64"
2023-08-31,HRMY,PHARMA,0.0022799745896798563,"Ticker
HRMY   -0.000762
dtype: float64","Ticker
HRMY    0.536614
dtype: float64"
2023-08-31,AMGN,PHARMA,0.06214068599853007,"Ticker
AMGN    0.072347
dtype: float64","Ticker
AMGN    0.234188
dtype: float64"
2023-08-31,OXY,ENERGY,0.02113411886551844,"Ticker
OXY    0.276342
dtype: float64","Ticker
OXY    0.469472
dtype: float64"
2023-08-31,HII,DEFENSE,0.01952006020671772,"Ticker
HII    0.129626
dtype: float64","Ticker
HII    0.298074
dtype: float64"
2023-08-31,KTOS,DEFENSE,0.005503681023696362,"Ticker
KTOS    0.285773
dtype: float64","Ticker
KTOS    0.465002
dtype: float64"
2023-08-31,BWXT,DEFENSE,0.017678915969710128,"Ticker
BWXT    0.260323
dtype: float64","Ticker
BWXT    0.294112
dtype: float64"
2023-08-31,AXON,DEFENSE,0.013706926876892381,"Ticker
AXON    0.570636
dtype: float64","Ticker
AXON    0.465215
dtype: float64"
2023-08-31,AVAV,DEFENSE,0.008035539745294303,"Ticker
AVAV    0.247544
dtype: float64","Ticker
AVAV    0.524691
dtype: float64"
2023-08-31,DKS,CONSUMER_DISCRETIONARY,0.01777181783441856,"Ticker
DKS    0.418027
dtype: float64","Ticker
DKS    0.445978
dtype: float64"
2023-08-31,DECK,CONSUMER_DISCRETIONARY,0.0778098476288353,"Ticker
DECK    0.23937
dtype: float64","Ticker
DECK    0.426866
dtype: float64"
2023-08-31,HRL,CONSUMER_STAPLES,0.0872290067161892,"Ticker
HRL   -0.09012
dtype: float64","Ticker
HRL    0.222784
dtype: float64"
2023-08-31,CPB,CONSUMER_STAPLES,0.017777773929435962,"Ticker
CPB   -0.060124
dtype: float64","Ticker
CPB    0.229926
dtype: float64"
2023-08-31,CAG,CONSUMER_STAPLES,0.026331850499151946,"Ticker
CAG   -0.090587
dtype: float64","Ticker
CAG    0.221318
dtype: float64"
2023-08-31,SJM,CONSUMER_STAPLES,0.0283633524398475,"Ticker
SJM    0.028171
dtype: float64","Ticker
SJM    0.234754
dtype: float64"
2023-08-31,CHD,CONSUMER_STAPLES,0.053819019735171045,"Ticker
CHD    0.004708
dtype: float64","Ticker
CHD    0.200844
dtype: float64"
2023-08-31,CLX,CONSUMER_STAPLES,0.048632869989338356,"Ticker
CLX   -0.089311
dtype: float64","Ticker
CLX    0.254725
dtype: float64"
2023-08-31,KMB,CONSUMER_STAPLES,0.11000079863101268,"Ticker
KMB    0.000848
dtype: float64","Ticker
KMB    0.18668
dtype: float64"
2023-08-31,GIS,CONSUMER_STAPLES,0.056097362421844425,"Ticker
GIS   -0.017836
dtype: float64","Ticker
GIS    0.204798
dtype: float64"
2023-08-31,KHC,CONSUMER_STAPLES,0.027468654922837073,"Ticker
KHC   -0.007182
dtype: float64","Ticker
KHC    0.222246
dtype: float64"
2023-08-31,DUK,UTILITIES,0.008694748544706843,"Ticker
DUK    0.125995
dtype: float64","Ticker
DUK    0.185594
dtype: float64"
2023-08-31,EXC,UTILITIES,0.0064917943196232345,"Ticker
EXC    0.149184
dtype: float64","Ticker
EXC    0.213214
dtype: float64"
2023-08-31,ED,UTILITIES,0.058783607947599674,"Ticker
ED    0.104254
dtype: float64","Ticker
ED    0.192212
dtype: float64"
2023-08-31,ALB,MATERIALS,0.00894609463508743,"Ticker
ALB   -0.01055
dtype: float64","Ticker
ALB    0.527728
dtype: float64"
2023-08-31,CF,MATERIALS,0.027920626633728667,"Ticker
CF    0.229464
dtype: float64","Ticker
CF    0.374421
dtype: float64"
2023-08-31,NEM,MATERIALS,0.017758443545805812,"Ticker
NEM    0.03605
dtype: float64","Ticker
NEM    0.345062
dtype: float64"
2023-09-30,SNPS,TECH,0.06455062771481285,"Ticker
SNPS    0.253943
dtype: float64","Ticker
SNPS    0.35592
dtype: float64"
2023-09-30,MPWR,TECH,0.0013791976729200732,"Ticker
MPWR    0.250549
dtype: float64","Ticker
MPWR    0.531304
dtype: float64"
2023-09-30,KEYS,TECH,0.025121712983461653,"Ticker
KEYS    0.097949
dtype: float64","Ticker
KEYS    0.30031
dtype: float64"
2023-09-30,NTNX,TECH,0.01899623263525225,"Ticker
NTNX    0.26669
dtype: float64","Ticker
NTNX    0.503963
dtype: float64"
2023-09-30,BMRN,PHARMA,0.009175612533539998,"Ticker
BMRN   -0.136475
dtype: float64","Ticker
BMRN    0.355326
dtype: float64"
2023-09-30,NBIX,PHARMA,0.061925018480700776,"Ticker
NBIX    0.026498
dtype: float64","Ticker
NBIX    0.352501
dtype: float64"
2023-09-30,TECH,PHARMA,0.004736564689290564,"Ticker
TECH   -0.0363
dtype: float64","Ticker
TECH    0.37036
dtype: float64"
2023-09-30,HRMY,PHARMA,0.001809321187738121,"Ticker
HRMY   -0.000762
dtype: float64","Ticker
HRMY    0.536614
dtype: float64"
2023-09-30,AMGN,PHARMA,0.046963680368015855,"Ticker
AMGN    0.072347
dtype: float64","Ticker
AMGN    0.234188
dtype: float64"
2023-09-30,REGN,PHARMA,0.007002688888364856,"Ticker
REGN   -0.012848
dtype: float64","Ticker
REGN    0.300165
dtype: float64"
2023-09-30,OXY,ENERGY,0.037934865778565766,"Ticker
OXY    0.276342
dtype: float64","Ticker
OXY    0.469472
dtype: float64"
2023-09-30,HEI,DEFENSE,0.020003674724548476,"Ticker
HEI    0.24198
dtype: float64","Ticker
HEI    0.270262
dtype: float64"
2023-09-30,KTOS,DEFENSE,0.006063837691537828,"Ticker
KTOS    0.285773
dtype: float64","Ticker
KTOS    0.465002
dtype: float64"
2023-09-30,BWXT,DEFENSE,0.017398779919821437,"Ticker
BWXT    0.260323
dtype: float64","Ticker
BWXT    0.294112
dtype: float64"
2023-09-30,AXON,DEFENSE,0.001048084240905813,"Ticker
AXON    0.570636
dtype: float64","Ticker
AXON    0.465215
dtype: float64"
2023-09-30,AVAV,DEFENSE,0.016069585429040367,"Ticker
AVAV    0.247544
dtype: float64","Ticker
AVAV    0.524691
dtype: float64"
2023-09-30,DKS,CONSUMER_DISCRETIONARY,0.022745281123933713,"Ticker
DKS    0.418027
dtype: float64","Ticker
DKS    0.445978
dtype: float64"
2023-09-30,DECK,CONSUMER_DISCRETIONARY,0.038681141658549925,"Ticker
DECK    0.23937
dtype: float64","Ticker
DECK    0.426866
dtype: float64"
2023-09-30,HRL,CONSUMER_STAPLES,0.0732152974792957,"Ticker
HRL   -0.09012
dtype: float64","Ticker
HRL    0.222784
dtype: float64"
2023-09-30,SJM,CONSUMER_STAPLES,0.04047352353407996,"Ticker
SJM    0.028171
dtype: float64","Ticker
SJM    0.234754
dtype: float64"
2023-09-30,CHD,CONSUMER_STAPLES,0.09037957802035454,"Ticker
CHD    0.004708
dtype: float64","Ticker
CHD    0.200844
dtype: float64"
2023-09-30,CLX,CONSUMER_STAPLES,0.042306799471172794,"Ticker
CLX   -0.089311
dtype: float64","Ticker
CLX    0.254725
dtype: float64"
2023-09-30,KMB,CONSUMER_STAPLES,0.11737205178001173,"Ticker
KMB    0.000848
dtype: float64","Ticker
KMB    0.18668
dtype: float64"
2023-09-30,GIS,CONSUMER_STAPLES,0.04199971095397279,"Ticker
GIS   -0.017836
dtype: float64","Ticker
GIS    0.204798
dtype: float64"
2023-09-30,KHC,CONSUMER_STAPLES,0.13402979541873786,"Ticker
KHC   -0.007182
dtype: float64","Ticker
KHC    0.222246
dtype: float64"
2023-09-30,ED,UTILITIES,0.0355120865324792,"Ticker
ED    0.104254
dtype: float64","Ticker
ED    0.192212
dtype: float64"
2023-09-30,ALB,MATERIALS,0.010056756854811883,"Ticker
ALB   -0.01055
dtype: float64","Ticker
ALB    0.527728
dtype: float64"
2023-09-30,CF,MATERIALS,0.003579120903185785,"Ticker
CF    0.229464
dtype: float64","Ticker
CF    0.374421
dtype: float64"
2023-09-30,NEM,MATERIALS,0.009469371330897638,"Ticker
NEM    0.03605
dtype: float64","Ticker
NEM    0.345062
dtype: float64"
2023-10-31,SNPS,TECH,0.06918455400319408,"Ticker
SNPS    0.253943
dtype: float64","Ticker
SNPS    0.35592
dtype: float64"
2023-10-31,KEYS,TECH,0.016673169455497298,"Ticker
KEYS    0.097949
dtype: float64","Ticker
KEYS    0.30031
dtype: float64"
2023-10-31,NTNX,TECH,0.011711256779616945,"Ticker
NTNX    0.26669
dtype: float64","Ticker
NTNX    0.503963
dtype: float64"
2023-10-31,BMRN,PHARMA,0.019014428727419277,"Ticker
BMRN   -0.136475
dtype: float64","Ticker
BMRN    0.355326
dtype: float64"
2023-10-31,NBIX,PHARMA,0.05121919568248904,"Ticker
NBIX    0.026498
dtype: float64","Ticker
NBIX    0.352501
dtype: float64"
2023-10-31,TECH,PHARMA,0.018744965068719727,"Ticker
TECH   -0.0363
dtype: float64","Ticker
TECH    0.37036
dtype: float64"
2023-10-31,INSM,PHARMA,0.008012380105314168,"Ticker
INSM    0.358294
dtype: float64","Ticker
INSM    0.73158
dtype: float64"
2023-10-31,HRMY,PHARMA,0.0010475570517732243,"Ticker
HRMY   -0.000762
dtype: float64","Ticker
HRMY    0.536614
dtype: float64"
2023-10-31,AMGN,PHARMA,0.050912739731866635,"Ticker
AMGN    0.072347
dtype: float64","Ticker
AMGN    0.234188
dtype: float64"
2023-10-31,REGN,PHARMA,0.039142881887332656,"Ticker
REGN   -0.012848
dtype: float64","Ticker
REGN    0.300165
dtype: float64"
2023-10-31,FANG,ENERGY,0.031012242779848525,"Ticker
FANG    0.311581
dtype: float64","Ticker
FANG    0.460193
dtype: float64"
2023-10-31,OXY,ENERGY,0.012461500728700942,"Ticker
OXY    0.276342
dtype: float64","Ticker
OXY    0.469472
dtype: float64"
2023-10-31,KTOS,DEFENSE,0.0069453081587563005,"Ticker
KTOS    0.285773
dtype: float64","Ticker
KTOS    0.465002
dtype: float64"
2023-10-31,BWXT,DEFENSE,0.00282214486531159,"Ticker
BWXT    0.260323
dtype: float64","Ticker
BWXT    0.294112
dtype: float64"
2023-10-31,AVAV,DEFENSE,0.013417614951652432,"Ticker
AVAV    0.247544
dtype: float64","Ticker
AVAV    0.524691
dtype: float64"
2023-10-31,IEX,INDUSTRIALS,0.03166122490779194,"Ticker
IEX    0.00007
dtype: float64","Ticker
IEX    0.240761
dtype: float64"
2023-10-31,AME,INDUSTRIALS,0.008956089260529135,"Ticker
AME    0.131255
dtype: float64","Ticker
AME    0.217337
dtype: float64"
2023-10-31,DKS,CONSUMER_DISCRETIONARY,0.011678719431257513,"Ticker
DKS    0.418027
dtype: float64","Ticker
DKS    0.445978
dtype: float64"
2023-10-31,DECK,CONSUMER_DISCRETIONARY,0.050325500482046474,"Ticker
DECK    0.23937
dtype: float64","Ticker
DECK    0.426866
dtype: float64"
2023-10-31,HRL,CONSUMER_STAPLES,0.010892049519201355,"Ticker
HRL   -0.09012
dtype: float64","Ticker
HRL    0.222784
dtype: float64"
2023-10-31,SJM,CONSUMER_STAPLES,0.03307613996249134,"Ticker
SJM    0.028171
dtype: float64","Ticker
SJM    0.234754
dtype: float64"
2023-10-31,CHD,CONSUMER_STAPLES,0.12486402492087399,"Ticker
CHD    0.004708
dtype: float64","Ticker
CHD    0.200844
dtype: float64"
2023-10-31,CLX,CONSUMER_STAPLES,0.02052378587300941,"Ticker
CLX   -0.089311
dtype: float64","Ticker
CLX    0.254725
dtype: float64"
2023-10-31,KMB,CONSUMER_STAPLES,0.14036470440599333,"Ticker
KMB    0.000848
dtype: float64","Ticker
KMB    0.18668
dtype: float64"
2023-10-31,GIS,CONSUMER_STAPLES,0.0872666370504492,"Ticker
GIS   -0.017836
dtype: float64","Ticker
GIS    0.204798
dtype: float64"
2023-10-31,KHC,CONSUMER_STAPLES,0.0850571572998661,"Ticker
KHC   -0.007182
dtype: float64","Ticker
KHC    0.222246
dtype: float64"
2023-10-31,ED,UTILITIES,0.016122008206336552,"Ticker
ED    0.104254
dtype: float64","Ticker
ED    0.192212
dtype: float64"
2023-10-31,CF,MATERIALS,8.286558512228602e-06,"Ticker
CF    0.229464
dtype: float64","Ticker
CF    0.374421
dtype: float64"
2023-10-31,NEM,MATERIALS,0.026881732144148764,"Ticker
NEM    0.03605
dtype: float64","Ticker
NEM    0.345062
dtype: float64"
2023-11-30,SNPS,TECH,0.08907977763809537,"Ticker
SNPS    0.253943
dtype: float64","Ticker
SNPS    0.35592
dtype: float64"
2023-11-30,KEYS,TECH,0.02141556433967054,"Ticker
KEYS    0.097949
dtype: float64","Ticker
KEYS    0.30031
dtype: float64"
2023-11-30,BMRN,PHARMA,0.06168464225741256,"Ticker
BMRN   -0.136475
dtype: float64","Ticker
BMRN    0.355326
dtype: float64"
2023-11-30,NBIX,PHARMA,0.021181652674901012,"Ticker
NBIX    0.026498
dtype: float64","Ticker
NBIX    0.352501
dtype: float64"
2023-11-30,TECH,PHARMA,0.0075964474332396205,"Ticker
TECH   -0.0363
dtype: float64","Ticker
TECH    0.37036
dtype: float64"
2023-11-30,INSM,PHARMA,0.01661768716342934,"Ticker
INSM    0.358294
dtype: float64","Ticker
INSM    0.73158
dtype: float64"
2023-11-30,HRMY,PHARMA,0.0007616603183705727,"Ticker
HRMY   -0.000762
dtype: float64","Ticker
HRMY    0.536614
dtype: float64"
2023-11-30,AMGN,PHARMA,0.0485729576143395,"Ticker
AMGN    0.072347
dtype: float64","Ticker
AMGN    0.234188
dtype: float64"
2023-11-30,REGN,PHARMA,0.042493827391836304,"Ticker
REGN   -0.012848
dtype: float64","Ticker
REGN    0.300165
dtype: float64"
2023-11-30,VRTX,PHARMA,0.004104703244124363,"Ticker
VRTX    0.075121
dtype: float64","Ticker
VRTX    0.301151
dtype: float64"
2023-11-30,FANG,ENERGY,0.0024721414091603733,"Ticker
FANG    0.311581
dtype: float64","Ticker
FANG    0.460193
dtype: float64"
2023-11-30,OXY,ENERGY,0.046557597568520646,"Ticker
OXY    0.276342
dtype: float64","Ticker
OXY    0.469472
dtype: float64"
2023-11-30,TDG,DEFENSE,0.030378740819265244,"Ticker
TDG    0.262196
dtype: float64","Ticker
TDG    0.287537
dtype: float64"
2023-11-30,AVAV,DEFENSE,0.018986724646614803,"Ticker
AVAV    0.247544
dtype: float64","Ticker
AVAV    0.524691
dtype: float64"
2023-11-30,EMR,INDUSTRIALS,0.012596308220578667,"Ticker
EMR    0.162415
dtype: float64","Ticker
EMR    0.263963
dtype: float64"
2023-11-30,IEX,INDUSTRIALS,0.0020322503932623357,"Ticker
IEX    0.00007
dtype: float64","Ticker
IEX    0.240761
dtype: float64"
2023-11-30,AME,INDUSTRIALS,0.013396354693273485,"Ticker
AME    0.131255
dtype: float64","Ticker
AME    0.217337
dtype: float64"
2023-11-30,DECK,CONSUMER_DISCRETIONARY,0.05769310920852685,"Ticker
DECK    0.23937
dtype: float64","Ticker
DECK    0.426866
dtype: float64"
2023-11-30,CPB,CONSUMER_STAPLES,0.0010287920055489879,"Ticker
CPB   -0.060124
dtype: float64","Ticker
CPB    0.229926
dtype: float64"
2023-11-30,SJM,CONSUMER_STAPLES,0.06042450838544973,"Ticker
SJM    0.028171
dtype: float64","Ticker
SJM    0.234754
dtype: float64"
2023-11-30,CHD,CONSUMER_STAPLES,0.041795017580061274,"Ticker
CHD    0.004708
dtype: float64","Ticker
CHD    0.200844
dtype: float64"
2023-11-30,KMB,CONSUMER_STAPLES,0.20481219691344457,"Ticker
KMB    0.000848
dtype: float64","Ticker
KMB    0.18668
dtype: float64"
2023-11-30,GIS,CONSUMER_STAPLES,0.10617358910784772,"Ticker
GIS   -0.017836
dtype: float64","Ticker
GIS    0.204798
dtype: float64"
2023-11-30,KHC,CONSUMER_STAPLES,0.028453505354870193,"Ticker
KHC   -0.007182
dtype: float64","Ticker
KHC    0.222246
dtype: float64"
2023-11-30,ED,UTILITIES,0.03453754280958718,"Ticker
ED    0.104254
dtype: float64","Ticker
ED    0.192212
dtype: float64"
2023-11-30,CF,MATERIALS,0.012383082923156038,"Ticker
CF    0.229464
dtype: float64","Ticker
CF    0.374421
dtype: float64"
2023-11-30,NEM,MATERIALS,0.012769617885412695,"Ticker
NEM    0.03605
dtype: float64","Ticker
NEM    0.345062
dtype: float64"
2023-12-31,SNPS,TECH,0.07818617666343855,"Ticker
SNPS    0.253943
dtype: float64","Ticker
SNPS    0.35592
dtype: float64"
2023-12-31,KEYS,TECH,0.029638485615491175,"Ticker
KEYS    0.097949
dtype: float64","Ticker
KEYS    0.30031
dtype: float64"
2023-12-31,BMRN,PHARMA,0.04013546166818425,"Ticker
BMRN   -0.136475
dtype: float64","Ticker
BMRN    0.355326
dtype: float64"
2023-12-31,VTRS,PHARMA,0.0076386007051423115,"Ticker
VTRS   -0.048485
dtype: float64","Ticker
VTRS    0.341892
dtype: float64"
2023-12-31,NBIX,PHARMA,0.016764447808968432,"Ticker
NBIX    0.026498
dtype: float64","Ticker
NBIX    0.352501
dtype: float64"
2023-12-31,INSM,PHARMA,0.011427909325418834,"Ticker
INSM    0.358294
dtype: float64","Ticker
INSM    0.73158
dtype: float64"
2023-12-31,AMGN,PHARMA,0.025012290002480488,"Ticker
AMGN    0.072347
dtype: float64","Ticker
AMGN    0.234188
dtype: float64"
2023-12-31,REGN,PHARMA,0.05634698906651566,"Ticker
REGN   -0.012848
dtype: float64","Ticker
REGN    0.300165
dtype: float64"
2023-12-31,FANG,ENERGY,0.04265031900953847,"Ticker
FANG    0.311581
dtype: float64","Ticker
FANG    0.460193
dtype: float64"
2023-12-31,OXY,ENERGY,0.04650771836351063,"Ticker
OXY    0.276342
dtype: float64","Ticker
OXY    0.469472
dtype: float64"
2023-12-31,AVAV,DEFENSE,0.014149376267137706,"Ticker
AVAV    0.247544
dtype: float64","Ticker
AVAV    0.524691
dtype: float64"
2023-12-31,EMR,INDUSTRIALS,0.016295777750192666,"Ticker
EMR    0.162415
dtype: float64","Ticker
EMR    0.263963
dtype: float64"
2023-12-31,IEX,INDUSTRIALS,0.019538045961720846,"Ticker
IEX    0.00007
dtype: float64","Ticker
IEX    0.240761
dtype: float64"
2023-12-31,AME,INDUSTRIALS,0.053149929089171995,"Ticker
AME    0.131255
dtype: float64","Ticker
AME    0.217337
dtype: float64"
2023-12-31,DKS,CONSUMER_DISCRETIONARY,0.0006925559863630205,"Ticker
DKS    0.418027
dtype: float64","Ticker
DKS    0.445978
dtype: float64"
2023-12-31,DECK,CONSUMER_DISCRETIONARY,0.046351477737154756,"Ticker
DECK    0.23937
dtype: float64","Ticker
DECK    0.426866
dtype: float64"
2023-12-31,SKX,CONSUMER_DISCRETIONARY,0.0022784363218220794,"Ticker
SKX    0.163586
dtype: float64","Ticker
SKX    0.398741
dtype: float64"
2023-12-31,SJM,CONSUMER_STAPLES,0.03735009998035644,"Ticker
SJM    0.028171
dtype: float64","Ticker
SJM    0.234754
dtype: float64"
2023-12-31,CHD,CONSUMER_STAPLES,0.07326808053434598,"Ticker
CHD    0.004708
dtype: float64","Ticker
CHD    0.200844
dtype: float64"
2023-12-31,KMB,CONSUMER_STAPLES,0.2013458365106787,"Ticker
KMB    0.000848
dtype: float64","Ticker
KMB    0.18668
dtype: float64"
2023-12-31,GIS,CONSUMER_STAPLES,0.07588591565807654,"Ticker
GIS   -0.017836
dtype: float64","Ticker
GIS    0.204798
dtype: float64"
2023-12-31,KHC,CONSUMER_STAPLES,0.03311456095874982,"Ticker
KHC   -0.007182
dtype: float64","Ticker
KHC    0.222246
dtype: float64"
2023-12-31,ED,UTILITIES,0.052563319252405066,"Ticker
ED    0.104254
dtype: float64","Ticker
ED    0.192212
dtype: float64"
2023-12-31,CF,MATERIALS,0.008563707902727145,"Ticker
CF    0.229464
dtype: float64","Ticker
CF    0.374421
dtype: float64"
2023-12-31,NEM,MATERIALS,0.00310883878358868,"Ticker
NEM    0.03605
dtype: float64","Ticker
NEM    0.345062
dtype: float64"
2023-12-31,VMC,MATERIALS,0.008035643076819891,"Ticker
VMC    0.186418
dtype: float64","Ticker
VMC    0.26907
dtype: float64"
2024-01-31,SNPS,TECH,0.06865312789079979,"Ticker
SNPS    0.253943
dtype: float64","Ticker
SNPS    0.35592
dtype: float64"
2024-01-31,KEYS,TECH,0.048057789685241145,"Ticker
KEYS    0.097949
dtype: float64","Ticker
KEYS    0.30031
dtype: float64"
2024-01-31,NTNX,TECH,0.0008613571800072401,"Ticker
NTNX    0.26669
dtype: float64","Ticker
NTNX    0.503963
dtype: float64"
2024-01-31,BMRN,PHARMA,0.03483164072499564,"Ticker
BMRN   -0.136475
dtype: float64","Ticker
BMRN    0.355326
dtype: float64"
2024-01-31,VTRS,PHARMA,0.03849982105877868,"Ticker
VTRS   -0.048485
dtype: float64","Ticker
VTRS    0.341892
dtype: float64"
2024-01-31,NBIX,PHARMA,0.0321846566876825,"Ticker
NBIX    0.026498
dtype: float64","Ticker
NBIX    0.352501
dtype: float64"
2024-01-31,AMGN,PHARMA,0.009561112519852638,"Ticker
AMGN    0.072347
dtype: float64","Ticker
AMGN    0.234188
dtype: float64"
2024-01-31,REGN,PHARMA,0.08427414988642423,"Ticker
REGN   -0.012848
dtype: float64","Ticker
REGN    0.300165
dtype: float64"
2024-01-31,FANG,ENERGY,0.13315373918238974,"Ticker
FANG    0.311581
dtype: float64","Ticker
FANG    0.460193
dtype: float64"
2024-01-31,OXY,ENERGY,0.0014920474124502196,"Ticker
OXY    0.276342
dtype: float64","Ticker
OXY    0.469472
dtype: float64"
2024-01-31,TDG,DEFENSE,0.03231718958791629,"Ticker
TDG    0.262196
dtype: float64","Ticker
TDG    0.287537
dtype: float64"
2024-01-31,EMR,INDUSTRIALS,0.011940192574975203,"Ticker
EMR    0.162415
dtype: float64","Ticker
EMR    0.263963
dtype: float64"
2024-01-31,AME,INDUSTRIALS,0.046362091773258715,"Ticker
AME    0.131255
dtype: float64","Ticker
AME    0.217337
dtype: float64"
2024-01-31,DECK,CONSUMER_DISCRETIONARY,0.0360867241301235,"Ticker
DECK    0.23937
dtype: float64","Ticker
DECK    0.426866
dtype: float64"
2024-01-31,CPB,CONSUMER_STAPLES,0.000704291068641818,"Ticker
CPB   -0.060124
dtype: float64","Ticker
CPB    0.229926
dtype: float64"
2024-01-31,SJM,CONSUMER_STAPLES,0.009142180611910555,"Ticker
SJM    0.028171
dtype: float64","Ticker
SJM    0.234754
dtype: float64"
2024-01-31,CHD,CONSUMER_STAPLES,0.12946764530576407,"Ticker
CHD    0.004708
dtype: float64","Ticker
CHD    0.200844
dtype: float64"
2024-01-31,KMB,CONSUMER_STAPLES,0.12369463208212532,"Ticker
KMB    0.000848
dtype: float64","Ticker
KMB    0.18668
dtype: float64"
2024-01-31,GIS,CONSUMER_STAPLES,0.0296005525759941,"Ticker
GIS   -0.017836
dtype: float64","Ticker
GIS    0.204798
dtype: float64"
2024-01-31,KHC,CONSUMER_STAPLES,0.05086663732561813,"Ticker
KHC   -0.007182
dtype: float64","Ticker
KHC    0.222246
dtype: float64"
2024-01-31,DUK,UTILITIES,0.013588616897471865,"Ticker
DUK    0.125995
dtype: float64","Ticker
DUK    0.185594
dtype: float64"
2024-01-31,SO,UTILITIES,0.00023737268450852865,"Ticker
SO    0.161561
dtype: float64","Ticker
SO    0.189358
dtype: float64"
2024-01-31,ED,UTILITIES,0.051376515297074626,"Ticker
ED    0.104254
dtype: float64","Ticker
ED    0.192212
dtype: float64"
2024-01-31,CF,MATERIALS,0.013045915855995726,"Ticker
CF    0.229464
dtype: float64","Ticker
CF    0.374421
dtype: float64"
2024-02-29,SNPS,TECH,0.04019704535349273,"Ticker
SNPS    0.253943
dtype: float64","Ticker
SNPS    0.35592
dtype: float64"
2024-02-29,KEYS,TECH,0.02977717623689387,"Ticker
KEYS    0.097949
dtype: float64","Ticker
KEYS    0.30031
dtype: float64"
2024-02-29,BMRN,PHARMA,0.05626119705607416,"Ticker
BMRN   -0.136475
dtype: float64","Ticker
BMRN    0.355326
dtype: float64"
2024-02-29,NBIX,PHARMA,0.026217554764436008,"Ticker
NBIX    0.026498
dtype: float64","Ticker
NBIX    0.352501
dtype: float64"
2024-02-29,AMGN,PHARMA,0.028319165234653842,"Ticker
AMGN    0.072347
dtype: float64","Ticker
AMGN    0.234188
dtype: float64"
2024-02-29,REGN,PHARMA,0.07328008333266214,"Ticker
REGN   -0.012848
dtype: float64","Ticker
REGN    0.300165
dtype: float64"
2024-02-29,VRTX,PHARMA,0.009994431056076714,"Ticker
VRTX    0.075121
dtype: float64","Ticker
VRTX    0.301151
dtype: float64"
2024-02-29,FANG,ENERGY,0.07894832194330052,"Ticker
FANG    0.311581
dtype: float64","Ticker
FANG    0.460193
dtype: float64"
2024-02-29,OXY,ENERGY,0.023366184410111797,"Ticker
OXY    0.276342
dtype: float64","Ticker
OXY    0.469472
dtype: float64"
2024-02-29,CTRA,ENERGY,0.00025048274301248813,"Ticker
CTRA    0.090614
dtype: float64","Ticker
CTRA    0.352706
dtype: float64"
2024-02-29,TDG,DEFENSE,0.014122818347273918,"Ticker
TDG    0.262196
dtype: float64","Ticker
TDG    0.287537
dtype: float64"
2024-02-29,CW,DEFENSE,0.01639664896961702,"Ticker
CW    0.363991
dtype: float64","Ticker
CW    0.279377
dtype: float64"
2024-02-29,LDOS,DEFENSE,0.047067911859173854,"Ticker
LDOS    0.156297
dtype: float64","Ticker
LDOS    0.260302
dtype: float64"
2024-02-29,EMR,INDUSTRIALS,0.04354571820845287,"Ticker
EMR    0.162415
dtype: float64","Ticker
EMR    0.263963
dtype: float64"
2024-02-29,IEX,INDUSTRIALS,0.025661615122818192,"Ticker
IEX    0.00007
dtype: float64","Ticker
IEX    0.240761
dtype: float64"
2024-02-29,AME,INDUSTRIALS,0.04739898856475885,"Ticker
AME    0.131255
dtype: float64","Ticker
AME    0.217337
dtype: float64"
2024-02-29,DECK,CONSUMER_DISCRETIONARY,0.03366899492506466,"Ticker
DECK    0.23937
dtype: float64","Ticker
DECK    0.426866
dtype: float64"
2024-02-29,CPB,CONSUMER_STAPLES,0.026567853551176898,"Ticker
CPB   -0.060124
dtype: float64","Ticker
CPB    0.229926
dtype: float64"
2024-02-29,SJM,CONSUMER_STAPLES,0.017108138012364944,"Ticker
SJM    0.028171
dtype: float64","Ticker
SJM    0.234754
dtype: float64"
2024-02-29,CHD,CONSUMER_STAPLES,0.130170542147704,"Ticker
CHD    0.004708
dtype: float64","Ticker
CHD    0.200844
dtype: float64"
2024-02-29,KMB,CONSUMER_STAPLES,0.10389376734874467,"Ticker
KMB    0.000848
dtype: float64","Ticker
KMB    0.18668
dtype: float64"
2024-02-29,GIS,CONSUMER_STAPLES,0.017566450469581746,"Ticker
GIS   -0.017836
dtype: float64","Ticker
GIS    0.204798
dtype: float64"
2024-02-29,KHC,CONSUMER_STAPLES,0.024494889763485208,"Ticker
KHC   -0.007182
dtype: float64","Ticker
KHC    0.222246
dtype: float64"
2024-02-29,SO,UTILITIES,0.01745084650376707,"Ticker
SO    0.161561
dtype: float64","Ticker
SO    0.189358
dtype: float64"
2024-02-29,ED,UTILITIES,0.006313696164764318,"Ticker
ED    0.104254
dtype: float64","Ticker
ED    0.192212
dtype: float64"
2024-02-29,ECL,MATERIALS,0.030939393153936852,"Ticker
ECL    0.087874
dtype: float64","Ticker
ECL    0.245122
dtype: float64"
2024-02-29,CF,MATERIALS,0.031020084756600803,"Ticker
CF    0.229464
dtype: float64","Ticker
CF    0.374421
dtype: float64"
2024-03-31,SNPS,TECH,0.0274645773353702,"Ticker
SNPS    0.253943
dtype: float64","Ticker
SNPS    0.35592
dtype: float64"
2024-03-31,KEYS,TECH,0.02538081149719388,"Ticker
KEYS    0.097949
dtype: float64","Ticker
KEYS    0.30031
dtype: float64"
2024-03-31,NTNX,TECH,0.006356739198327443,"Ticker
NTNX    0.26669
dtype: float64","Ticker
NTNX    0.503963
dtype: float64"
2024-03-31,BMRN,PHARMA,0.04554267554841526,"Ticker
BMRN   -0.136475
dtype: float64","Ticker
BMRN    0.355326
dtype: float64"
2024-03-31,NBIX,PHARMA,0.025053394061427953,"Ticker
NBIX    0.026498
dtype: float64","Ticker
NBIX    0.352501
dtype: float64"
2024-03-31,AMGN,PHARMA,0.025509707127648502,"Ticker
AMGN    0.072347
dtype: float64","Ticker
AMGN    0.234188
dtype: float64"
2024-03-31,REGN,PHARMA,0.11241498899247108,"Ticker
REGN   -0.012848
dtype: float64","Ticker
REGN    0.300165
dtype: float64"
2024-03-31,FANG,ENERGY,0.07829983327237727,"Ticker
FANG    0.311581
dtype: float64","Ticker
FANG    0.460193
dtype: float64"
2024-03-31,OXY,ENERGY,0.026458074928301614,"Ticker
OXY    0.276342
dtype: float64","Ticker
OXY    0.469472
dtype: float64"
2024-03-31,CTRA,ENERGY,0.006531142591296569,"Ticker
CTRA    0.090614
dtype: float64","Ticker
CTRA    0.352706
dtype: float64"
2024-03-31,TDG,DEFENSE,0.006776702141762834,"Ticker
TDG    0.262196
dtype: float64","Ticker
TDG    0.287537
dtype: float64"
2024-03-31,LDOS,DEFENSE,0.047651369544896634,"Ticker
LDOS    0.156297
dtype: float64","Ticker
LDOS    0.260302
dtype: float64"
2024-03-31,AVAV,DEFENSE,0.006422356731902923,"Ticker
AVAV    0.247544
dtype: float64","Ticker
AVAV    0.524691
dtype: float64"
2024-03-31,EMR,INDUSTRIALS,0.046266714125151265,"Ticker
EMR    0.162415
dtype: float64","Ticker
EMR    0.263963
dtype: float64"
2024-03-31,IEX,INDUSTRIALS,0.021007196519536715,"Ticker
IEX    0.00007
dtype: float64","Ticker
IEX    0.240761
dtype: float64"
2024-03-31,AME,INDUSTRIALS,0.06513118789310891,"Ticker
AME    0.131255
dtype: float64","Ticker
AME    0.217337
dtype: float64"
2024-03-31,DECK,CONSUMER_DISCRETIONARY,0.032911345146284465,"Ticker
DECK    0.23937
dtype: float64","Ticker
DECK    0.426866
dtype: float64"
2024-03-31,CPB,CONSUMER_STAPLES,0.018444467378641874,"Ticker
CPB   -0.060124
dtype: float64","Ticker
CPB    0.229926
dtype: float64"
2024-03-31,SJM,CONSUMER_STAPLES,0.012824555736776632,"Ticker
SJM    0.028171
dtype: float64","Ticker
SJM    0.234754
dtype: float64"
2024-03-31,CHD,CONSUMER_STAPLES,0.12210085664974625,"Ticker
CHD    0.004708
dtype: float64","Ticker
CHD    0.200844
dtype: float64"
2024-03-31,KMB,CONSUMER_STAPLES,0.0696747550301347,"Ticker
KMB    0.000848
dtype: float64","Ticker
KMB    0.18668
dtype: float64"
2024-03-31,GIS,CONSUMER_STAPLES,0.04158767066663329,"Ticker
GIS   -0.017836
dtype: float64","Ticker
GIS    0.204798
dtype: float64"
2024-03-31,KHC,CONSUMER_STAPLES,0.034055503063203985,"Ticker
KHC   -0.007182
dtype: float64","Ticker
KHC    0.222246
dtype: float64"
2024-03-31,DUK,UTILITIES,0.020246685820579126,"Ticker
DUK    0.125995
dtype: float64","Ticker
DUK    0.185594
dtype: float64"
2024-03-31,SO,UTILITIES,0.011090167099159871,"Ticker
SO    0.161561
dtype: float64","Ticker
SO    0.189358
dtype: float64"
2024-03-31,ED,UTILITIES,0.003121847273529534,"Ticker
ED    0.104254
dtype: float64","Ticker
ED    0.192212
dtype: float64"
2024-03-31,ECL,MATERIALS,0.04131814731214872,"Ticker
ECL    0.087874
dtype: float64","Ticker
ECL    0.245122
dtype: float64"
2024-03-31,CF,MATERIALS,0.020356527313972358,"Ticker
CF    0.229464
dtype: float64","Ticker
CF    0.374421
dtype: float64"
2024-04-30,SNPS,TECH,0.009661810269700342,"Ticker
SNPS    0.253943
dtype: float64","Ticker
SNPS    0.35592
dtype: float64"
2024-04-30,CDNS,TECH,0.026498211393572575,"Ticker
CDNS    0.262662
dtype: float64","Ticker
CDNS    0.356003
dtype: float64"
2024-04-30,KEYS,TECH,0.004136695774774728,"Ticker
KEYS    0.097949
dtype: float64","Ticker
KEYS    0.30031
dtype: float64"
2024-04-30,NTNX,TECH,0.002821035282936394,"Ticker
NTNX    0.26669
dtype: float64","Ticker
NTNX    0.503963
dtype: float64"
2024-04-30,BMRN,PHARMA,0.03921430661442197,"Ticker
BMRN   -0.136475
dtype: float64","Ticker
BMRN    0.355326
dtype: float64"
2024-04-30,NBIX,PHARMA,0.002495081013386952,"Ticker
NBIX    0.026498
dtype: float64","Ticker
NBIX    0.352501
dtype: float64"
2024-04-30,REGN,PHARMA,0.10746281039846897,"Ticker
REGN   -0.012848
dtype: float64","Ticker
REGN    0.300165
dtype: float64"
2024-04-30,VRTX,PHARMA,0.00017961682358700497,"Ticker
VRTX    0.075121
dtype: float64","Ticker
VRTX    0.301151
dtype: float64"
2024-04-30,FANG,ENERGY,0.05619977682391494,"Ticker
FANG    0.311581
dtype: float64","Ticker
FANG    0.460193
dtype: float64"
2024-04-30,OXY,ENERGY,0.06085268715243684,"Ticker
OXY    0.276342
dtype: float64","Ticker
OXY    0.469472
dtype: float64"
2024-04-30,LDOS,DEFENSE,0.08535752137570676,"Ticker
LDOS    0.156297
dtype: float64","Ticker
LDOS    0.260302
dtype: float64"
2024-04-30,AVAV,DEFENSE,0.0022617960242027812,"Ticker
AVAV    0.247544
dtype: float64","Ticker
AVAV    0.524691
dtype: float64"
2024-04-30,EMR,INDUSTRIALS,0.02470896232223507,"Ticker
EMR    0.162415
dtype: float64","Ticker
EMR    0.263963
dtype: float64"
2024-04-30,AME,INDUSTRIALS,0.1251940786302701,"Ticker
AME    0.131255
dtype: float64","Ticker
AME    0.217337
dtype: float64"
2024-04-30,DECK,CONSUMER_DISCRETIONARY,0.02677794151729044,"Ticker
DECK    0.23937
dtype: float64","Ticker
DECK    0.426866
dtype: float64"
2024-04-30,SKX,CONSUMER_DISCRETIONARY,0.012313425974534765,"Ticker
SKX    0.163586
dtype: float64","Ticker
SKX    0.398741
dtype: float64"
2024-04-30,CPB,CONSUMER_STAPLES,0.003609691665637443,"Ticker
CPB   -0.060124
dtype: float64","Ticker
CPB    0.229926
dtype: float64"
2024-04-30,CHD,CONSUMER_STAPLES,0.1677219467346145,"Ticker
CHD    0.004708
dtype: float64","Ticker
CHD    0.200844
dtype: float64"
2024-04-30,GIS,CONSUMER_STAPLES,0.06880372503990852,"Ticker
GIS   -0.017836
dtype: float64","Ticker
GIS    0.204798
dtype: float64"
2024-04-30,KHC,CONSUMER_STAPLES,0.04763863575812747,"Ticker
KHC   -0.007182
dtype: float64","Ticker
KHC    0.222246
dtype: float64"
2024-04-30,ED,UTILITIES,0.04113488780542019,"Ticker
ED    0.104254
dtype: float64","Ticker
ED    0.192212
dtype: float64"
2024-04-30,ECL,MATERIALS,0.03666028953285824,"Ticker
ECL    0.087874
dtype: float64","Ticker
ECL    0.245122
dtype: float64"
2024-04-30,CF,MATERIALS,0.02533956785250698,"Ticker
CF    0.229464
dtype: float64","Ticker
CF    0.374421
dtype: float64"
2024-04-30,NEM,MATERIALS,0.02295549821948589,"Ticker
NEM    0.03605
dtype: float64","Ticker
NEM    0.345062
dtype: float64"
2024-05-31,SNPS,TECH,0.008607798095793411,"Ticker
SNPS    0.253943
dtype: float64","Ticker
SNPS    0.35592
dtype: float64"
2024-05-31,CDNS,TECH,0.04150998104750269,"Ticker
CDNS    0.262662
dtype: float64","Ticker
CDNS    0.356003
dtype: float64"
2024-05-31,FTNT,TECH,0.003924851481268745,"Ticker
FTNT    0.251993
dtype: float64","Ticker
FTNT    0.431959
dtype: float64"
2024-05-31,NTNX,TECH,0.010344311345204641,"Ticker
NTNX    0.26669
dtype: float64","Ticker
NTNX    0.503963
dtype: float64"
2024-05-31,BMRN,PHARMA,0.030435927537802845,"Ticker
BMRN   -0.136475
dtype: float64","Ticker
BMRN    0.355326
dtype: float64"
2024-05-31,VTRS,PHARMA,0.01816331882810858,"Ticker
VTRS   -0.048485
dtype: float64","Ticker
VTRS    0.341892
dtype: float64"
2024-05-31,NBIX,PHARMA,0.0028304195452166303,"Ticker
NBIX    0.026498
dtype: float64","Ticker
NBIX    0.352501
dtype: float64"
2024-05-31,INSM,PHARMA,0.009291938239328865,"Ticker
INSM    0.358294
dtype: float64","Ticker
INSM    0.73158
dtype: float64"
2024-05-31,REGN,PHARMA,0.10297837736387659,"Ticker
REGN   -0.012848
dtype: float64","Ticker
REGN    0.300165
dtype: float64"
2024-05-31,FANG,ENERGY,0.053387527961897344,"Ticker
FANG    0.311581
dtype: float64","Ticker
FANG    0.460193
dtype: float64"
2024-05-31,OXY,ENERGY,0.03851966210701548,"Ticker
OXY    0.276342
dtype: float64","Ticker
OXY    0.469472
dtype: float64"
2024-05-31,CTRA,ENERGY,0.010827357992768155,"Ticker
CTRA    0.090614
dtype: float64","Ticker
CTRA    0.352706
dtype: float64"
2024-05-31,CW,DEFENSE,0.024827190948951125,"Ticker
CW    0.363991
dtype: float64","Ticker
CW    0.279377
dtype: float64"
2024-05-31,LDOS,DEFENSE,0.10683719412242824,"Ticker
LDOS    0.156297
dtype: float64","Ticker
LDOS    0.260302
dtype: float64"
2024-05-31,EMR,INDUSTRIALS,0.011018206557683626,"Ticker
EMR    0.162415
dtype: float64","Ticker
EMR    0.263963
dtype: float64"
2024-05-31,ALLE,INDUSTRIALS,0.004735801494424374,"Ticker
ALLE    0.119645
dtype: float64","Ticker
ALLE    0.264954
dtype: float64"
2024-05-31,AME,INDUSTRIALS,0.10344267380442551,"Ticker
AME    0.131255
dtype: float64","Ticker
AME    0.217337
dtype: float64"
2024-05-31,DKS,CONSUMER_DISCRETIONARY,0.002813740404155643,"Ticker
DKS    0.418027
dtype: float64","Ticker
DKS    0.445978
dtype: float64"
2024-05-31,DECK,CONSUMER_DISCRETIONARY,0.02406428215612658,"Ticker
DECK    0.23937
dtype: float64","Ticker
DECK    0.426866
dtype: float64"
2024-05-31,SKX,CONSUMER_DISCRETIONARY,0.01999496403876512,"Ticker
SKX    0.163586
dtype: float64","Ticker
SKX    0.398741
dtype: float64"
2024-05-31,CPB,CONSUMER_STAPLES,0.016348947526651034,"Ticker
CPB   -0.060124
dtype: float64","Ticker
CPB    0.229926
dtype: float64"
2024-05-31,CHD,CONSUMER_STAPLES,0.15259315687307518,"Ticker
CHD    0.004708
dtype: float64","Ticker
CHD    0.200844
dtype: float64"
2024-05-31,GIS,CONSUMER_STAPLES,0.0841170841691084,"Ticker
GIS   -0.017836
dtype: float64","Ticker
GIS    0.204798
dtype: float64"
2024-05-31,KHC,CONSUMER_STAPLES,0.024577890168966592,"Ticker
KHC   -0.007182
dtype: float64","Ticker
KHC    0.222246
dtype: float64"
2024-05-31,ED,UTILITIES,0.024882621849752685,"Ticker
ED    0.104254
dtype: float64","Ticker
ED    0.192212
dtype: float64"
2024-05-31,ECL,MATERIALS,0.0164464071999465,"Ticker
ECL    0.087874
dtype: float64","Ticker
ECL    0.245122
dtype: float64"
2024-05-31,CF,MATERIALS,0.018053223110239797,"Ticker
CF    0.229464
dtype: float64","Ticker
CF    0.374421
dtype: float64"
2024-05-31,NEM,MATERIALS,0.016848463467031075,"Ticker
NEM    0.03605
dtype: float64","Ticker
NEM    0.345062
dtype: float64"
2024-05-31,NUE,MATERIALS,0.01757668056248434,"Ticker
NUE    0.280128
dtype: float64","Ticker
NUE    0.389583
dtype: float64"
2024-06-30,SNPS,TECH,0.00013243619341228715,"Ticker
SNPS    0.253943
dtype: float64","Ticker
SNPS    0.35592
dtype: float64"
2024-06-30,CDNS,TECH,0.0519479488989018,"Ticker
CDNS    0.262662
dtype: float64","Ticker
CDNS    0.356003
dtype: float64"
2024-06-30,FTNT,TECH,0.008816344501390508,"Ticker
FTNT    0.251993
dtype: float64","Ticker
FTNT    0.431959
dtype: float64"
2024-06-30,NTNX,TECH,0.007396920151843917,"Ticker
NTNX    0.26669
dtype: float64","Ticker
NTNX    0.503963
dtype: float64"
2024-06-30,BMRN,PHARMA,0.02098141461566229,"Ticker
BMRN   -0.136475
dtype: float64","Ticker
BMRN    0.355326
dtype: float64"
2024-06-30,VTRS,PHARMA,0.009586883832494212,"Ticker
VTRS   -0.048485
dtype: float64","Ticker
VTRS    0.341892
dtype: float64"
2024-06-30,NBIX,PHARMA,0.011426815529613187,"Ticker
NBIX    0.026498
dtype: float64","Ticker
NBIX    0.352501
dtype: float64"
2024-06-30,INSM,PHARMA,0.009637016113949496,"Ticker
INSM    0.358294
dtype: float64","Ticker
INSM    0.73158
dtype: float64"
2024-06-30,REGN,PHARMA,0.07350261906429482,"Ticker
REGN   -0.012848
dtype: float64","Ticker
REGN    0.300165
dtype: float64"
2024-06-30,FANG,ENERGY,0.03442675259659593,"Ticker
FANG    0.311581
dtype: float64","Ticker
FANG    0.460193
dtype: float64"
2024-06-30,OXY,ENERGY,0.043588589165924195,"Ticker
OXY    0.276342
dtype: float64","Ticker
OXY    0.469472
dtype: float64"
2024-06-30,CTRA,ENERGY,0.00022331219452864095,"Ticker
CTRA    0.090614
dtype: float64","Ticker
CTRA    0.352706
dtype: float64"
2024-06-30,TDG,DEFENSE,0.0030995707587414224,"Ticker
TDG    0.262196
dtype: float64","Ticker
TDG    0.287537
dtype: float64"
2024-06-30,CW,DEFENSE,0.04757253029104422,"Ticker
CW    0.363991
dtype: float64","Ticker
CW    0.279377
dtype: float64"
2024-06-30,LDOS,DEFENSE,0.1157237582518558,"Ticker
LDOS    0.156297
dtype: float64","Ticker
LDOS    0.260302
dtype: float64"
2024-06-30,AXON,DEFENSE,0.013880142609961062,"Ticker
AXON    0.570636
dtype: float64","Ticker
AXON    0.465215
dtype: float64"
2024-06-30,AVAV,DEFENSE,0.00399958395717245,"Ticker
AVAV    0.247544
dtype: float64","Ticker
AVAV    0.524691
dtype: float64"
2024-06-30,EMR,INDUSTRIALS,0.0010593725929658197,"Ticker
EMR    0.162415
dtype: float64","Ticker
EMR    0.263963
dtype: float64"
2024-06-30,ALLE,INDUSTRIALS,0.031159650569702504,"Ticker
ALLE    0.119645
dtype: float64","Ticker
ALLE    0.264954
dtype: float64"
2024-06-30,AME,INDUSTRIALS,0.0619801520468044,"Ticker
AME    0.131255
dtype: float64","Ticker
AME    0.217337
dtype: float64"
2024-06-30,DKS,CONSUMER_DISCRETIONARY,0.007019520360943652,"Ticker
DKS    0.418027
dtype: float64","Ticker
DKS    0.445978
dtype: float64"
2024-06-30,DECK,CONSUMER_DISCRETIONARY,0.023114299050549444,"Ticker
DECK    0.23937
dtype: float64","Ticker
DECK    0.426866
dtype: float64"
2024-06-30,SKX,CONSUMER_DISCRETIONARY,0.0028749136701415262,"Ticker
SKX    0.163586
dtype: float64","Ticker
SKX    0.398741
dtype: float64"
2024-06-30,CPB,CONSUMER_STAPLES,0.05275938803922861,"Ticker
CPB   -0.060124
dtype: float64","Ticker
CPB    0.229926
dtype: float64"
2024-06-30,CHD,CONSUMER_STAPLES,0.13110580401803051,"Ticker
CHD    0.004708
dtype: float64","Ticker
CHD    0.200844
dtype: float64"
2024-06-30,GIS,CONSUMER_STAPLES,0.01169538000116957,"Ticker
GIS   -0.017836
dtype: float64","Ticker
GIS    0.204798
dtype: float64"
2024-06-30,KHC,CONSUMER_STAPLES,0.05304050821327147,"Ticker
KHC   -0.007182
dtype: float64","Ticker
KHC    0.222246
dtype: float64"
2024-06-30,DUK,UTILITIES,0.06629009569152867,"Ticker
DUK    0.125995
dtype: float64","Ticker
DUK    0.185594
dtype: float64"
2024-06-30,XEL,UTILITIES,0.0016627781885193108,"Ticker
XEL    0.036885
dtype: float64","Ticker
XEL    0.210001
dtype: float64"
2024-06-30,ED,UTILITIES,0.002405367377774685,"Ticker
ED    0.104254
dtype: float64","Ticker
ED    0.192212
dtype: float64"
2024-06-30,ECL,MATERIALS,0.019511176994651984,"Ticker
ECL    0.087874
dtype: float64","Ticker
ECL    0.245122
dtype: float64"
2024-06-30,CF,MATERIALS,0.0361070021942138,"Ticker
CF    0.229464
dtype: float64","Ticker
CF    0.374421
dtype: float64"
2024-06-30,NEM,MATERIALS,0.007133881280859704,"Ticker
NEM    0.03605
dtype: float64","Ticker
NEM    0.345062
dtype: float64"
2024-06-30,NUE,MATERIALS,0.03513807098225806,"Ticker
NUE    0.280128
dtype: float64","Ticker
NUE    0.389583
dtype: float64"
2024-07-31,CDNS,TECH,0.04785467754494451,"Ticker
CDNS    0.262662
dtype: float64","Ticker
CDNS    0.356003
dtype: float64"
2024-07-31,FTNT,TECH,0.019518824080225622,"Ticker
FTNT    0.251993
dtype: float64","Ticker
FTNT    0.431959
dtype: float64"
2024-07-31,NTNX,TECH,0.01970053186278107,"Ticker
NTNX    0.26669
dtype: float64","Ticker
NTNX    0.503963
dtype: float64"
2024-07-31,VTRS,PHARMA,0.020988655510356655,"Ticker
VTRS   -0.048485
dtype: float64","Ticker
VTRS    0.341892
dtype: float64"
2024-07-31,NBIX,PHARMA,0.03260434426549458,"Ticker
NBIX    0.026498
dtype: float64","Ticker
NBIX    0.352501
dtype: float64"
2024-07-31,INSM,PHARMA,0.010164042876410437,"Ticker
INSM    0.358294
dtype: float64","Ticker
INSM    0.73158
dtype: float64"
2024-07-31,HRMY,PHARMA,0.006975116304231748,"Ticker
HRMY   -0.000762
dtype: float64","Ticker
HRMY    0.536614
dtype: float64"
2024-07-31,REGN,PHARMA,0.053149307363468554,"Ticker
REGN   -0.012848
dtype: float64","Ticker
REGN    0.300165
dtype: float64"
2024-07-31,VRTX,PHARMA,0.0007992006828548516,"Ticker
VRTX    0.075121
dtype: float64","Ticker
VRTX    0.301151
dtype: float64"
2024-07-31,FANG,ENERGY,0.007414989006433346,"Ticker
FANG    0.311581
dtype: float64","Ticker
FANG    0.460193
dtype: float64"
2024-07-31,OXY,ENERGY,0.09192416435875339,"Ticker
OXY    0.276342
dtype: float64","Ticker
OXY    0.469472
dtype: float64"
2024-07-31,TDG,DEFENSE,0.0026465423276778493,"Ticker
TDG    0.262196
dtype: float64","Ticker
TDG    0.287537
dtype: float64"
2024-07-31,CW,DEFENSE,0.00389178402797945,"Ticker
CW    0.363991
dtype: float64","Ticker
CW    0.279377
dtype: float64"
2024-07-31,LDOS,DEFENSE,0.12101613782120557,"Ticker
LDOS    0.156297
dtype: float64","Ticker
LDOS    0.260302
dtype: float64"
2024-07-31,AXON,DEFENSE,0.03087713573845006,"Ticker
AXON    0.570636
dtype: float64","Ticker
AXON    0.465215
dtype: float64"
2024-07-31,AVAV,DEFENSE,0.008389099859634862,"Ticker
AVAV    0.247544
dtype: float64","Ticker
AVAV    0.524691
dtype: float64"
2024-07-31,AME,INDUSTRIALS,0.04555870107612341,"Ticker
AME    0.131255
dtype: float64","Ticker
AME    0.217337
dtype: float64"
2024-07-31,DKS,CONSUMER_DISCRETIONARY,0.008110892253186945,"Ticker
DKS    0.418027
dtype: float64","Ticker
DKS    0.445978
dtype: float64"
2024-07-31,CPB,CONSUMER_STAPLES,0.03342879530409096,"Ticker
CPB   -0.060124
dtype: float64","Ticker
CPB    0.229926
dtype: float64"
2024-07-31,CHD,CONSUMER_STAPLES,0.12813237813049325,"Ticker
CHD    0.004708
dtype: float64","Ticker
CHD    0.200844
dtype: float64"
2024-07-31,GIS,CONSUMER_STAPLES,0.004453034346407217,"Ticker
GIS   -0.017836
dtype: float64","Ticker
GIS    0.204798
dtype: float64"
2024-07-31,KHC,CONSUMER_STAPLES,0.07431641167838902,"Ticker
KHC   -0.007182
dtype: float64","Ticker
KHC    0.222246
dtype: float64"
2024-07-31,RJF,FINANCIALS,0.052241648686399786,"Ticker
RJF    0.286353
dtype: float64","Ticker
RJF    0.285538
dtype: float64"
2024-07-31,DUK,UTILITIES,0.07768980402081742,"Ticker
DUK    0.125995
dtype: float64","Ticker
DUK    0.185594
dtype: float64"
2024-07-31,SO,UTILITIES,0.03172543842963402,"Ticker
SO    0.161561
dtype: float64","Ticker
SO    0.189358
dtype: float64"
2024-07-31,XEL,UTILITIES,0.029045716535061876,"Ticker
XEL    0.036885
dtype: float64","Ticker
XEL    0.210001
dtype: float64"
2024-07-31,ECL,MATERIALS,0.01592253174919059,"Ticker
ECL    0.087874
dtype: float64","Ticker
ECL    0.245122
dtype: float64"
2024-07-31,CF,MATERIALS,0.012556881433233828,"Ticker
CF    0.229464
dtype: float64","Ticker
CF    0.374421
dtype: float64"
2024-07-31,NUE,MATERIALS,0.00890321272606897,"Ticker
NUE    0.280128
dtype: float64","Ticker
NUE    0.389583
dtype: float64"
2024-08-31,CDNS,TECH,0.016121103579952244,"Ticker
CDNS    0.262662
dtype: float64","Ticker
CDNS    0.356003
dtype: float64"
2024-08-31,MPWR,TECH,0.006274136498606441,"Ticker
MPWR    0.250549
dtype: float64","Ticker
MPWR    0.531304
dtype: float64"
2024-08-31,FTNT,TECH,0.010640381786349648,"Ticker
FTNT    0.251993
dtype: float64","Ticker
FTNT    0.431959
dtype: float64"
2024-08-31,NTNX,TECH,0.01852002100972553,"Ticker
NTNX    0.26669
dtype: float64","Ticker
NTNX    0.503963
dtype: float64"
2024-08-31,BMRN,PHARMA,0.008363287887973256,"Ticker
BMRN   -0.136475
dtype: float64","Ticker
BMRN    0.355326
dtype: float64"
2024-08-31,NBIX,PHARMA,0.024426832865396677,"Ticker
NBIX    0.026498
dtype: float64","Ticker
NBIX    0.352501
dtype: float64"
2024-08-31,INSM,PHARMA,0.013541690661985665,"Ticker
INSM    0.358294
dtype: float64","Ticker
INSM    0.73158
dtype: float64"
2024-08-31,REGN,PHARMA,0.013494321951936793,"Ticker
REGN   -0.012848
dtype: float64","Ticker
REGN    0.300165
dtype: float64"
2024-08-31,VRTX,PHARMA,0.07740188096092564,"Ticker
VRTX    0.075121
dtype: float64","Ticker
VRTX    0.301151
dtype: float64"
2024-08-31,FANG,ENERGY,0.0038581916448599744,"Ticker
FANG    0.311581
dtype: float64","Ticker
FANG    0.460193
dtype: float64"
2024-08-31,OXY,ENERGY,0.047827241076806616,"Ticker
OXY    0.276342
dtype: float64","Ticker
OXY    0.469472
dtype: float64"
2024-08-31,HII,DEFENSE,6.022550368164583e-05,"Ticker
HII    0.129626
dtype: float64","Ticker
HII    0.298074
dtype: float64"
2024-08-31,TDG,DEFENSE,0.013368219307982302,"Ticker
TDG    0.262196
dtype: float64","Ticker
TDG    0.287537
dtype: float64"
2024-08-31,KTOS,DEFENSE,0.0018241931606658723,"Ticker
KTOS    0.285773
dtype: float64","Ticker
KTOS    0.465002
dtype: float64"
2024-08-31,LDOS,DEFENSE,0.13096826026494904,"Ticker
LDOS    0.156297
dtype: float64","Ticker
LDOS    0.260302
dtype: float64"
2024-08-31,AXON,DEFENSE,0.021996818536135415,"Ticker
AXON    0.570636
dtype: float64","Ticker
AXON    0.465215
dtype: float64"
2024-08-31,AVAV,DEFENSE,0.008386336891183248,"Ticker
AVAV    0.247544
dtype: float64","Ticker
AVAV    0.524691
dtype: float64"
2024-08-31,AME,INDUSTRIALS,0.06421190640638745,"Ticker
AME    0.131255
dtype: float64","Ticker
AME    0.217337
dtype: float64"
2024-08-31,DKS,CONSUMER_DISCRETIONARY,0.013419937510951932,"Ticker
DKS    0.418027
dtype: float64","Ticker
DKS    0.445978
dtype: float64"
2024-08-31,CPB,CONSUMER_STAPLES,0.06402764021979941,"Ticker
CPB   -0.060124
dtype: float64","Ticker
CPB    0.229926
dtype: float64"
2024-08-31,CHD,CONSUMER_STAPLES,0.13669906397352352,"Ticker
CHD    0.004708
dtype: float64","Ticker
CHD    0.200844
dtype: float64"
2024-08-31,CLX,CONSUMER_STAPLES,0.006355035379448611,"Ticker
CLX   -0.089311
dtype: float64","Ticker
CLX    0.254725
dtype: float64"
2024-08-31,GIS,CONSUMER_STAPLES,0.04007689787637042,"Ticker
GIS   -0.017836
dtype: float64","Ticker
GIS    0.204798
dtype: float64"
2024-08-31,KHC,CONSUMER_STAPLES,0.04217245096911489,"Ticker
KHC   -0.007182
dtype: float64","Ticker
KHC    0.222246
dtype: float64"
2024-08-31,RJF,FINANCIALS,0.03073512467589108,"Ticker
RJF    0.286353
dtype: float64","Ticker
RJF    0.285538
dtype: float64"
2024-08-31,DUK,UTILITIES,0.03869627779400639,"Ticker
DUK    0.125995
dtype: float64","Ticker
DUK    0.185594
dtype: float64"
2024-08-31,SO,UTILITIES,0.044753739828245306,"Ticker
SO    0.161561
dtype: float64","Ticker
SO    0.189358
dtype: float64"
2024-08-31,XEL,UTILITIES,0.024555485525910626,"Ticker
XEL    0.036885
dtype: float64","Ticker
XEL    0.210001
dtype: float64"
2024-08-31,ED,UTILITIES,0.04802411977189462,"Ticker
ED    0.104254
dtype: float64","Ticker
ED    0.192212
dtype: float64"
2024-08-31,NUE,MATERIALS,0.029199176479339898,"Ticker
NUE    0.280128
dtype: float64","Ticker
NUE    0.389583
dtype: float64"
2024-09-30,CDNS,TECH,0.030671383526110978,"Ticker
CDNS    0.262662
dtype: float64","Ticker
CDNS    0.356003
dtype: float64"
2024-09-30,MPWR,TECH,0.004485713859913553,"Ticker
MPWR    0.250549
dtype: float64","Ticker
MPWR    0.531304
dtype: float64"
2024-09-30,FTNT,TECH,0.014841859535659913,"Ticker
FTNT    0.251993
dtype: float64","Ticker
FTNT    0.431959
dtype: float64"
2024-09-30,NTNX,TECH,0.01566250593588891,"Ticker
NTNX    0.26669
dtype: float64","Ticker
NTNX    0.503963
dtype: float64"
2024-09-30,BMRN,PHARMA,0.016629571182732616,"Ticker
BMRN   -0.136475
dtype: float64","Ticker
BMRN    0.355326
dtype: float64"
2024-09-30,NBIX,PHARMA,0.030607860625308667,"Ticker
NBIX    0.026498
dtype: float64","Ticker
NBIX    0.352501
dtype: float64"
2024-09-30,INSM,PHARMA,0.012954331703123148,"Ticker
INSM    0.358294
dtype: float64","Ticker
INSM    0.73158
dtype: float64"
2024-09-30,VRTX,PHARMA,0.061314494682670466,"Ticker
VRTX    0.075121
dtype: float64","Ticker
VRTX    0.301151
dtype: float64"
2024-09-30,OXY,ENERGY,0.0363393387624081,"Ticker
OXY    0.276342
dtype: float64","Ticker
OXY    0.469472
dtype: float64"
2024-09-30,TDG,DEFENSE,0.006673428507896313,"Ticker
TDG    0.262196
dtype: float64","Ticker
TDG    0.287537
dtype: float64"
2024-09-30,KTOS,DEFENSE,0.008396944277830009,"Ticker
KTOS    0.285773
dtype: float64","Ticker
KTOS    0.465002
dtype: float64"
2024-09-30,LDOS,DEFENSE,0.1221821140788877,"Ticker
LDOS    0.156297
dtype: float64","Ticker
LDOS    0.260302
dtype: float64"
2024-09-30,AXON,DEFENSE,0.018348228450744065,"Ticker
AXON    0.570636
dtype: float64","Ticker
AXON    0.465215
dtype: float64"
2024-09-30,AVAV,DEFENSE,0.0035057223519600863,"Ticker
AVAV    0.247544
dtype: float64","Ticker
AVAV    0.524691
dtype: float64"
2024-09-30,AME,INDUSTRIALS,0.06927836757190427,"Ticker
AME    0.131255
dtype: float64","Ticker
AME    0.217337
dtype: float64"
2024-09-30,DKS,CONSUMER_DISCRETIONARY,0.018247252145507622,"Ticker
DKS    0.418027
dtype: float64","Ticker
DKS    0.445978
dtype: float64"
2024-09-30,HRL,CONSUMER_STAPLES,0.00700466963572712,"Ticker
HRL   -0.09012
dtype: float64","Ticker
HRL    0.222784
dtype: float64"
2024-09-30,CPB,CONSUMER_STAPLES,0.05196002098792711,"Ticker
CPB   -0.060124
dtype: float64","Ticker
CPB    0.229926
dtype: float64"
2024-09-30,CHD,CONSUMER_STAPLES,0.1334258775575473,"Ticker
CHD    0.004708
dtype: float64","Ticker
CHD    0.200844
dtype: float64"
2024-09-30,CLX,CONSUMER_STAPLES,0.005879395831191758,"Ticker
CLX   -0.089311
dtype: float64","Ticker
CLX    0.254725
dtype: float64"
2024-09-30,GIS,CONSUMER_STAPLES,0.07057718940574513,"Ticker
GIS   -0.017836
dtype: float64","Ticker
GIS    0.204798
dtype: float64"
2024-09-30,KHC,CONSUMER_STAPLES,0.04429720211378549,"Ticker
KHC   -0.007182
dtype: float64","Ticker
KHC    0.222246
dtype: float64"
2024-09-30,RJF,FINANCIALS,0.029005179133215965,"Ticker
RJF    0.286353
dtype: float64","Ticker
RJF    0.285538
dtype: float64"
2024-09-30,DUK,UTILITIES,0.04562245838156615,"Ticker
DUK    0.125995
dtype: float64","Ticker
DUK    0.185594
dtype: float64"
2024-09-30,SO,UTILITIES,0.04539140765974612,"Ticker
SO    0.161561
dtype: float64","Ticker
SO    0.189358
dtype: float64"
2024-09-30,XEL,UTILITIES,0.029272488521825898,"Ticker
XEL    0.036885
dtype: float64","Ticker
XEL    0.210001
dtype: float64"
2024-09-30,ED,UTILITIES,0.03503230826137405,"Ticker
ED    0.104254
dtype: float64","Ticker
ED    0.192212
dtype: float64"
2024-09-30,WEC,UTILITIES,0.009289191040246206,"Ticker
WEC    0.066018
dtype: float64","Ticker
WEC    0.197577
dtype: float64"
2024-09-30,NUE,MATERIALS,0.023103494271555267,"Ticker
NUE    0.280128
dtype: float64","Ticker
NUE    0.389583
dtype: float64"
2024-10-31,CDNS,TECH,0.01567005176715361,"Ticker
CDNS    0.262662
dtype: float64","Ticker
CDNS    0.356003
dtype: float64"
2024-10-31,MPWR,TECH,0.0041455605425890244,"Ticker
MPWR    0.250549
dtype: float64","Ticker
MPWR    0.531304
dtype: float64"
2024-10-31,FTNT,TECH,0.01779928603818129,"Ticker
FTNT    0.251993
dtype: float64","Ticker
FTNT    0.431959
dtype: float64"
2024-10-31,NTNX,TECH,0.018701927098689734,"Ticker
NTNX    0.26669
dtype: float64","Ticker
NTNX    0.503963
dtype: float64"
2024-10-31,BMRN,PHARMA,0.025673309775169937,"Ticker
BMRN   -0.136475
dtype: float64","Ticker
BMRN    0.355326
dtype: float64"
2024-10-31,NBIX,PHARMA,0.027430129570934225,"Ticker
NBIX    0.026498
dtype: float64","Ticker
NBIX    0.352501
dtype: float64"
2024-10-31,INSM,PHARMA,0.012219295584506875,"Ticker
INSM    0.358294
dtype: float64","Ticker
INSM    0.73158
dtype: float64"
2024-10-31,VRTX,PHARMA,0.06325428533756552,"Ticker
VRTX    0.075121
dtype: float64","Ticker
VRTX    0.301151
dtype: float64"
2024-10-31,FANG,ENERGY,0.03618596795533892,"Ticker
FANG    0.311581
dtype: float64","Ticker
FANG    0.460193
dtype: float64"
2024-10-31,OXY,ENERGY,0.03439280878917352,"Ticker
OXY    0.276342
dtype: float64","Ticker
OXY    0.469472
dtype: float64"
2024-10-31,EQT,ENERGY,0.012807769408430005,"Ticker
EQT    0.269255
dtype: float64","Ticker
EQT    0.467437
dtype: float64"
2024-10-31,TDG,DEFENSE,0.0001357624114257254,"Ticker
TDG    0.262196
dtype: float64","Ticker
TDG    0.287537
dtype: float64"
2024-10-31,KTOS,DEFENSE,0.0054289806002052144,"Ticker
KTOS    0.285773
dtype: float64","Ticker
KTOS    0.465002
dtype: float64"
2024-10-31,LDOS,DEFENSE,0.08982337274311623,"Ticker
LDOS    0.156297
dtype: float64","Ticker
LDOS    0.260302
dtype: float64"
2024-10-31,AXON,DEFENSE,0.0137634904364783,"Ticker
AXON    0.570636
dtype: float64","Ticker
AXON    0.465215
dtype: float64"
2024-10-31,AVAV,DEFENSE,0.002045563530353754,"Ticker
AVAV    0.247544
dtype: float64","Ticker
AVAV    0.524691
dtype: float64"
2024-10-31,AME,INDUSTRIALS,0.0821644868442815,"Ticker
AME    0.131255
dtype: float64","Ticker
AME    0.217337
dtype: float64"
2024-10-31,DKS,CONSUMER_DISCRETIONARY,0.011493515592334276,"Ticker
DKS    0.418027
dtype: float64","Ticker
DKS    0.445978
dtype: float64"
2024-10-31,MKC,CONSUMER_STAPLES,0.022918054926211004,"Ticker
MKC   -0.053936
dtype: float64","Ticker
MKC    0.227252
dtype: float64"
2024-10-31,HRL,CONSUMER_STAPLES,0.012738528144773094,"Ticker
HRL   -0.09012
dtype: float64","Ticker
HRL    0.222784
dtype: float64"
2024-10-31,CPB,CONSUMER_STAPLES,0.06038960464507421,"Ticker
CPB   -0.060124
dtype: float64","Ticker
CPB    0.229926
dtype: float64"
2024-10-31,CHD,CONSUMER_STAPLES,0.13648593027712347,"Ticker
CHD    0.004708
dtype: float64","Ticker
CHD    0.200844
dtype: float64"
2024-10-31,GIS,CONSUMER_STAPLES,0.07421716096777625,"Ticker
GIS   -0.017836
dtype: float64","Ticker
GIS    0.204798
dtype: float64"
2024-10-31,KHC,CONSUMER_STAPLES,0.022875151248055794,"Ticker
KHC   -0.007182
dtype: float64","Ticker
KHC    0.222246
dtype: float64"
2024-10-31,RJF,FINANCIALS,0.0014301635296254285,"Ticker
RJF    0.286353
dtype: float64","Ticker
RJF    0.285538
dtype: float64"
2024-10-31,DUK,UTILITIES,0.02685368606154215,"Ticker
DUK    0.125995
dtype: float64","Ticker
DUK    0.185594
dtype: float64"
2024-10-31,XEL,UTILITIES,0.043948028575722546,"Ticker
XEL    0.036885
dtype: float64","Ticker
XEL    0.210001
dtype: float64"
2024-10-31,ED,UTILITIES,0.03344717102411772,"Ticker
ED    0.104254
dtype: float64","Ticker
ED    0.192212
dtype: float64"
2024-10-31,PEG,UTILITIES,0.017562735836908587,"Ticker
PEG    0.131176
dtype: float64","Ticker
PEG    0.208917
dtype: float64"
2024-10-31,WEC,UTILITIES,0.01410839428224398,"Ticker
WEC    0.066018
dtype: float64","Ticker
WEC    0.197577
dtype: float64"
2024-10-31,APD,MATERIALS,0.039784912955248365,"Ticker
APD    0.024946
dtype: float64","Ticker
APD    0.262719
dtype: float64"
2024-10-31,ECL,MATERIALS,9.01281398994363e-05,"Ticker
ECL    0.087874
dtype: float64","Ticker
ECL    0.245122
dtype: float64"
2024-10-31,NUE,MATERIALS,0.02001478535975034,"Ticker
NUE    0.280128
dtype: float64","Ticker
NUE    0.389583
dtype: float64"
2024-11-30,CDNS,TECH,0.0411457465497964,"Ticker
CDNS    0.262662
dtype: float64","Ticker
CDNS    0.356003
dtype: float64"
2024-11-30,MPWR,TECH,0.007534927814761604,"Ticker
MPWR    0.250549
dtype: float64","Ticker
MPWR    0.531304
dtype: float64"
2024-11-30,FTNT,TECH,0.01715022114685967,"Ticker
FTNT    0.251993
dtype: float64","Ticker
FTNT    0.431959
dtype: float64"
2024-11-30,NTNX,TECH,0.020051024270065037,"Ticker
NTNX    0.26669
dtype: float64","Ticker
NTNX    0.503963
dtype: float64"
2024-11-30,BMRN,PHARMA,0.03127625593076815,"Ticker
BMRN   -0.136475
dtype: float64","Ticker
BMRN    0.355326
dtype: float64"
2024-11-30,VTRS,PHARMA,0.005288120621824706,"Ticker
VTRS   -0.048485
dtype: float64","Ticker
VTRS    0.341892
dtype: float64"
2024-11-30,NBIX,PHARMA,0.018675730531620756,"Ticker
NBIX    0.026498
dtype: float64","Ticker
NBIX    0.352501
dtype: float64"
2024-11-30,INSM,PHARMA,0.010599742664284357,"Ticker
INSM    0.358294
dtype: float64","Ticker
INSM    0.73158
dtype: float64"
2024-11-30,REGN,PHARMA,0.00016030661668061242,"Ticker
REGN   -0.012848
dtype: float64","Ticker
REGN    0.300165
dtype: float64"
2024-11-30,VRTX,PHARMA,0.021279183551248478,"Ticker
VRTX    0.075121
dtype: float64","Ticker
VRTX    0.301151
dtype: float64"
2024-11-30,FANG,ENERGY,0.039846969715553356,"Ticker
FANG    0.311581
dtype: float64","Ticker
FANG    0.460193
dtype: float64"
2024-11-30,OXY,ENERGY,0.044237554598315416,"Ticker
OXY    0.276342
dtype: float64","Ticker
OXY    0.469472
dtype: float64"
2024-11-30,HII,DEFENSE,0.0001739822665052617,"Ticker
HII    0.129626
dtype: float64","Ticker
HII    0.298074
dtype: float64"
2024-11-30,TDG,DEFENSE,0.00013012870559272024,"Ticker
TDG    0.262196
dtype: float64","Ticker
TDG    0.287537
dtype: float64"
2024-11-30,LDOS,DEFENSE,0.01662328530709874,"Ticker
LDOS    0.156297
dtype: float64","Ticker
LDOS    0.260302
dtype: float64"
2024-11-30,BWXT,DEFENSE,0.004067285312424684,"Ticker
BWXT    0.260323
dtype: float64","Ticker
BWXT    0.294112
dtype: float64"
2024-11-30,AME,INDUSTRIALS,0.09643500421906329,"Ticker
AME    0.131255
dtype: float64","Ticker
AME    0.217337
dtype: float64"
2024-11-30,COLM,CONSUMER_DISCRETIONARY,0.006993275343022041,"Ticker
COLM   -0.068556
dtype: float64","Ticker
COLM    0.326117
dtype: float64"
2024-11-30,MKC,CONSUMER_STAPLES,0.02568983041436527,"Ticker
MKC   -0.053936
dtype: float64","Ticker
MKC    0.227252
dtype: float64"
2024-11-30,HRL,CONSUMER_STAPLES,0.014950090110462498,"Ticker
HRL   -0.09012
dtype: float64","Ticker
HRL    0.222784
dtype: float64"
2024-11-30,CPB,CONSUMER_STAPLES,0.03297298694584361,"Ticker
CPB   -0.060124
dtype: float64","Ticker
CPB    0.229926
dtype: float64"
2024-11-30,CHD,CONSUMER_STAPLES,0.13512539343637325,"Ticker
CHD    0.004708
dtype: float64","Ticker
CHD    0.200844
dtype: float64"
2024-11-30,CLX,CONSUMER_STAPLES,0.02720264869299023,"Ticker
CLX   -0.089311
dtype: float64","Ticker
CLX    0.254725
dtype: float64"
2024-11-30,GIS,CONSUMER_STAPLES,0.09259126272238105,"Ticker
GIS   -0.017836
dtype: float64","Ticker
GIS    0.204798
dtype: float64"
2024-11-30,RJF,FINANCIALS,0.007253104353870034,"Ticker
RJF    0.286353
dtype: float64","Ticker
RJF    0.285538
dtype: float64"
2024-11-30,DUK,UTILITIES,0.027451397572729436,"Ticker
DUK    0.125995
dtype: float64","Ticker
DUK    0.185594
dtype: float64"
2024-11-30,SO,UTILITIES,0.02700548341159914,"Ticker
SO    0.161561
dtype: float64","Ticker
SO    0.189358
dtype: float64"
2024-11-30,EXC,UTILITIES,0.035421917582826035,"Ticker
EXC    0.149184
dtype: float64","Ticker
EXC    0.213214
dtype: float64"
2024-11-30,XEL,UTILITIES,0.026706277082193433,"Ticker
XEL    0.036885
dtype: float64","Ticker
XEL    0.210001
dtype: float64"
2024-11-30,ED,UTILITIES,0.06674193960336174,"Ticker
ED    0.104254
dtype: float64","Ticker
ED    0.192212
dtype: float64"
2024-11-30,WEC,UTILITIES,0.008868556501601961,"Ticker
WEC    0.066018
dtype: float64","Ticker
WEC    0.197577
dtype: float64"
2024-11-30,APD,MATERIALS,0.052559250992235115,"Ticker
APD    0.024946
dtype: float64","Ticker
APD    0.262719
dtype: float64"
2024-11-30,ECL,MATERIALS,0.026212730511693916,"Ticker
ECL    0.087874
dtype: float64","Ticker
ECL    0.245122
dtype: float64"
2024-11-30,FCX,MATERIALS,0.01157838489998799,"Ticker
FCX    0.262964
dtype: float64","Ticker
FCX    0.453626
dtype: float64"
2024-12-31,CDNS,TECH,0.041361171859504546,"Ticker
CDNS    0.262662
dtype: float64","Ticker
CDNS    0.356003
dtype: float64"
2024-12-31,TER,TECH,0.006078712286384376,"Ticker
TER    0.039757
dtype: float64","Ticker
TER    0.452637
dtype: float64"
2024-12-31,MPWR,TECH,0.01115344700429381,"Ticker
MPWR    0.250549
dtype: float64","Ticker
MPWR    0.531304
dtype: float64"
2024-12-31,FTNT,TECH,0.011831425669354013,"Ticker
FTNT    0.251993
dtype: float64","Ticker
FTNT    0.431959
dtype: float64"
2024-12-31,NTNX,TECH,0.010423443571696356,"Ticker
NTNX    0.26669
dtype: float64","Ticker
NTNX    0.503963
dtype: float64"
2024-12-31,BMRN,PHARMA,0.016417509205611948,"Ticker
BMRN   -0.136475
dtype: float64","Ticker
BMRN    0.355326
dtype: float64"
2024-12-31,VTRS,PHARMA,0.002389381986123029,"Ticker
VTRS   -0.048485
dtype: float64","Ticker
VTRS    0.341892
dtype: float64"
2024-12-31,NBIX,PHARMA,0.031925007757438124,"Ticker
NBIX    0.026498
dtype: float64","Ticker
NBIX    0.352501
dtype: float64"
2024-12-31,INSM,PHARMA,0.008708062487706905,"Ticker
INSM    0.358294
dtype: float64","Ticker
INSM    0.73158
dtype: float64"
2024-12-31,HRMY,PHARMA,0.005956960585533781,"Ticker
HRMY   -0.000762
dtype: float64","Ticker
HRMY    0.536614
dtype: float64"
2024-12-31,VRTX,PHARMA,0.003724068268510788,"Ticker
VRTX    0.075121
dtype: float64","Ticker
VRTX    0.301151
dtype: float64"
2024-12-31,FANG,ENERGY,0.03278437431008808,"Ticker
FANG    0.311581
dtype: float64","Ticker
FANG    0.460193
dtype: float64"
2024-12-31,OXY,ENERGY,0.04744469511617393,"Ticker
OXY    0.276342
dtype: float64","Ticker
OXY    0.469472
dtype: float64"
2024-12-31,EQT,ENERGY,0.006644303684659127,"Ticker
EQT    0.269255
dtype: float64","Ticker
EQT    0.467437
dtype: float64"
2024-12-31,TDG,DEFENSE,0.007885309894221086,"Ticker
TDG    0.262196
dtype: float64","Ticker
TDG    0.287537
dtype: float64"
2024-12-31,LDOS,DEFENSE,0.00685165920272788,"Ticker
LDOS    0.156297
dtype: float64","Ticker
LDOS    0.260302
dtype: float64"
2024-12-31,AME,INDUSTRIALS,0.09730278290650758,"Ticker
AME    0.131255
dtype: float64","Ticker
AME    0.217337
dtype: float64"
2024-12-31,DKS,CONSUMER_DISCRETIONARY,0.0042858317854359874,"Ticker
DKS    0.418027
dtype: float64","Ticker
DKS    0.445978
dtype: float64"
2024-12-31,SKX,CONSUMER_DISCRETIONARY,0.010950923009383058,"Ticker
SKX    0.163586
dtype: float64","Ticker
SKX    0.398741
dtype: float64"
2024-12-31,COLM,CONSUMER_DISCRETIONARY,0.005238968675691399,"Ticker
COLM   -0.068556
dtype: float64","Ticker
COLM    0.326117
dtype: float64"
2024-12-31,MKC,CONSUMER_STAPLES,0.006768377863718641,"Ticker
MKC   -0.053936
dtype: float64","Ticker
MKC    0.227252
dtype: float64"
2024-12-31,HRL,CONSUMER_STAPLES,0.04939684235198774,"Ticker
HRL   -0.09012
dtype: float64","Ticker
HRL    0.222784
dtype: float64"
2024-12-31,CPB,CONSUMER_STAPLES,0.0031799876520309483,"Ticker
CPB   -0.060124
dtype: float64","Ticker
CPB    0.229926
dtype: float64"
2024-12-31,CHD,CONSUMER_STAPLES,0.1472067894934115,"Ticker
CHD    0.004708
dtype: float64","Ticker
CHD    0.200844
dtype: float64"
2024-12-31,CLX,CONSUMER_STAPLES,0.03151747350370545,"Ticker
CLX   -0.089311
dtype: float64","Ticker
CLX    0.254725
dtype: float64"
2024-12-31,KMB,CONSUMER_STAPLES,0.03045184639141305,"Ticker
KMB    0.000848
dtype: float64","Ticker
KMB    0.18668
dtype: float64"
2024-12-31,GIS,CONSUMER_STAPLES,0.09773392518859303,"Ticker
GIS   -0.017836
dtype: float64","Ticker
GIS    0.204798
dtype: float64"
2024-12-31,RJF,FINANCIALS,0.0094942253197134,"Ticker
RJF    0.286353
dtype: float64","Ticker
RJF    0.285538
dtype: float64"
2024-12-31,SO,UTILITIES,0.022417536591215526,"Ticker
SO    0.161561
dtype: float64","Ticker
SO    0.189358
dtype: float64"
2024-12-31,AEP,UTILITIES,0.021069289123715442,"Ticker
AEP    0.106617
dtype: float64","Ticker
AEP    0.199842
dtype: float64"
2024-12-31,EXC,UTILITIES,0.11801596156321321,"Ticker
EXC    0.149184
dtype: float64","Ticker
EXC    0.213214
dtype: float64"
2024-12-31,ED,UTILITIES,0.03836767991734103,"Ticker
ED    0.104254
dtype: float64","Ticker
ED    0.192212
dtype: float64"
2024-12-31,WEC,UTILITIES,0.015832645748041007,"Ticker
WEC    0.066018
dtype: float64","Ticker
WEC    0.197577
dtype: float64"
2024-12-31,APD,MATERIALS,0.03918938002485422,"Ticker
APD    0.024946
dtype: float64","Ticker
APD    0.262719
dtype: float64"
2025-01-31,CDNS,TECH,0.03696101691105678,"Ticker
CDNS    0.262662
dtype: float64","Ticker
CDNS    0.356003
dtype: float64"
2025-01-31,TER,TECH,0.034552032856081535,"Ticker
TER    0.039757
dtype: float64","Ticker
TER    0.452637
dtype: float64"
2025-01-31,FTNT,TECH,0.012366731136542911,"Ticker
FTNT    0.251993
dtype: float64","Ticker
FTNT    0.431959
dtype: float64"
2025-01-31,NTNX,TECH,0.0155778841335001,"Ticker
NTNX    0.26669
dtype: float64","Ticker
NTNX    0.503963
dtype: float64"
2025-01-31,BMRN,PHARMA,0.03141452230540477,"Ticker
BMRN   -0.136475
dtype: float64","Ticker
BMRN    0.355326
dtype: float64"
2025-01-31,NBIX,PHARMA,0.02820241657992701,"Ticker
NBIX    0.026498
dtype: float64","Ticker
NBIX    0.352501
dtype: float64"
2025-01-31,INSM,PHARMA,0.007648384556585652,"Ticker
INSM    0.358294
dtype: float64","Ticker
INSM    0.73158
dtype: float64"
2025-01-31,VRTX,PHARMA,0.009842664599950094,"Ticker
VRTX    0.075121
dtype: float64","Ticker
VRTX    0.301151
dtype: float64"
2025-01-31,BIIB,PHARMA,0.016245331691108922,"Ticker
BIIB   -0.137279
dtype: float64","Ticker
BIIB    0.443025
dtype: float64"
2025-01-31,FANG,ENERGY,0.009880971022175698,"Ticker
FANG    0.311581
dtype: float64","Ticker
FANG    0.460193
dtype: float64"
2025-01-31,OXY,ENERGY,0.04845255642904784,"Ticker
OXY    0.276342
dtype: float64","Ticker
OXY    0.469472
dtype: float64"
2025-01-31,MUR,ENERGY,0.020861861737408085,"Ticker
MUR    0.121507
dtype: float64","Ticker
MUR    0.524949
dtype: float64"
2025-01-31,EQT,ENERGY,0.014990537346033303,"Ticker
EQT    0.269255
dtype: float64","Ticker
EQT    0.467437
dtype: float64"
2025-01-31,AR,ENERGY,0.01602093445934216,"Ticker
AR    0.48945
dtype: float64","Ticker
AR    0.555105
dtype: float64"
2025-01-31,AME,INDUSTRIALS,0.07856177835523356,"Ticker
AME    0.131255
dtype: float64","Ticker
AME    0.217337
dtype: float64"
2025-01-31,COLM,CONSUMER_DISCRETIONARY,0.005665675301471431,"Ticker
COLM   -0.068556
dtype: float64","Ticker
COLM    0.326117
dtype: float64"
2025-01-31,HRL,CONSUMER_STAPLES,0.04197937082719473,"Ticker
HRL   -0.09012
dtype: float64","Ticker
HRL    0.222784
dtype: float64"
2025-01-31,CHD,CONSUMER_STAPLES,0.10375830505792148,"Ticker
CHD    0.004708
dtype: float64","Ticker
CHD    0.200844
dtype: float64"
2025-01-31,CLX,CONSUMER_STAPLES,0.08253915795673139,"Ticker
CLX   -0.089311
dtype: float64","Ticker
CLX    0.254725
dtype: float64"
2025-01-31,KMB,CONSUMER_STAPLES,0.037988023946559785,"Ticker
KMB    0.000848
dtype: float64","Ticker
KMB    0.18668
dtype: float64"
2025-01-31,GIS,CONSUMER_STAPLES,0.07014452759218946,"Ticker
GIS   -0.017836
dtype: float64","Ticker
GIS    0.204798
dtype: float64"
2025-01-31,RJF,FINANCIALS,0.0199368267569201,"Ticker
RJF    0.286353
dtype: float64","Ticker
RJF    0.285538
dtype: float64"
2025-01-31,AEP,UTILITIES,0.08818592904173918,"Ticker
AEP    0.106617
dtype: float64","Ticker
AEP    0.199842
dtype: float64"
2025-01-31,EXC,UTILITIES,0.06061950210817404,"Ticker
EXC    0.149184
dtype: float64","Ticker
EXC    0.213214
dtype: float64"
2025-01-31,ED,UTILITIES,0.05251711818621764,"Ticker
ED    0.104254
dtype: float64","Ticker
ED    0.192212
dtype: float64"
2025-01-31,APD,MATERIALS,0.04901898637044671,"Ticker
APD    0.024946
dtype: float64","Ticker
APD    0.262719
dtype: float64"
2025-01-31,CF,MATERIALS,0.0060669527350357254,"Ticker
CF    0.229464
dtype: float64","Ticker
CF    0.374421
dtype: float64"
2025-02-28,CDNS,TECH,0.04803385102281924,"Ticker
CDNS    0.262662
dtype: float64","Ticker
CDNS    0.356003
dtype: float64"
2025-02-28,TER,TECH,0.024614578371596137,"Ticker
TER    0.039757
dtype: float64","Ticker
TER    0.452637
dtype: float64"
2025-02-28,MPWR,TECH,0.007747637070733719,"Ticker
MPWR    0.250549
dtype: float64","Ticker
MPWR    0.531304
dtype: float64"
2025-02-28,FTNT,TECH,0.01415371169289325,"Ticker
FTNT    0.251993
dtype: float64","Ticker
FTNT    0.431959
dtype: float64"
2025-02-28,NTNX,TECH,0.02415877146321261,"Ticker
NTNX    0.26669
dtype: float64","Ticker
NTNX    0.503963
dtype: float64"
2025-02-28,BMRN,PHARMA,0.026059219949589783,"Ticker
BMRN   -0.136475
dtype: float64","Ticker
BMRN    0.355326
dtype: float64"
2025-02-28,NBIX,PHARMA,0.019489761302783463,"Ticker
NBIX    0.026498
dtype: float64","Ticker
NBIX    0.352501
dtype: float64"
2025-02-28,OXY,ENERGY,0.04315349801653361,"Ticker
OXY    0.276342
dtype: float64","Ticker
OXY    0.469472
dtype: float64"
2025-02-28,MUR,ENERGY,0.04305567074661757,"Ticker
MUR    0.121507
dtype: float64","Ticker
MUR    0.524949
dtype: float64"
2025-02-28,AR,ENERGY,0.004152119136826484,"Ticker
AR    0.48945
dtype: float64","Ticker
AR    0.555105
dtype: float64"
2025-02-28,LDOS,DEFENSE,0.0060460073366502155,"Ticker
LDOS    0.156297
dtype: float64","Ticker
LDOS    0.260302
dtype: float64"
2025-02-28,AME,INDUSTRIALS,0.07728145604984943,"Ticker
AME    0.131255
dtype: float64","Ticker
AME    0.217337
dtype: float64"
2025-02-28,COLM,CONSUMER_DISCRETIONARY,0.014669215348691087,"Ticker
COLM   -0.068556
dtype: float64","Ticker
COLM    0.326117
dtype: float64"
2025-02-28,HRL,CONSUMER_STAPLES,0.054022399440285425,"Ticker
HRL   -0.09012
dtype: float64","Ticker
HRL    0.222784
dtype: float64"
2025-02-28,CAG,CONSUMER_STAPLES,0.014363007333080269,"Ticker
CAG   -0.090587
dtype: float64","Ticker
CAG    0.221318
dtype: float64"
2025-02-28,CHD,CONSUMER_STAPLES,0.10403797316874544,"Ticker
CHD    0.004708
dtype: float64","Ticker
CHD    0.200844
dtype: float64"
2025-02-28,CLX,CONSUMER_STAPLES,0.04667736394072924,"Ticker
CLX   -0.089311
dtype: float64","Ticker
CLX    0.254725
dtype: float64"
2025-02-28,KMB,CONSUMER_STAPLES,0.05496369798684034,"Ticker
KMB    0.000848
dtype: float64","Ticker
KMB    0.18668
dtype: float64"
2025-02-28,GIS,CONSUMER_STAPLES,0.04728794094529297,"Ticker
GIS   -0.017836
dtype: float64","Ticker
GIS    0.204798
dtype: float64"
2025-02-28,RJF,FINANCIALS,0.025226883635068455,"Ticker
RJF    0.286353
dtype: float64","Ticker
RJF    0.285538
dtype: float64"
2025-02-28,AEP,UTILITIES,0.0886419749313721,"Ticker
AEP    0.106617
dtype: float64","Ticker
AEP    0.199842
dtype: float64"
2025-02-28,EXC,UTILITIES,0.08853831548301515,"Ticker
EXC    0.149184
dtype: float64","Ticker
EXC    0.213214
dtype: float64"
2025-02-28,SRE,UTILITIES,0.014965598273102686,"Ticker
SRE    0.080924
dtype: float64","Ticker
SRE    0.232915
dtype: float64"
2025-02-28,ED,UTILITIES,0.0352863555865503,"Ticker
ED    0.104254
dtype: float64","Ticker
ED    0.192212
dtype: float64"
2025-02-28,APD,MATERIALS,0.05109552757400073,"Ticker
APD    0.024946
dtype: float64","Ticker
APD    0.262719
dtype: float64"
2025-02-28,CF,MATERIALS,0.02227746419312046,"Ticker
CF    0.229464
dtype: float64","Ticker
CF    0.374421
dtype: float64"
2025-03-31,CDNS,TECH,0.04988189766139411,"Ticker
CDNS    0.262662
dtype: float64","Ticker
CDNS    0.356003
dtype: float64"
2025-03-31,FTNT,TECH,0.016992231986016473,"Ticker
FTNT    0.251993
dtype: float64","Ticker
FTNT    0.431959
dtype: float64"
2025-03-31,NTNX,TECH,0.012467204350469155,"Ticker
NTNX    0.26669
dtype: float64","Ticker
NTNX    0.503963
dtype: float64"
2025-03-31,BMRN,PHARMA,0.03417295413011677,"Ticker
BMRN   -0.136475
dtype: float64","Ticker
BMRN    0.355326
dtype: float64"
2025-03-31,NBIX,PHARMA,0.015419273769816035,"Ticker
NBIX    0.026498
dtype: float64","Ticker
NBIX    0.352501
dtype: float64"
2025-03-31,REGN,PHARMA,0.0017319899741663949,"Ticker
REGN   -0.012848
dtype: float64","Ticker
REGN    0.300165
dtype: float64"
2025-03-31,VRTX,PHARMA,0.009184235223067433,"Ticker
VRTX    0.075121
dtype: float64","Ticker
VRTX    0.301151
dtype: float64"
2025-03-31,BIIB,PHARMA,0.01500629650447061,"Ticker
BIIB   -0.137279
dtype: float64","Ticker
BIIB    0.443025
dtype: float64"
2025-03-31,FANG,ENERGY,0.015331868398416841,"Ticker
FANG    0.311581
dtype: float64","Ticker
FANG    0.460193
dtype: float64"
2025-03-31,OXY,ENERGY,0.05166420027890239,"Ticker
OXY    0.276342
dtype: float64","Ticker
OXY    0.469472
dtype: float64"
2025-03-31,EQT,ENERGY,0.0056589068721404215,"Ticker
EQT    0.269255
dtype: float64","Ticker
EQT    0.467437
dtype: float64"
2025-03-31,AR,ENERGY,0.011672154103218762,"Ticker
AR    0.48945
dtype: float64","Ticker
AR    0.555105
dtype: float64"
2025-03-31,LDOS,DEFENSE,0.0063992891577713444,"Ticker
LDOS    0.156297
dtype: float64","Ticker
LDOS    0.260302
dtype: float64"
2025-03-31,AME,INDUSTRIALS,0.1038747852049775,"Ticker
AME    0.131255
dtype: float64","Ticker
AME    0.217337
dtype: float64"
2025-03-31,TPR,CONSUMER_DISCRETIONARY,0.007082773892912442,"Ticker
TPR    0.484475
dtype: float64","Ticker
TPR    0.412307
dtype: float64"
2025-03-31,COLM,CONSUMER_DISCRETIONARY,0.0022679216563971072,"Ticker
COLM   -0.068556
dtype: float64","Ticker
COLM    0.326117
dtype: float64"
2025-03-31,HRL,CONSUMER_STAPLES,0.07093532698155716,"Ticker
HRL   -0.09012
dtype: float64","Ticker
HRL    0.222784
dtype: float64"
2025-03-31,CHD,CONSUMER_STAPLES,0.12147029314854094,"Ticker
CHD    0.004708
dtype: float64","Ticker
CHD    0.200844
dtype: float64"
2025-03-31,CLX,CONSUMER_STAPLES,0.0517591969354566,"Ticker
CLX   -0.089311
dtype: float64","Ticker
CLX    0.254725
dtype: float64"
2025-03-31,KMB,CONSUMER_STAPLES,0.025491651082783583,"Ticker
KMB    0.000848
dtype: float64","Ticker
KMB    0.18668
dtype: float64"
2025-03-31,GIS,CONSUMER_STAPLES,0.021786229867894805,"Ticker
GIS   -0.017836
dtype: float64","Ticker
GIS    0.204798
dtype: float64"
2025-03-31,DUK,UTILITIES,0.022466488504699428,"Ticker
DUK    0.125995
dtype: float64","Ticker
DUK    0.185594
dtype: float64"
2025-03-31,AEP,UTILITIES,0.08267118487851273,"Ticker
AEP    0.106617
dtype: float64","Ticker
AEP    0.199842
dtype: float64"
2025-03-31,EXC,UTILITIES,0.04881338349933352,"Ticker
EXC    0.149184
dtype: float64","Ticker
EXC    0.213214
dtype: float64"
2025-03-31,SRE,UTILITIES,0.012582476398352882,"Ticker
SRE    0.080924
dtype: float64","Ticker
SRE    0.232915
dtype: float64"
2025-03-31,ED,UTILITIES,0.05735839759267231,"Ticker
ED    0.104254
dtype: float64","Ticker
ED    0.192212
dtype: float64"
2025-03-31,PEG,UTILITIES,0.015805976232124413,"Ticker
PEG    0.131176
dtype: float64","Ticker
PEG    0.208917
dtype: float64"
2025-03-31,APD,MATERIALS,0.04878836353523653,"Ticker
APD    0.024946
dtype: float64","Ticker
APD    0.262719
dtype: float64"
2025-03-31,CF,MATERIALS,0.017371196537218754,"Ticker
CF    0.229464
dtype: float64","Ticker
CF    0.374421
dtype: float64"
2025-03-31,VMC,MATERIALS,0.016658950437858734,"Ticker
VMC    0.186418
dtype: float64","Ticker
VMC    0.26907
dtype: float64"
2025-03-31,FCX,MATERIALS,0.02723290120350377,"Ticker
FCX    0.262964
dtype: float64","Ticker
FCX    0.453626
dtype: float64"
2025-04-30,CDNS,TECH,0.04240690462662518,"Ticker
CDNS    0.262662
dtype: float64","Ticker
CDNS    0.356003
dtype: float64"
2025-04-30,NTNX,TECH,0.002422016758799557,"Ticker
NTNX    0.26669
dtype: float64","Ticker
NTNX    0.503963
dtype: float64"
2025-04-30,NBIX,PHARMA,0.00012076725120731059,"Ticker
NBIX    0.026498
dtype: float64","Ticker
NBIX    0.352501
dtype: float64"
2025-04-30,VRTX,PHARMA,0.06718521257572045,"Ticker
VRTX    0.075121
dtype: float64","Ticker
VRTX    0.301151
dtype: float64"
2025-04-30,CTRA,ENERGY,0.02147389392232378,"Ticker
CTRA    0.090614
dtype: float64","Ticker
CTRA    0.352706
dtype: float64"
2025-04-30,LDOS,DEFENSE,0.03514783725476838,"Ticker
LDOS    0.156297
dtype: float64","Ticker
LDOS    0.260302
dtype: float64"
2025-04-30,MRCY,DEFENSE,0.009244159399015829,"Ticker
MRCY   -0.030587
dtype: float64","Ticker
MRCY    0.438757
dtype: float64"
2025-04-30,AME,INDUSTRIALS,0.06690798714308607,"Ticker
AME    0.131255
dtype: float64","Ticker
AME    0.217337
dtype: float64"
2025-04-30,CROX,CONSUMER_DISCRETIONARY,0.012340660515322961,"Ticker
CROX    0.158313
dtype: float64","Ticker
CROX    0.556687
dtype: float64"
2025-04-30,SKX,CONSUMER_DISCRETIONARY,0.019322685813395444,"Ticker
SKX    0.163586
dtype: float64","Ticker
SKX    0.398741
dtype: float64"
2025-04-30,TPR,CONSUMER_DISCRETIONARY,0.026138160891669322,"Ticker
TPR    0.484475
dtype: float64","Ticker
TPR    0.412307
dtype: float64"
2025-04-30,HRL,CONSUMER_STAPLES,0.10140746529454328,"Ticker
HRL   -0.09012
dtype: float64","Ticker
HRL    0.222784
dtype: float64"
2025-04-30,CAG,CONSUMER_STAPLES,0.010903560063101609,"Ticker
CAG   -0.090587
dtype: float64","Ticker
CAG    0.221318
dtype: float64"
2025-04-30,CHD,CONSUMER_STAPLES,0.07528360991615984,"Ticker
CHD    0.004708
dtype: float64","Ticker
CHD    0.200844
dtype: float64"
2025-04-30,CLX,CONSUMER_STAPLES,0.048609412988972,"Ticker
CLX   -0.089311
dtype: float64","Ticker
CLX    0.254725
dtype: float64"
2025-04-30,KMB,CONSUMER_STAPLES,0.1151497955919783,"Ticker
KMB    0.000848
dtype: float64","Ticker
KMB    0.18668
dtype: float64"
2025-04-30,DUK,UTILITIES,0.07732201363823774,"Ticker
DUK    0.125995
dtype: float64","Ticker
DUK    0.185594
dtype: float64"
2025-04-30,EXC,UTILITIES,0.1318944744786736,"Ticker
EXC    0.149184
dtype: float64","Ticker
EXC    0.213214
dtype: float64"
2025-04-30,ED,UTILITIES,0.04768496210286948,"Ticker
ED    0.104254
dtype: float64","Ticker
ED    0.192212
dtype: float64"
2025-04-30,CF,MATERIALS,0.06044182468993998,"Ticker
CF    0.229464
dtype: float64","Ticker
CF    0.374421
dtype: float64"
2025-04-30,VMC,MATERIALS,0.028592595083589842,"Ticker
VMC    0.186418
dtype: float64","Ticker
VMC    0.26907
dtype: float64"
2025-05-31,CDNS,TECH,0.01986655313552009,"Ticker
CDNS    0.262662
dtype: float64","Ticker
CDNS    0.356003
dtype: float64"
2025-05-31,NTNX,TECH,0.02827003204617389,"Ticker
NTNX    0.26669
dtype: float64","Ticker
NTNX    0.503963
dtype: float64"
2025-05-31,VRTX,PHARMA,0.0461048054223724,"Ticker
VRTX    0.075121
dtype: float64","Ticker
VRTX    0.301151
dtype: float64"
2025-05-31,EQT,ENERGY,0.014327983032012043,"Ticker
EQT    0.269255
dtype: float64","Ticker
EQT    0.467437
dtype: float64"
2025-05-31,CTRA,ENERGY,0.0013582633095126017,"Ticker
CTRA    0.090614
dtype: float64","Ticker
CTRA    0.352706
dtype: float64"
2025-05-31,LDOS,DEFENSE,0.035607772925736005,"Ticker
LDOS    0.156297
dtype: float64","Ticker
LDOS    0.260302
dtype: float64"
2025-05-31,BWXT,DEFENSE,0.007207592920296951,"Ticker
BWXT    0.260323
dtype: float64","Ticker
BWXT    0.294112
dtype: float64"
2025-05-31,MRCY,DEFENSE,0.005993259222671486,"Ticker
MRCY   -0.030587
dtype: float64","Ticker
MRCY    0.438757
dtype: float64"
2025-05-31,AME,INDUSTRIALS,0.05613245538401982,"Ticker
AME    0.131255
dtype: float64","Ticker
AME    0.217337
dtype: float64"
2025-05-31,CROX,CONSUMER_DISCRETIONARY,0.007579024840193596,"Ticker
CROX    0.158313
dtype: float64","Ticker
CROX    0.556687
dtype: float64"
2025-05-31,SKX,CONSUMER_DISCRETIONARY,0.023429700799168993,"Ticker
SKX    0.163586
dtype: float64","Ticker
SKX    0.398741
dtype: float64"
2025-05-31,TPR,CONSUMER_DISCRETIONARY,0.025146751662648317,"Ticker
TPR    0.484475
dtype: float64","Ticker
TPR    0.412307
dtype: float64"
2025-05-31,HRL,CONSUMER_STAPLES,0.0886315740829952,"Ticker
HRL   -0.09012
dtype: float64","Ticker
HRL    0.222784
dtype: float64"
2025-05-31,CAG,CONSUMER_STAPLES,0.0335722761793421,"Ticker
CAG   -0.090587
dtype: float64","Ticker
CAG    0.221318
dtype: float64"
2025-05-31,CHD,CONSUMER_STAPLES,0.026723249191989738,"Ticker
CHD    0.004708
dtype: float64","Ticker
CHD    0.200844
dtype: float64"
2025-05-31,CLX,CONSUMER_STAPLES,0.053299265501651524,"Ticker
CLX   -0.089311
dtype: float64","Ticker
CLX    0.254725
dtype: float64"
2025-05-31,KMB,CONSUMER_STAPLES,0.11480349526207115,"Ticker
KMB    0.000848
dtype: float64","Ticker
KMB    0.18668
dtype: float64"
2025-05-31,DUK,UTILITIES,0.08816179409837677,"Ticker
DUK    0.125995
dtype: float64","Ticker
DUK    0.185594
dtype: float64"
2025-05-31,EXC,UTILITIES,0.12635063678696618,"Ticker
EXC    0.149184
dtype: float64","Ticker
EXC    0.213214
dtype: float64"
2025-05-31,ED,UTILITIES,0.07705651670211867,"Ticker
ED    0.104254
dtype: float64","Ticker
ED    0.192212
dtype: float64"
2025-05-31,CF,MATERIALS,0.07571154287847573,"Ticker
CF    0.229464
dtype: float64","Ticker
CF    0.374421
dtype: float64"
2025-05-31,NEM,MATERIALS,0.0023449944911432246,"Ticker
NEM    0.03605
dtype: float64","Ticker
NEM    0.345062
dtype: float64"
2025-05-31,VMC,MATERIALS,0.0423204601245436,"Ticker
VMC    0.186418
dtype: float64","Ticker
VMC    0.26907
dtype: float64"
2025-06-30,CDNS,TECH,0.018409893973612843,"Ticker
CDNS    0.262662
dtype: float64","Ticker
CDNS    0.356003
dtype: float64"
2025-06-30,NTNX,TECH,0.02118308974504794,"Ticker
NTNX    0.26669
dtype: float64","Ticker
NTNX    0.503963
dtype: float64"
2025-06-30,VRTX,PHARMA,0.047710941900546325,"Ticker
VRTX    0.075121
dtype: float64","Ticker
VRTX    0.301151
dtype: float64"
2025-06-30,EQT,ENERGY,0.003394933200208655,"Ticker
EQT    0.269255
dtype: float64","Ticker
EQT    0.467437
dtype: float64"
2025-06-30,CTRA,ENERGY,0.009183376862698643,"Ticker
CTRA    0.090614
dtype: float64","Ticker
CTRA    0.352706
dtype: float64"
2025-06-30,LDOS,DEFENSE,0.03846854695788911,"Ticker
LDOS    0.156297
dtype: float64","Ticker
LDOS    0.260302
dtype: float64"
2025-06-30,BWXT,DEFENSE,0.00729304916632019,"Ticker
BWXT    0.260323
dtype: float64","Ticker
BWXT    0.294112
dtype: float64"
2025-06-30,MRCY,DEFENSE,0.005308931241063895,"Ticker
MRCY   -0.030587
dtype: float64","Ticker
MRCY    0.438757
dtype: float64"
2025-06-30,AVAV,DEFENSE,0.016352383588245076,"Ticker
AVAV    0.247544
dtype: float64","Ticker
AVAV    0.524691
dtype: float64"
2025-06-30,AME,INDUSTRIALS,0.03811853997076943,"Ticker
AME    0.131255
dtype: float64","Ticker
AME    0.217337
dtype: float64"
2025-06-30,CROX,CONSUMER_DISCRETIONARY,0.013894238211262469,"Ticker
CROX    0.158313
dtype: float64","Ticker
CROX    0.556687
dtype: float64"
2025-06-30,SKX,CONSUMER_DISCRETIONARY,0.02497110149703583,"Ticker
SKX    0.163586
dtype: float64","Ticker
SKX    0.398741
dtype: float64"
2025-06-30,TPR,CONSUMER_DISCRETIONARY,0.026178804950358344,"Ticker
TPR    0.484475
dtype: float64","Ticker
TPR    0.412307
dtype: float64"
2025-06-30,HRL,CONSUMER_STAPLES,0.06479015937159682,"Ticker
HRL   -0.09012
dtype: float64","Ticker
HRL    0.222784
dtype: float64"
2025-06-30,CAG,CONSUMER_STAPLES,0.04001486724434178,"Ticker
CAG   -0.090587
dtype: float64","Ticker
CAG    0.221318
dtype: float64"
2025-06-30,CHD,CONSUMER_STAPLES,0.0721996500385722,"Ticker
CHD    0.004708
dtype: float64","Ticker
CHD    0.200844
dtype: float64"
2025-06-30,CLX,CONSUMER_STAPLES,0.025530704845982494,"Ticker
CLX   -0.089311
dtype: float64","Ticker
CLX    0.254725
dtype: float64"
2025-06-30,KMB,CONSUMER_STAPLES,0.07635776104372376,"Ticker
KMB    0.000848
dtype: float64","Ticker
KMB    0.18668
dtype: float64"
2025-06-30,DUK,UTILITIES,0.22061401264529681,"Ticker
DUK    0.125995
dtype: float64","Ticker
DUK    0.185594
dtype: float64"
2025-06-30,EXC,UTILITIES,0.06737287650709689,"Ticker
EXC    0.149184
dtype: float64","Ticker
EXC    0.213214
dtype: float64"
2025-06-30,ED,UTILITIES,0.03404463926562973,"Ticker
ED    0.104254
dtype: float64","Ticker
ED    0.192212
dtype: float64"
2025-06-30,CF,MATERIALS,0.08438241306572787,"Ticker
CF    0.229464
dtype: float64","Ticker
CF    0.374421
dtype: float64"
2025-06-30,VMC,MATERIALS,0.04422508470697276,"Ticker
VMC    0.186418
dtype: float64","Ticker
VMC    0.26907
dtype: float64"
2025-07-31,NTNX,TECH,0.02116550487512373,"Ticker
NTNX    0.26669
dtype: float64","Ticker
NTNX    0.503963
dtype: float64"
2025-07-31,VRTX,PHARMA,0.06433479648315166,"Ticker
VRTX    0.075121
dtype: float64","Ticker
VRTX    0.301151
dtype: float64"
2025-07-31,EQT,ENERGY,0.008756325697172912,"Ticker
EQT    0.269255
dtype: float64","Ticker
EQT    0.467437
dtype: float64"
2025-07-31,CTRA,ENERGY,0.005913911998270333,"Ticker
CTRA    0.090614
dtype: float64","Ticker
CTRA    0.352706
dtype: float64"
2025-07-31,CW,DEFENSE,0.011384147941123274,"Ticker
CW    0.363991
dtype: float64","Ticker
CW    0.279377
dtype: float64"
2025-07-31,LDOS,DEFENSE,0.03965289707848744,"Ticker
LDOS    0.156297
dtype: float64","Ticker
LDOS    0.260302
dtype: float64"
2025-07-31,MRCY,DEFENSE,0.0106347047062741,"Ticker
MRCY   -0.030587
dtype: float64","Ticker
MRCY    0.438757
dtype: float64"
2025-07-31,AXON,DEFENSE,0.018293160756384753,"Ticker
AXON    0.570636
dtype: float64","Ticker
AXON    0.465215
dtype: float64"
2025-07-31,AVAV,DEFENSE,0.02505246356580303,"Ticker
AVAV    0.247544
dtype: float64","Ticker
AVAV    0.524691
dtype: float64"
2025-07-31,AME,INDUSTRIALS,0.019505707340796048,"Ticker
AME    0.131255
dtype: float64","Ticker
AME    0.217337
dtype: float64"
2025-07-31,CROX,CONSUMER_DISCRETIONARY,0.03361861961393301,"Ticker
CROX    0.158313
dtype: float64","Ticker
CROX    0.556687
dtype: float64"
2025-07-31,SKX,CONSUMER_DISCRETIONARY,0.023982001449274665,"Ticker
SKX    0.163586
dtype: float64","Ticker
SKX    0.398741
dtype: float64"
2025-07-31,TPR,CONSUMER_DISCRETIONARY,0.02026674824110616,"Ticker
TPR    0.484475
dtype: float64","Ticker
TPR    0.412307
dtype: float64"
2025-07-31,HRL,CONSUMER_STAPLES,0.023132965942952843,"Ticker
HRL   -0.09012
dtype: float64","Ticker
HRL    0.222784
dtype: float64"
2025-07-31,CAG,CONSUMER_STAPLES,0.03973273388478182,"Ticker
CAG   -0.090587
dtype: float64","Ticker
CAG    0.221318
dtype: float64"
2025-07-31,CHD,CONSUMER_STAPLES,0.03315899387360714,"Ticker
CHD    0.004708
dtype: float64","Ticker
CHD    0.200844
dtype: float64"
2025-07-31,KMB,CONSUMER_STAPLES,0.14467056152700225,"Ticker
KMB    0.000848
dtype: float64","Ticker
KMB    0.18668
dtype: float64"
2025-07-31,DUK,UTILITIES,0.3107709637735489,"Ticker
DUK    0.125995
dtype: float64","Ticker
DUK    0.185594
dtype: float64"
2025-07-31,EXC,UTILITIES,0.05084029218393341,"Ticker
EXC    0.149184
dtype: float64","Ticker
EXC    0.213214
dtype: float64"
2025-07-31,CF,MATERIALS,0.07710190133777682,"Ticker
CF    0.229464
dtype: float64","Ticker
CF    0.374421
dtype: float64"
2025-07-31,VMC,MATERIALS,0.018030597729495706,"Ticker
VMC    0.186418
dtype: float64","Ticker
VMC    0.26907
dtype: float64"
