Date,equity_strategy,equity_benchmark,daily_ret_strategy,daily_ret_benchmark
2020-10-02,102065.24574162348,99050.5446677536,-0.00593503885621599,-0.009494553322464072
2020-10-05,103464.94471850744,100807.03751669203,0.013713766784310534,0.017733298235060202
2020-10-06,102382.73760208565,99373.96793332709,-0.010459650071491567,-0.0142159676414223
2020-10-07,105980.57072939938,101103.72838489538,0.035141013139312796,0.01740657525851086
2020-10-08,107912.86660802826,101999.76735065768,0.01823254833721005,0.008862570946455373
2020-10-09,108468.45030998373,102910.64473409062,0.005148447255817123,0.008930190794470105
2020-10-12,108930.34508827786,104566.21309730565,0.004258332971238121,0.016087435536846773
2020-10-13,110613.30689126682,103883.79116922375,0.015449889575077473,-0.006526218248401827
2020-10-14,110348.59199528887,103231.08481908802,-0.0023931559720765123,-0.006283043223484941
2020-10-15,112367.74721854934,103103.49573555306,0.018297969976333796,-0.0012359560471398856
2020-10-16,112598.44667391763,103041.16856994556,0.002053075380425429,-0.0006045106925118837
2020-10-19,112130.68344648473,101474.61134145204,-0.004154260038662259,-0.015203216832989641
2020-10-20,112095.71175899908,101881.07938059485,-0.0003118832991180591,0.004005613165396493
2020-10-21,109860.98187693105,101688.2283791324,-0.01993590876047614,-0.001892903006474933
2020-10-22,111498.55010172058,102246.01534730177,0.014905821856061357,0.005485265866661759
2020-10-23,111342.62543901756,102593.16845836685,-0.0013984456529772932,0.0033952727633042024
2020-10-26,109400.20613037747,100697.25066010133,-0.017445423987275787,-0.01847996145118469
2020-10-27,108538.9970418948,100350.12660598992,-0.00787209749364016,-0.0034472048823170898
2020-10-28,106215.24416877184,96920.24379558973,-0.021409382217029618,-0.03417915777891456
2020-10-29,105126.89266721794,97905.29389607353,-0.01024666007286637,0.010163512408835063
2020-10-30,103739.24208772322,96884.62965604993,-0.013199767864226282,-0.010425015843444019
2020-11-02,104837.46207910634,97970.55581400101,0.010586350635321227,0.011208446188071708
2020-11-03,107705.2258341705,99700.33563687178,0.027354379800803186,0.017656119315631713
2020-11-04,107389.11555641801,101928.57781418292,-0.0029349576615640477,0.02234939494513677
2020-11-05,110423.29431386659,103916.44149948991,0.028254062264387942,0.01950251566278971
2020-11-06,112420.15434093717,103892.71165399831,0.018083684601862396,-0.0002283550624826436
2020-11-09,113487.18269406968,105198.20183947952,0.009491432914213355,0.012565753311252204
2020-11-10,113523.61293024513,105043.92878683055,0.00032100749450862946,-0.0014664989510407844
2020-11-11,114288.1539172476,105824.23390615243,0.006734642840095671,0.007428369524386191
2020-11-12,113171.98767316571,104797.65173323275,-0.009766246157848176,-0.009700823100973976
2020-11-13,115223.12090065842,106248.52354354197,0.018124036430430663,0.013844506878861074
2020-11-16,116788.17347358464,107574.75070828744,0.01358279970801635,0.0124823114760928
2020-11-17,118097.60582134312,106996.22676085378,0.011212028656777263,-0.005377878578612161
2020-11-18,117525.93630789754,105708.51943101444,-0.004840652860570277,-0.012035072346219033
2020-11-19,118862.4248687268,106153.58479027318,0.011371860568103985,0.0042103073778190225
2020-11-20,119936.15940038995,105426.63792352806,0.009033422739347638,-0.006848067054742613
2020-11-23,121545.11534574568,106058.60729439948,0.01341510311318601,0.005994399359769309
2020-11-24,123666.2573421355,107767.62108105229,0.017451478739857633,0.016113862233820386
2020-11-25,123187.5775189608,107601.4734200063,-0.0038707391447158407,-0.0015417215243253013
2020-11-27,122240.32895477068,107901.14746878577,-0.007689481222603838,0.002785036665898799
2020-11-30,120017.07589893643,107423.45115056331,-0.01818755786117759,-0.004427166248261116
2020-12-01,120691.80381277025,108598.39812888711,0.005621932619004955,0.010937527753386078
2020-12-02,120943.48068150895,108826.86326988938,0.0020852855023123524,0.002103761611023991
2020-12-03,122952.15593824889,108797.1961201993,0.016608379760704565,-0.0002726086997152377
2020-12-04,123598.48906486439,109734.75747274626,0.005256785630827937,0.00861751392481791
2020-12-07,123310.93744683923,109509.26582666887,-0.0023264978415250682,-0.0020548789760928
2020-12-08,124461.12909189422,109829.68654036382,0.009327571980797355,0.0029259689696223834
2020-12-09,123127.41347898812,108844.65581118249,-0.010715920887407034,-0.008968711103617077
2020-12-10,123602.1623433211,108809.0610429451,0.003855752759835328,-0.000327023572927021
2020-12-11,122692.66191527375,108681.44290245647,-0.007358288971685717,-0.0011728631721052984
2020-12-14,123036.21536744125,108194.86484206431,0.0028001140965116505,-0.004477103426284823
2020-12-15,125421.48175823329,109657.58220381687,0.019386701579438066,0.013519286371749262
2020-12-16,120481.88651767158,109829.68654036381,-0.039383964942173444,0.0015694704651343372
2020-12-17,121686.6392804316,110443.86336994216,0.00999945134975395,0.0055920839704175496
2020-12-18,121988.03360948527,110002.8756698475,0.0024768070745966307,-0.003992867386552135
2020-12-21,123412.59169446818,109609.56074506287,0.011677851038596792,-0.0035754967530583492
2020-12-22,123554.59355666429,109424.80694802123,0.0011506270166311019,-0.001685562790196271
2020-12-23,125418.32008612744,109523.16473617105,0.015084235039860262,0.0008988618841845319
2020-12-24,125188.29686099135,109949.24621903652,-0.0018340480479894074,0.003890332094510285
2020-12-28,122240.58037164995,110893.78124046263,-0.02354626241632265,0.008590645719793732
2020-12-29,120183.80414771759,110682.24661779478,-0.016825641842333556,-0.0019075426980811327
2020-12-30,122370.96065966922,110840.14210400042,0.018198429709076196,0.0014265656058725096
2020-12-31,121348.28969691385,111403.3239798999,-0.008357137651305798,0.0050810280933333285
2021-01-04,120811.3033104914,109886.66722649724,-0.00442516650019245,-0.013614106825719952
2021-01-05,123703.83108190606,110643.51369856176,0.02394252600669892,0.006887518669617121
2021-01-06,126435.45405452487,111304.97587740129,0.022081959376102002,0.005978318626445933
2021-01-07,128769.25014431319,112958.71365253553,0.018458399246004696,0.014857716486599726
2021-01-08,128871.1116109087,113602.30580487225,0.0007910387494012574,0.005697587477106136
2021-01-11,130872.99947459268,112836.54853368438,0.015534031162299133,-0.006740684229624372
2021-01-12,135366.0365609293,112860.3461787345,0.03433127615607897,0.00021090369529530584
2021-01-13,135471.21712484077,113164.29159970245,0.0007770085213667489,0.0026931108335126464
2021-01-14,137055.90383828618,112767.99349434175,0.011697589695271259,-0.0035019713352912873
2021-01-15,136027.6052865729,111945.60422046436,-0.007502767286308002,-0.007292754339187968
2021-01-19,138703.52909642234,112824.59644007758,0.01967191735980337,0.007851958330423958
2021-01-20,142325.77798572948,114385.96215951662,0.026115044893984526,0.013838877059651589
2021-01-21,140814.05551153087,114490.21850926007,-0.010621564804305417,0.0009114435703050372
2021-01-22,143024.31623586846,114084.99023347354,0.01569630756183023,-0.0035394139435042105
2021-01-25,143217.40862311286,114534.91778964525,0.0013500668440600096,0.003943792739526275
2021-01-26,141223.45928077068,114356.15941070944,-0.013922534707979807,-0.0015607325904236635
2021-01-27,134589.48274192735,111561.25820871044,-0.046975032141466866,-0.024440320629876444
2021-01-28,137932.17499139332,112520.6800760633,0.024836206970759576,0.008599955600697706
2021-01-29,135466.95609798274,110268.05911462876,-0.017872689193543182,-0.02001961737088498
2021-02-01,137653.63616379022,112103.52876362366,0.01614179670668818,0.01664552422281096
2021-02-02,139708.81573038088,113688.69212811283,0.014930078302801061,0.014140173658864663
2021-02-03,142067.59465359175,113778.07131758073,0.0168835367394637,0.0007861748410931124
2021-02-04,145864.67397338984,115071.27041166241,0.02672727252866245,0.011365978339288763
2021-02-05,148668.64028237227,115524.15209145652,0.019223066371052613,0.003935662465304857
2021-02-08,152011.737359566,116358.48377328945,0.022486901547253205,0.007222140710216429
2021-02-09,152850.10923616163,116281.00824917224,0.005515178572116242,-0.0006658347685947197
2021-02-10,155388.54321651263,116230.3426076349,0.016607341617459942,-0.00043571725340374456
2021-02-11,159337.85589242374,116418.06021395019,0.025415726244426572,0.0016150482060348637
2021-02-12,157622.94197151696,116993.13606954913,-0.010762752588214781,0.004939747789493243
2021-02-16,153501.28223351008,116891.82415777688,-0.026148856799993608,-0.0008659645785716874
2021-02-17,152900.29009586317,116918.67278296164,-0.003915225520609404,0.0002296877936349695
2021-02-18,149402.80755778257,116421.05308017747,-0.02287427012654977,-0.00425611829949446
2021-02-19,151718.48643850046,116215.43639040568,0.015499567368051623,-0.0017661469668220908
2021-02-22,151285.37559487938,115321.5670105169,-0.0028547005298306285,-0.007691485809905418
2021-02-23,150343.81492372238,115461.61184152214,-0.006223738860776458,0.0012143854322796965
2021-02-24,151340.63483492672,116733.88992896634,0.006630268838861745,0.011019057045474678
2021-02-25,149165.58888990528,113921.10901481326,-0.014371856886908422,-0.02409566678421038
2021-02-26,150677.430827053,113334.11980821242,0.010135326440896349,-0.005152593857952414
2021-03-01,154042.679126967,116081.3482349014,0.022334123175863203,0.02424008261005528
2021-03-02,152670.2594124044,115175.53644705706,-0.008909347216893057,-0.007803250062286771
2021-03-03,149035.5578033896,113649.96889453108,-0.023807528873036818,-0.013245586689559441
2021-03-04,144992.5997875731,112243.55422332649,-0.02712747263408121,-0.012374967497877254
2021-03-05,146932.2904963465,114308.47694974819,0.01337786005365263,0.01839680452663872
2021-03-08,147808.76268571214,113739.36745530143,0.005965143443996324,-0.004978716448973186
2021-03-09,149216.57794516013,115363.29279597726,0.009524572385748432,0.014277601300306308
2021-03-10,148897.30223231373,116081.34823490144,-0.002139679901811904,0.006224297361155262
2021-03-11,154148.25170209244,117258.33888563288,0.03526557829493796,0.010139360617605009
2021-03-12,155230.44299780103,117416.25374314097,0.007020457797990543,0.0013467260325263908
2021-03-15,158587.82503356674,118116.45852686475,0.021628373732163336,0.005963439995756659
2021-03-16,154279.5807226407,117967.4835254337,-0.027166299241534936,-0.001261255233089953
2021-03-17,155419.18011877817,118369.73830629536,0.007386586032964589,0.0034098784583713737
2021-03-18,151727.14942185296,116647.52297702825,-0.02375530931319807,-0.014549456253849846
2021-03-19,153700.33960824294,116431.63949696216,0.01300485901111748,-0.0018507335137207814
2021-03-22,152497.1975544191,117361.3748433225,-0.007827842520650462,0.007985246539318869
2021-03-23,146000.8017899304,116437.64460071921,-0.04260009933736944,-0.007870819882916935
2021-03-24,143397.19265648723,115845.75445460051,-0.017832841337332563,-0.00508332290771063
2021-03-25,146970.92685104994,116497.443811358,0.024921925794765636,0.005625491929554416
2021-03-26,149911.07471272652,118374.80390188398,0.020004962373656086,0.016115032477158397
2021-03-29,145158.1873266712,118315.0143768964,-0.03170471157760192,-0.0005050865810695138
2021-03-30,148479.28973130023,118001.11210647321,0.022879194524212856,-0.0026531059652601385
2021-03-31,150293.90838587217,118479.40893507139,0.01222135866797175,0.004053324753131138
2021-04-01,152010.83947468727,119758.89314702403,0.011423823541849485,0.010799211638993222
2021-04-05,154003.98535374235,121477.78629792231,0.013111866798070897,0.014352947874927802
2021-04-06,154444.64724310997,121406.04467932796,0.002861366790966119,-0.0005905739706056901
2021-04-07,154650.9932506583,121546.5544215918,0.0013360515319351452,0.0011573537597322492
2021-04-08,155138.56569595236,122123.48992222521,0.003152727538605732,0.004746621600084655
2021-04-09,156944.03852800457,123011.39294096181,0.011637807942550413,0.00727053427069646
2021-04-12,157236.45443254625,123056.20844916166,0.0018631858035784252,0.00036431997986841047
2021-04-13,156919.75405228938,123420.91196023927,-0.0020141663801808295,0.0029637148395345037
2021-04-14,158223.57287698178,122999.40210475017,0.008308825313720132,-0.0034152223378879354
2021-04-15,160109.16726287114,124320.74770128023,0.011917278516744064,0.010742699345845264
2021-04-16,160080.53171499763,124736.26213866351,-0.0001788501455790713,0.003342277496445556
2021-04-19,158791.91261232112,124123.42192895367,-0.008049817731557296,-0.004913087815863637
2021-04-20,156503.0461153281,123214.63664618449,-0.014414251074493548,-0.007321626077061993
2021-04-21,158554.91476581828,124380.51785496535,0.013110726605143397,0.009462197353458546
2021-04-22,158174.08726861005,123244.52656585265,-0.0024018649801598197,-0.009133193113388893
2021-04-23,160138.400448853,124580.79775091437,0.012418678774527498,0.010842438380804786
2021-04-26,161123.47225406228,124840.89622880459,0.006151377823484084,0.002087789471458157
2021-04-27,162616.79955509125,124813.97980406128,0.009268216977562898,-0.0002156058275485373
2021-04-28,163455.79380693016,124778.11383758973,0.0051593331939525375,-0.00028735536297996855
2021-04-29,164383.8641394468,125573.29611718717,0.00567780627961634,0.006372770473453748
2021-04-30,161984.69496852864,124748.2045466191,-0.014594918932450471,-0.006570597380816334
2021-05-03,162702.89150432043,125017.26225188881,0.004433730828282022,0.002156806234186348
2021-05-04,162097.82140314757,124245.99384515616,-0.003718865077187811,-0.006169295286427512
2021-05-05,163020.627760344,124284.84299220382,0.005692897962529427,0.0003126792731529271
2021-05-06,161799.59968111105,125277.33167282536,-0.007490021943897654,0.007985597090739427
2021-05-07,164909.807417372,126189.10013617064,0.019222592283237076,0.007278000346674585
2021-05-10,161844.92109792697,124939.55427214227,-0.01858522769169278,-0.009902169543011152
2021-05-11,160516.82377636965,123824.47430401582,-0.008205987018608538,-0.008924955548485491
2021-05-12,155271.59599451514,121193.81268977225,-0.03267712167767602,-0.02124508607066422
2021-05-13,157589.1462159327,122649.63386785543,0.0149257834736202,0.012012339126665994
2021-05-14,161165.8670509207,124532.97000518479,0.02269649224501201,0.015355415894339197
2021-05-17,161364.7278944102,124216.0748685343,0.0012338893286050977,-0.00254466858565483
2021-05-18,158867.2330742331,123145.89757946866,-0.015477327993335215,-0.008615449250012785
2021-05-19,156690.2167174353,122823.03608166598,-0.01370336925160997,-0.0026217803771686476
2021-05-20,156797.63760983542,124144.35262124239,0.0006855622172878313,0.01075788859915372
2021-05-21,156014.49370713596,124042.71139732863,-0.004994615445981368,-0.0008187341733043585
2021-05-24,157606.78863011222,125307.2506494472,0.010206070507559777,0.010194385771430392
2021-05-25,157082.38861499,125029.21434549558,-0.0033272679411858077,-0.002218836519918832
2021-05-26,160073.63523560387,125277.33167282536,0.019042533329089183,0.0019844748175745774
2021-05-27,161024.9869945083,125343.07787331389,0.005943213306202509,0.0005248052429807082
2021-05-28,161390.51383812964,125567.32007038378,0.0022700007647495604,0.0017890273709133542
2021-06-01,162103.81574968944,125456.71961909055,0.004419726380419406,-0.0008808060188848499
2021-06-02,163026.11796506698,125654.00664881224,0.005689577454498005,0.0015725505203760815
2021-06-03,163396.48998345854,125187.65222816964,0.0022718569454675064,-0.00371141703380784
2021-06-04,164698.8005617138,126332.60274466185,0.007970248188238958,0.009145874182586278
2021-06-07,165654.2129192204,126210.03082845939,0.005800967306671791,-0.0009702318604976057
2021-06-08,165677.9693781054,126236.93756755147,0.00014340992882943822,0.0002131901792232771
2021-06-09,164578.1402675698,126048.60007955805,-0.00663835460238881,-0.0014919364460393991
2021-06-10,163826.76124489092,126634.53355017582,-0.004565484951144333,0.004648472654578795
2021-06-11,166351.67505950728,126843.78235915552,0.015412096262112544,0.0016523834621839928
2021-06-14,165469.19075014887,127127.79470991054,-0.005304931910320177,0.0022390719156484273
2021-06-15,165800.45596870937,126894.61265676362,0.002001975213988436,-0.0018342334473668842
2021-06-16,164162.22310161998,126186.10726994342,-0.0098807500710285,-0.0055834158124320465
2021-06-17,161892.35488036604,126144.26525666844,-0.013826982714828602,-0.0003315896985827127
2021-06-18,158483.36612486583,124442.52539408265,-0.021057132426168912,-0.013490425895487435
2021-06-21,161736.49870508237,126224.05565142751,0.02052664995551307,0.014316088906932256
2021-06-22,162004.68022047175,126898.8743433009,0.0016581385001933964,0.005346197191895996
2021-06-23,162190.40175152832,126745.90885356675,0.001146396084383707,-0.0012054125028746476
2021-06-24,163891.21368677705,127495.70417154233,0.010486514102445759,0.005915735858913029
2021-06-25,165663.98394590008,127948.56648003399,0.010816749838164306,0.0035519809191559837
2021-06-28,164961.19012976965,128206.50505770193,-0.004242284891325212,0.0020159551979677115
2021-06-29,163325.37309751118,128275.51532265196,-0.009916375063562625,0.0005382742858404121
2021-06-30,164468.27805530268,128383.46190551062,0.006997718334365286,0.0008415213346610884
2021-07-01,165360.80401236244,129094.26279167022,0.005426736192614845,0.005536545561318107
2021-07-02,165771.6094237764,130081.02725242013,0.002484297375472662,0.007643751468199067
2021-07-06,163556.36397328056,129844.07748094821,-0.013363237880093332,-0.0018215551989153589
2021-07-07,163039.55329216662,130302.95457884815,-0.00315983229609071,0.0035340625987909657
2021-07-08,162702.4834305343,129241.2328632985,-0.002067411587102979,-0.008148101621956672
2021-07-09,165519.04106286494,130620.85702322563,0.017311091834275337,0.010674798818937292
2021-07-12,165121.77622247548,131088.73209110997,-0.0024001156473507186,0.0035819323081085486
2021-07-13,164002.12825374474,130641.85551507291,-0.006780740822592636,-0.003408962531779358
2021-07-14,162178.05316097,130836.79861719908,-0.011122264766909095,0.0014921948357025094
2021-07-15,161357.6475875188,130389.92204116202,-0.005058671980955,-0.00341552667720435
2021-07-16,159103.48839176405,129367.20444307954,-0.01396995574400706,-0.007843532552766042
2021-07-19,157458.57091147444,127456.71942537755,-0.010338663827654717,-0.014767923802068261
2021-07-20,159924.25539061023,129283.22984699297,0.01565925859013437,0.014330436479536024
2021-07-21,161589.90088418423,130329.94848880122,0.010415214937257106,0.008096321874438317
2021-07-22,161772.3251369027,130602.8707689081,0.0011289335021576283,0.002094087224551844
2021-07-23,162760.71423000816,131946.52242020026,0.006109753891891109,0.010288071337035465
2021-07-26,163971.00759605182,132270.4202826836,0.00743602884620719,0.0024547661927143416
2021-07-27,162487.10187476542,131667.58535068508,-0.009049805468915931,-0.004557594439559054
2021-07-28,162942.59360146947,131613.61690208135,0.002803248512950649,-0.0004098840915170987
2021-07-29,163801.62191129904,132159.45177664392,0.005271969046537876,0.004147252293572823
2021-07-30,163478.1136605493,131517.63209848068,-0.0019750002898317083,-0.004856403908575113
2021-08-02,166164.7240948807,131241.69758084402,0.016434067987289837,-0.0020980800310488323
2021-08-03,170260.5204973527,132309.43408580197,0.024649012747936287,0.008135649908827425
2021-08-04,169692.48602187156,131658.60675200316,-0.003336266527447727,-0.004918979045566485
2021-08-05,169460.42635717647,132492.36698041408,-0.0013675305850913923,0.006332743821157116
2021-08-06,170464.2819964288,132711.31112626602,0.0059238352034855545,0.001652503844876696
2021-08-09,169672.00933969242,132603.3451721049,-0.004647734102754508,-0.000813539955598741
2021-08-10,171682.11916862137,132768.2918123995,0.01184703261752854,0.001243910099556711
2021-08-11,172322.32776340033,133098.20446429108,0.003729034787543415,0.002484875322172231
2021-08-12,173963.60759808042,133497.098324179,0.009524475765749702,0.0029969890389840437
2021-08-13,174616.52455709077,133740.03382810554,0.003753181300532852,0.0018197811561160293
2021-08-16,173408.74356551218,134054.9337206045,-0.006916762286055809,0.0023545671665052836
2021-08-17,171878.92078248822,133176.2030135742,-0.008822062553298992,-0.006555004598798986
2021-08-18,168923.72268011188,131718.58030436392,-0.017193487653533367,-0.010945068835321425
2021-08-19,168755.6811623037,131922.52137647444,-0.0009947774956771665,0.0015483090664907273
2021-08-20,169430.7189729499,132972.24257016124,0.0040000893954910376,0.007957103781325747
2021-08-23,172302.09428006364,134141.930239872,0.016947194254497443,0.008796479980350824
2021-08-24,171125.8743249896,134354.85959631568,-0.006826498308036692,0.0015873437638993515
2021-08-25,172738.0948483006,134636.78953205817,0.009421255141400464,0.0020983977549422494
2021-08-26,172326.96729301353,133842.0043641608,-0.0023800630408022812,-0.005903179737571818
2021-08-27,175069.86808452677,135038.67625817342,0.0159168401475398,0.008940929267292619
2021-08-30,175549.03215092205,135632.53259149,0.0027369876474913823,0.004397675908650145
2021-08-31,174507.6870561797,135431.57469995553,-0.005931932987514681,-0.0014816348828324832
2021-09-01,174661.03804812554,135503.5584598304,0.0008787635349062694,0.0005315138662040919
2021-09-02,175700.0529102419,135920.43857403583,0.0059487500688624115,0.003076525214125825
2021-09-03,176410.3590359619,135887.45893162815,0.0040427200445003085,-0.00024263931718948584
2021-09-07,173200.5600797684,135401.5685524727,-0.018195070707492874,-0.003575682281320325
2021-09-08,172586.31994767967,135236.64128348054,-0.003546409617877792,-0.0012180602540672325
2021-09-09,172393.1585212067,134657.7880239054,-0.0011192163233536448,-0.004280298993538101
2021-09-10,171774.28248987504,133596.07599400694,-0.003589910624298637,-0.007884520052490074
2021-09-13,169111.591439511,133937.96011080776,-0.015501104191897909,0.0025590880140533567
2021-09-14,169018.91829874285,133215.1683884365,-0.0005479999329393677,-0.005396466556406354
2021-09-15,171698.33807860428,134327.8753720138,0.01585278030903941,0.008352704853645587
2021-09-16,171723.11383800273,134114.93632991888,0.0001442981899281746,-0.0015852185669220642
2021-09-17,169313.5684137385,132808.53569322292,-0.014031573097010492,-0.009740903380681343
2021-09-20,166921.82148378293,130594.02776934323,-0.014126138574500274,-0.01667443972874627
2021-09-21,166946.193314743,130470.68100104309,0.0001460074587217955,-0.0009445054295897926
2021-09-22,167994.2887057722,131743.39494279225,0.006278043064170032,0.009754788830595329
2021-09-23,170406.1112735448,133344.06503488633,0.01435657477616219,0.012149907726221487
2021-09-24,169808.6311616165,133563.7162332774,-0.0035062129372180053,0.0016472514043548436
2021-09-27,168424.41139843172,133181.61729260677,-0.008151645494788553,-0.0028607989613232965
2021-09-28,164989.80250048803,130497.74271055472,-0.02039258364880743,-0.020151989716084007
2021-09-29,165528.5917147976,130717.38422329459,0.0032655910010438082,0.001683105839056953
2021-09-30,163767.077610123,129119.71668307904,-0.010641751291581542,-0.012222303480969088
2021-10-01,165870.96711409366,130654.19503472844,0.01284684037031762,0.011884152095963163
2021-10-04,166003.63022528178,128969.27914831362,0.0007997970560869984,-0.01289599531011587
2021-10-05,168126.46399414216,130311.20675368841,0.012787875578259991,0.010405017491270874
2021-10-06,168440.05194405775,130852.78962736495,0.00186519089538747,0.004156072890186824
2021-10-07,170937.15455253734,131984.0930612867,0.014824874367225564,0.008645619532784865
2021-10-08,169468.61135607617,131743.39494279225,-0.008591129297228453,-0.0018236903623126688
2021-10-11,168085.3956097812,130789.60043879879,-0.008162076358722401,-0.007239789929564311
2021-10-12,168191.14704434536,130467.65907786213,0.0006291530217751025,-0.0024615210984402225
2021-10-13,169539.16816678518,130937.0451073369,0.008014816154885768,0.0035977194102536636
2021-10-14,171363.10227481142,133139.47502414393,0.010758187195020079,0.016820525581599632
2021-10-15,171260.9154313633,134153.44647917378,-0.0005963176558524889,0.007615858894185923
2021-10-18,174228.1427274873,134550.6162931444,0.017325770381702653,0.0029605636261627044
2021-10-19,175661.43710067702,135588.62753450492,0.008226537634804375,0.007714652447960546
2021-10-20,176674.85235949935,136121.19306689463,0.005769139064036413,0.003927803843682964
2021-10-21,177073.8224715618,136476.24966935607,0.0022582167565683986,0.0026083859130368037
2021-10-22,178863.67257338052,136334.82947587743,0.010107931691067176,-0.0010362256716553997
2021-10-25,180017.70505909927,137065.9508582988,0.006452022756299311,0.005362689675353582
2021-10-26,178406.07794956863,137189.33636920384,-0.00895260335088451,0.0009001908215162668
2021-10-27,175788.05390033254,136581.56175508263,-0.01467452274790845,-0.004430188454921824
2021-10-28,177995.55468080877,137899.42051717313,0.012557740594408128,0.009648877528971811
2021-10-29,179986.49684119865,138179.23898094942,0.011185347656351116,0.0020291489458539314
2021-11-01,179624.40969719426,138416.93454756535,-0.0020117461607347367,0.0017201973926683767
2021-11-02,180269.4207731574,138976.55210381548,0.0035908876585900107,0.0040429847552927445
2021-11-03,181377.46066137427,139825.06357903607,0.006146577070390378,0.006105429026521891
2021-11-04,182618.49397411087,140483.96874595323,0.006842268649099543,0.004712353780155665
2021-11-05,183220.21952666846,140971.40882930407,0.0032949869395093295,0.003469720336790161
2021-11-08,185000.15511143123,141091.74336007444,0.00971473339220454,0.0008536094784730164
2021-11-09,185105.54178180188,140625.37925378061,0.000569657200055729,-0.0033053961570496115
2021-11-10,181354.36551873013,139494.05644855645,-0.020265067306809995,-0.008044940473956097
2021-11-11,182230.70908539658,139539.1915832466,0.004832216551059144,0.00032356313838199924
2021-11-12,183127.09862771106,140592.2833835583,0.004918981805061179,0.007546924905921237
2021-11-15,182888.0430489657,140640.4016988245,-0.0013054079955220179,0.00034225431231482695
2021-11-16,183441.27204559318,141197.0360744986,0.003024959901175054,0.003957855416724998
2021-11-17,181786.73207837716,140854.07685041224,-0.009019453194834156,-0.002428940674826907
2021-11-18,182661.66585996136,141332.45116422017,0.004812968315019652,0.0033962404532739132
2021-11-19,181191.47272245615,141079.72346690917,-0.008048722924887456,-0.0017881788310410984
2021-11-22,180892.18641071685,140682.5245959849,-0.001651768194399134,-0.002815421388442374
2021-11-23,181569.2171146544,140869.08960980485,0.0037427305035737375,0.0013261420660153345
2021-11-24,182611.77966815908,141245.18344671844,0.005741956539066507,0.0026698109425944416
2021-11-26,178324.27432495332,138094.9544440238,-0.02347879940164315,-0.02230326674383909
2021-11-29,182260.61530973084,139788.93609998154,0.022074061423653955,0.012266788911859727
2021-11-30,176074.8759104142,137068.98246713105,-0.03393898011813858,-0.01945757446000651
2021-12-01,170018.9020633793,135546.51432299576,-0.034394309896411006,-0.011107313388719176
2021-12-02,172907.98441953995,137622.59491962413,0.0169927126989894,0.01531637022905108
2021-12-03,170700.88600148348,136425.09974525773,-0.012764583575858518,-0.008701297741593894
2021-12-06,168800.34284348623,138040.8213393493,-0.011133762703380155,0.011843286881289217
2021-12-07,176594.03331834864,140896.16100496767,0.046171058325923185,0.02068474845277124
2021-12-08,178020.49443160143,141269.27166130516,0.008077629161350477,0.0026481250708054738
2021-12-09,175878.26899864932,140315.49652861417,-0.012033588828027901,-0.006751469172840974
2021-12-10,179470.65044813883,141636.33847128073,0.020425385523421852,0.00941337183236346
2021-12-13,177256.7580197543,140381.67858340763,-0.012335679526744017,-0.008858319139106396
2021-12-14,174071.26689129465,139415.82544364396,-0.017971056020919817,-0.0068801936941492725
2021-12-15,177179.3174530808,141594.21557412035,0.017855046483501946,0.015625128091049767
2021-12-16,172041.3090514467,140345.5511043531,-0.028998917455445725,-0.008818612149545157
2021-12-17,171312.88563342404,138851.89777260044,-0.004234002996366624,-0.010642683861364688
2021-12-20,168505.1892967504,137375.42678611397,-0.016389288676635628,-0.010633423166491518
2021-12-21,173574.10306978517,139815.05830132464,0.030081647895769042,0.017758863956135684
2021-12-22,176461.77146606945,141213.0464559669,0.016636516307523757,0.009998838262680998
2021-12-23,174383.66175296367,142091.67062083373,-0.011776543416971003,0.006221975850799311
2021-12-27,180265.12298564173,144102.57647039558,0.03372713460398525,0.014152172613466574
2021-12-28,180568.77945963287,143984.81832285,0.0016844993028149657,-0.0008171828042906615
2021-12-29,182162.62280642116,144169.00066646963,0.00882679359941395,0.0012791789145896182
2021-12-30,180651.28196557157,143770.426433072,-0.008296657226195282,-0.002764632005182177
2021-12-31,180497.1595483084,143408.09590654352,-0.0008531487603421937,-0.002520202071579325
2022-01-03,178533.7389819084,144238.43710007335,-0.010877847448200504,0.005790058003914744
2022-01-04,178301.88549326413,144190.1153861315,-0.0012986536324530644,-0.0003350127394150526
2022-01-05,175194.50649487693,141421.35575677815,-0.017427628371908484,-0.019202145874832155
2022-01-06,177212.73449164946,141288.51705028137,0.011519927406122982,-0.0009393115048708101
2022-01-07,177556.16151795536,140729.92617306067,0.0019379364992648767,-0.0039535475980820856
2022-01-10,178363.073560412,140554.80959898396,0.004544545430348597,-0.0012443449580250565
2022-01-11,177980.64450870184,141835.00086347575,-0.0021441044049998127,0.009108128481297051
2022-01-12,178775.51729168344,142218.484852271,0.004466063066440696,0.002703733115667184
2022-01-13,177263.6372552942,140258.9129541807,-0.00845686288197119,-0.013778601987820327
2022-01-14,178465.88272384173,140316.28106636304,0.006782245288220425,0.0004090158049425696
2022-01-18,176518.30436648402,137831.33038908904,-0.010912888937833503,-0.017709638955573093
2022-01-19,175480.6657607891,136400.13013640977,-0.005878362640174871,-0.010383707743653603
2022-01-20,173960.09255345323,134890.43736623507,-0.008665189414135537,-0.011068118253735548
2022-01-21,171389.17252619076,132242.4868645619,-0.014778792017902042,-0.01963037968721104
2022-01-24,172325.53390674182,132804.08029366116,0.0054633636813199654,0.004246694405213303
2022-01-25,170164.4008910188,131182.68290795403,-0.012540991266521176,-0.012208942542441759
2022-01-26,168480.23381422574,130853.55479381133,-0.009897293840394191,-0.00250892958465887
2022-01-27,168358.47019892032,130207.40562955229,-0.0007227175114185053,-0.004937956521526732
2022-01-28,173404.13945101635,133441.14431707485,0.029969797457380317,0.02483529006577978
2022-01-31,175529.12779087032,135844.58055367245,0.012254542172877182,0.018011208228900566
2022-02-01,176800.68513328338,136762.47034858944,0.007244138670409149,0.006756911399599996
2022-02-02,180137.47920502175,138091.00269832552,0.018873196499339783,0.00971415876263304
2022-02-03,179381.78299926512,134845.17631807906,-0.004195108142356749,-0.023504980895368788
2022-02-04,178542.59024646136,135479.2571609167,-0.0046782495901894015,0.004702287913821435
2022-02-07,179261.23844191284,135044.44890630106,0.004025079923280178,-0.003209408316279583
2022-02-08,178506.6921018199,136155.5674430781,-0.004209199638757509,0.008227798667592712
2022-02-09,179329.28590386314,138148.39018181027,0.004608195874102266,0.014636366152014357
2022-02-10,176617.58386555908,135666.46142771727,-0.01512135636204896,-0.017965672642487496
2022-02-11,176203.94524256396,132991.29424611296,-0.002342001367825174,-0.019718706845093248
2022-02-14,174834.84491491402,132556.49567714854,-0.007769975443882443,-0.0032693761755545614
2022-02-15,174765.4992723494,134694.1963868453,-0.0003966351364247172,0.016126714113680718
2022-02-16,175546.76803523302,134845.1763180791,0.004470383262923601,0.0011209089573553932
2022-02-17,175350.22446193744,131964.69270189083,-0.001119608042320236,-0.02136141384393042
2022-02-18,175539.4820964809,131110.20517986687,0.0010793121886451865,-0.006475122281035084
2022-02-22,172314.28905081152,129703.18999828656,-0.018373034984213554,-0.010731545875090731
2022-02-23,171093.88801832005,127402.41197898092,-0.00708241341570676,-0.0177387928495516
2022-02-24,172463.1724781117,129319.70600949132,0.008003117327282882,0.015049118778274861
2022-02-25,178281.58979243034,132173.02137400451,0.03373715808838604,0.022064041533652823
2022-02-28,180614.13831071352,131834.8565472726,0.01308350750629347,-0.0025585011465769636
2022-03-01,178994.67169077368,129826.97262089167,-0.008966444349743172,-0.015230296288606615
2022-03-02,181210.20015070538,132215.2895559332,0.012377622411907261,0.018396153640705126
2022-03-03,182861.03931501342,131557.0720702527,0.009110078587933265,-0.004978376463805501
2022-03-04,186050.1959380169,130488.21202975311,0.017440328650377618,-0.008124687055431012
2022-03-07,184734.83770672375,126641.52659035726,-0.007069910486583741,-0.029479179609869788
2022-03-08,182141.3758130174,125681.37829916281,-0.01403883493715248,-0.007581622845563185
2022-03-09,183239.8888004979,129050.99698766558,0.006031100745655091,0.02681080311262951
2022-03-10,184342.56098653722,128468.26946760199,0.006017642737383619,-0.0045154825120745645
2022-03-11,182862.4416433483,126834.78438917098,-0.00802917858614876,-0.012715085874515974
2022-03-14,180321.33410522313,125907.83851036229,-0.013896279166398247,-0.007308293882256289
2022-03-15,182533.11537362591,128676.58845406445,0.012265776977404929,0.021990290489136477
2022-03-16,181078.8417218662,131529.8844472752,-0.007967177072406661,0.02217416569315822
2022-03-17,184350.51347640197,133175.46690408132,0.01806766446828189,0.01251109178512011
2022-03-18,185043.8675662516,134634.10660666984,0.0037610640555030272,0.01095276582464777
2022-03-21,188346.57904719474,134594.73443445624,0.01784826227629876,-0.0002924383219522486
2022-03-22,188094.2182174399,136169.6891225584,-0.0013398747725149253,0.01170145841677872
2022-03-23,188404.75117411322,134416.0147981253,0.0016509436580041047,-0.012878595344773869
2022-03-24,191378.65345595745,136442.27240487258,0.015784645893011,0.015074525232654956
2022-03-25,194683.8447591099,137108.59678062508,0.017270428250312053,0.004883562579310441
2022-03-28,195142.0149925506,138083.8546877244,0.0023534065397548126,0.00711303251582196
2022-03-29,197129.56154123228,139792.06456532585,0.010185128757420914,0.012370815411146818
2022-03-30,196873.1601395185,138928.85995720295,-0.0013006745396739426,-0.006174918517778405
2022-03-31,197171.37821246372,136790.56842278174,0.0015147726217929018,-0.015391269568323707
2022-04-01,197330.56248354955,137178.27535550937,0.0008073396480209027,0.0028343104148038645
2022-04-04,197043.74998934672,138353.40636120638,-0.0014534621023377624,0.0085664512303536
2022-04-05,196834.9831412738,136605.80494008888,-0.0010594948994026914,-0.012631430385999565
2022-04-06,199972.99125985033,135239.84723403465,0.015942329297858025,-0.009999265453274897
2022-04-07,202240.50302968876,135921.3296539481,0.011339090121885248,0.005039065289198064
2022-04-08,203893.3312194724,135557.88527752925,0.008172587414604107,-0.0026739318791554334
2022-04-11,199080.14746212144,133240.8741067771,-0.023606381476842006,-0.017092411599727186
2022-04-12,201008.336061401,132747.1964640399,0.009685489105067223,-0.003705151636438364
2022-04-13,203480.2819046607,134267.64030706996,0.012297728003203754,0.011453679501562508
2022-04-14,203665.35043332443,132595.7613071987,0.0009095157866471529,-0.01245183870102795
2022-04-18,204488.66664635568,132650.2721522708,0.004042495256456408,0.00041110548734524244
2022-04-19,204235.27970271077,134791.5952955242,-0.0012391246312105286,0.016142621560514714
2022-04-20,205434.73790000723,134691.64906057413,0.005872923615559518,-0.0007414871434004988
2022-04-21,199639.56711106253,132677.51788915566,-0.02820930310123803,-0.014953645496705525
2022-04-22,194592.92330342717,129036.98185034873,-0.025278775548675865,-0.027438982102818477
2022-04-25,193510.31153124152,129785.0724937094,-0.005563469389364933,0.005797490243752534
2022-04-26,191677.42347706546,126026.40056695929,-0.009471784938344947,-0.028960741436056203
2022-04-27,191271.10611884127,126380.74043123037,-0.0021197976832821788,0.0028116320285036522
2022-04-28,194211.68600171988,129573.04390282929,0.015373884443641664,0.025259414216962872
2022-04-29,189744.44360066758,124784.60322390776,-0.02300192379264309,-0.036955531294861954
2022-05-02,187073.26742811498,125535.73516175183,-0.014077757018141124,0.006019428025878071
2022-05-03,191481.01774419087,126111.20812905084,0.023561625755906673,0.004584136672777017
2022-05-04,195801.86685951427,129951.65600906033,0.022565417534472547,0.030452867250938764
2022-05-05,191483.8622145448,125332.80139736827,-0.022052928882785372,-0.03554286842924137
2022-05-06,189667.395636215,124584.69138270516,-0.009486264572492046,-0.0059689882163506125
2022-05-09,179895.5677056758,120595.84964033787,-0.05152086312864082,-0.032017109791717346
2022-05-10,181372.93055147768,120874.47676901397,0.008212335993841432,0.0023104205452100235
2022-05-11,182538.832930181,118954.25767183483,0.006428204998167611,-0.015886059228604532
2022-05-12,182325.34947993825,118830.06825187845,-0.00116952347517431,-0.0010440098773008
2022-05-13,186811.90172958112,121671.04409673602,0.02460739695516967,0.023907887007484252
2022-05-16,190629.9930664486,121177.36645399881,0.020438158926267682,-0.004057478477333509
2022-05-17,194833.74205550776,123670.02690964479,0.02205187610531905,0.020570346827864405
2022-05-18,187360.63459474526,118684.67694139919,-0.03835633079732879,-0.040311707637032956
2022-05-19,187609.72915232703,117957.77850291018,0.0013294924951582228,-0.006124619093397454
2022-05-20,186906.75408944188,118009.28679610377,-0.0037470075036160995,0.0004366672028526253
2022-05-23,194088.6280675685,120217.24721975804,0.038424903439764645,0.01871005650147839
2022-05-24,195834.36752209914,119299.54145221424,0.008994547861520668,-0.007633728011307905
2022-05-25,197791.50757393698,120353.5340180895,0.009993853870500925,0.008834841718963649
2022-05-26,197307.3854127713,122758.36498846296,-0.0024476387641905913,0.019981390575635194
2022-05-27,199870.11852598956,125771.97788068459,0.012988531107728126,0.024549144919817634
2022-05-31,198111.44026405513,125066.28133271848,-0.008799105513642606,-0.005610920332632219
2022-06-01,198224.24622022556,124054.6828622378,0.0005694065724828751,-0.008088498831987367
2022-06-02,197737.169534847,126417.10036591423,-0.0024572003408575177,0.019043356116591692
2022-06-03,196915.85404549973,124342.4241887129,-0.004153571588383419,-0.016411357096438373
2022-06-06,196598.29364180067,124721.00723799028,-0.001612670575654355,0.0030446812642386245
2022-06-07,197954.0969136864,125917.3498198614,0.006896312509995559,0.009592149777849945
2022-06-08,195535.45185593152,124548.37019062618,-0.012218211673636004,-0.010872049254480709
2022-06-09,190347.4383277756,121586.24622029565,-0.026532342237245002,-0.023782920368984994
2022-06-10,188907.37551741462,118060.7757179949,-0.007565443606765016,-0.028995635706304812
2022-06-13,180655.5214302783,113578.20790463428,-0.043682011168354816,-0.037968307306974314
2022-06-14,178585.84556499808,113235.98479004073,-0.011456477216385506,-0.0030131054267109603
2022-06-15,177691.3152357012,114850.29227905406,-0.005008965444415982,0.014256135026392336
2022-06-16,173123.68067388172,111049.1971999557,-0.025705446300291354,-0.033096085379241025
2022-06-17,170599.86308131312,111288.5974411865,-0.014578118849741941,0.002155803439080728
2022-06-21,174635.24949045014,114090.13331427194,0.02365410110097019,0.02517361111111116
2022-06-22,173456.90020577834,113883.2962324463,-0.006747488196741522,-0.0018129269886633104
2022-06-23,174111.3129438813,114999.64502088273,0.0037727685513036548,0.009802568290242064
2022-06-24,177753.9130332649,118655.92024292388,0.020921099426535555,0.031793795723258134
2022-06-27,180787.36344961426,118202.6898796858,0.017065449444039538,-0.00381970290492184
2022-06-28,182015.51920536425,115787.4758912034,0.006793371684367103,-0.020432817484447807
2022-06-29,181187.83269192366,115693.19576221764,-0.004547340342483398,-0.0008142515264288885
2022-06-30,181116.0547796681,114753.2517394703,-0.0003961519445821633,-0.00812445378965232
2022-07-01,184208.34373340965,115966.96069398079,0.017073522043660815,0.010576684635185796
2022-07-05,179850.39697350698,116185.97263939127,-0.02365770557173897,0.001888571918241766
2022-07-06,180487.3857952926,116578.36742730989,0.003541770452024498,0.003377299161031244
2022-07-07,181775.78462738922,118324.3707159759,0.007138442536687306,0.014977077885008905
2022-07-08,181449.35654501634,118227.04929250674,-0.0017957731996150667,-0.0008224968607927208
2022-07-11,181951.8361204532,116876.45302928911,0.002769255207098028,-0.011423750074960548
2022-07-12,180385.74272312643,115842.22887755602,-0.008607186553973491,-0.008848866687235168
2022-07-13,180641.87540830762,115233.84406740786,0.0014199164596633777,-0.0052518396446878945
2022-07-14,179379.16888669695,114954.00623232915,-0.006990109678370694,-0.0024284344355902654
2022-07-15,182081.7998224785,117150.21796105224,0.015066581881024527,0.019105134311582228
2022-07-18,179423.7499695533,116182.93134490789,-0.01459810840796095,-0.008256805945217716
2022-07-19,182177.6477205163,119322.07996260564,0.015348568689654157,0.027019017177133176
2022-07-20,180446.53464760518,120082.5391825756,-0.009502335190796204,0.0063731642979092396
2022-07-21,179828.0447039355,121305.36233488507,-0.003427552348830198,0.01018318866867296
2022-07-22,180418.7321444358,120179.8799773472,0.0032847348224955535,-0.009278092376747371
2022-07-25,184601.7089490145,120325.90085515584,0.02318482540510234,0.0012150193346520677
2022-07-26,185798.6359175243,118902.33289563876,0.006483834712713302,-0.011830935396284437
2022-07-27,186469.4836095125,121989.78919276975,0.003610616884646936,0.02596632229109308
2022-07-28,187321.50908882613,123519.83151615989,0.004569248880947426,0.012542380255878172
2022-07-29,189155.6406894586,125320.58779117852,0.009791356099756551,0.01457868143855956
2022-08-01,186681.18358911542,124949.48206464377,-0.013081592974568205,-0.0029612510847228934
2022-08-02,185843.86844965006,124125.14597487096,-0.004485268002737158,-0.006597354996208282
2022-08-03,185073.78168509793,126068.88183321484,-0.004143729739250232,0.015659484974441584
2022-08-04,181798.32680590943,125983.72558767929,-0.017698103153053212,-0.0006754739496157569
2022-08-05,185370.9840071484,125770.77685993316,0.019651760629530904,-0.001690287588756223
2022-08-08,187200.16754218732,125624.76566777576,0.009867690700548805,-0.0011609309873311657
2022-08-09,190135.5678398166,125125.93525858894,0.015680543111521235,-0.003970796733710924
2022-08-10,190647.52165010007,127754.05923221259,0.002692572547577183,0.021003830806077817
2022-08-11,192117.72619460046,127754.05923221259,0.007711637328276866,0.0
2022-08-12,192852.6665732016,129916.80703596695,0.003825468857864187,0.016928994794781715
2022-08-15,194276.82929623267,130452.16203590835,0.0073847188547454595,0.004120752442701159
2022-08-16,195145.329709421,130707.68888642221,0.004470427154563251,0.0019587781952095096
2022-08-17,194284.0176666894,129779.91004160851,-0.004413695393141727,-0.007098119878929832
2022-08-18,195281.5700057692,130157.12741406374,0.005134505406364228,0.002906592956754883
2022-08-19,198982.3047011733,128408.05377396065,0.018950762713013627,-0.01343817027045191
2022-08-22,196735.61913505738,125734.3006974346,-0.011290881214236428,-0.020822316030369104
2022-08-23,196651.7794047181,125430.08407823247,-0.00042615430143179596,-0.002419519713512397
2022-08-24,198879.78491989183,125831.64149220618,0.011329699237495123,0.003201444190400693
2022-08-25,198733.16926300823,127608.05772570631,-0.0007372074388689869,0.014117404910514164
2022-08-26,195583.56058705205,123288.66407846684,-0.015848429769606737,-0.033848909890345724
2022-08-29,196686.34118255842,122473.43250084182,0.00563841149121296,-0.006612380657366579
2022-08-30,193107.22849163623,121128.92851224222,-0.018197057657400668,-0.010977923629194919
2022-08-31,193012.0628322023,120207.27099900023,-0.0004928125175700541,-0.007608896772737683
2022-09-01,189799.6471612089,120584.43994319937,-0.016643600528668367,0.003137654994282757
2022-09-02,189544.77624195768,119312.96576480652,-0.0013428419023074063,-0.010544264077452792
2022-09-06,186669.36626866212,118862.78638170309,-0.015170082923440843,-0.00377309691547556
2022-09-07,187919.8701944218,120998.13347815309,0.006699031291293434,0.01796480766985198
2022-09-08,188175.66654884946,121789.01532860838,0.001361199080028257,0.006536314468008619
2022-09-09,189845.59798238272,123681.04918073423,0.008874321872534572,0.01553534074498275
2022-09-12,192450.3212072571,125010.31763996313,0.013720219233716986,0.010747551609838313
2022-09-13,186652.95449825775,119574.56551863601,-0.030123964837428942,-0.04348242788233203
2022-09-14,190212.96057546465,120030.8371763575,0.01907286218306329,0.0038157918930541435
2022-09-15,186979.48357369436,118668.10479215985,-0.016999246486610622,-0.011353185700066493
2022-09-16,185356.76409907293,117762.80634383023,-0.008678596408583417,-0.007628827054373177
2022-09-19,186820.1855558295,118676.01796920743,0.007895160793670041,0.00775466935384439
2022-09-20,185348.91692653587,117313.79892452454,-0.007875319387550452,-0.011478469432942728
2022-09-21,184963.91913779333,115267.4048488887,-0.0020771515427583046,-0.01744376274910686
2022-09-22,183938.7921277273,114299.18841022713,-0.0055423080071218545,-0.008399741799781868
2022-09-23,178088.9486775118,112384.11239384639,-0.03180320683063615,-0.01675493975956699
2022-09-26,174326.14810207972,111272.35460408876,-0.02112877078209864,-0.009892481829295585
2022-09-27,173522.27102740077,110988.29382507765,-0.004611339626504185,-0.0025528423481449014
2022-09-28,178189.58518591715,113172.12729154025,0.02689749350836565,0.019676250451281074
2022-09-29,175787.21819083233,110808.09228410991,-0.013482084222701623,-0.020888844841984833
2022-09-30,175797.58874839026,109094.59404094175,5.899494664438629e-05,-0.015463656199177
2022-10-03,179471.96054890062,111974.83551584948,0.020901150161787885,0.0264013217174337
2022-10-04,185357.36004662095,115444.54572407063,0.032792863463018324,0.03098651757099513
2022-10-05,185530.54504885516,115175.77858833756,0.0009343303238168793,-0.0023281059667856763
2022-10-06,185433.90756180978,113987.63975305068,-0.0005208710351168237,-0.010315874134730563
2022-10-07,182790.180671744,110808.09228410991,-0.014256976649130722,-0.027893791606082297
2022-10-10,180891.51006932952,109962.0409642995,-0.010387158628745487,-0.0076352845931247915
2022-10-11,181835.7907472839,109265.62327020316,0.005220149235265046,-0.006333255439687879
2022-10-12,182257.05306327148,108905.23955957012,0.0023167183658195983,-0.003298235070163247
2022-10-13,187148.05534278048,111779.35001725492,0.02683573665492689,0.026390929116984152
2022-10-14,181619.16962879393,109232.05280307098,-0.029542843519585804,-0.02278862074068888
2022-10-17,183611.44543821207,112038.98358388653,0.010969523831047576,0.02569695166194519
2022-10-18,185616.6307815354,113355.38949829385,0.01092080800593722,0.011749534602138567
2022-10-19,184391.1159585355,112552.09064297315,-0.006602397736883328,-0.007086551939665564
2022-10-20,182912.48009047235,111608.31110234228,-0.00801901903124036,-0.008385268858529082
2022-10-21,181959.06118792316,114320.57432812324,-0.005212432208439959,0.0243016241263061
2022-10-24,182508.56288576653,115719.45356267784,0.0030199193942633895,0.012236460871334787
2022-10-25,185779.04256941896,117567.30147393324,0.017919595836713913,0.015968342870324337
2022-10-26,186181.25065699048,116681.55835541894,0.002164980947305777,-0.007533924036784101
2022-10-27,187199.6662041875,116058.48041236843,0.005470022054332805,-0.005339986471148861
2022-10-28,188679.42409872334,118819.58837725717,0.007904703702418981,0.023790661010537173
2022-10-31,192033.0829407843,117961.31376560577,0.01777437501773501,-0.007223342744853922
2022-11-01,193494.68390094803,117445.12666943083,0.00761119353905493,-0.004375901553628103
2022-11-02,191547.20028978545,114497.7152033051,-0.010064791300207132,-0.02509607294665983
2022-11-03,190004.35230414153,113318.7293084221,-0.008054662157994285,-0.01029702551522138
2022-11-04,191450.59089616817,114949.75423144297,0.007611607705236209,0.01439325108016054
2022-11-07,195007.46560024272,116049.31778631332,0.01857855171626816,0.009565601616306596
2022-11-08,199286.75555066272,116675.43702384722,0.021944236530884068,0.005395285810182893
2022-11-09,194380.30354453996,114271.71021771299,-0.02462006063857805,-0.02060182389240106
2022-11-10,197551.57235085344,120551.39250123312,0.016314764142689373,0.054953953796227806
2022-11-11,193849.10158180064,121718.16478992635,-0.01874179347192028,0.00967862970708766
2022-11-14,192050.7161209497,120682.74930309306,-0.009277244238823713,-0.00850666364071706
2022-11-15,191753.32489614264,121712.04345835463,-0.0015485035974548422,0.008528925312071722
2022-11-16,190581.44564510952,120783.51881839693,-0.0061113894722182125,-0.00762886410887853
2022-11-17,191872.38960119357,120413.94342475511,0.00677371268600813,-0.003059816415826422
2022-11-18,193534.18383205813,120960.68875053247,0.008660934667664327,0.004540548297207847
2022-11-21,194225.46815411784,120520.85364293313,0.0035718977824588946,-0.0036361822352587447
2022-11-22,196447.44465424833,122142.69656859642,0.01144019124395864,0.013456948541605396
2022-11-23,194696.10355256873,122912.39589983124,-0.008915061759963396,0.006301640236037853
2022-11-25,195236.85284951454,122884.89833601468,0.0027774017408612474,-0.00022371676685062347
2022-11-28,193252.50698878907,120924.00918935833,-0.010163787378067127,-0.015957120632468014
2022-11-29,193790.20956846263,120716.32945587645,0.002782383463231004,-0.0017174400259643008
2022-11-30,197590.33045349724,124518.96455351896,0.019609457533983982,0.031500585834432826
2022-12-01,196923.27824128792,124427.347978619,-0.0033759355059449995,-0.0007357640278207178
2022-12-02,198106.1528880161,124283.78725622053,0.006006779174572029,-0.0011537714556381085
2022-12-05,195424.6014982275,122048.01932791063,-0.013535931876403534,-0.017989216274047926
2022-12-06,192476.35102063557,120288.72732576932,-0.01508638346957909,-0.014414752585329205
2022-12-07,195147.50388799902,120084.08888677084,0.01387782370768788,-0.0017012270688030462
2022-12-08,194984.9146716383,121024.81744726708,-0.0008331606252775731,0.007833915127450908
2022-12-09,191104.2850677134,120120.73939099131,-0.019902204283136632,-0.0074701873164955135
2022-12-12,193346.34871347272,121852.55320061848,0.011732147423930682,0.014417275637890858
2022-12-13,193185.5587558044,122774.94682335325,-0.0008316162096579601,0.007569752118498085
2022-12-14,193763.31685874914,121989.99259144525,0.0029906899183651087,-0.0063934398036220585
2022-12-15,191580.05262159187,119005.90156414539,-0.011267686126310652,-0.024461769067351646
2022-12-16,191404.63342519046,117600.91068367031,-0.0009156443690298919,-0.011806060556734499
2022-12-19,190945.90530823974,116603.68571960165,-0.002396640607605839,-0.008479738449909235
2022-12-20,187117.43783258615,116763.2374521661,-0.02005001086288496,0.001368324951135147
2022-12-21,190605.547608972,118509.13419866869,0.01864128654597489,0.014952452369418223
2022-12-22,189997.6810465352,116818.47472107978,-0.003189133632583794,-0.014266068932329623
2022-12-23,190005.89837971865,117490.43614584293,4.3249649881043056e-05,0.005752184544161931
2022-12-27,189919.79464246496,117027.11333403253,-0.0004531634964385831,-0.00394349384519499
2022-12-28,187288.52216076409,115572.71594667884,-0.013854651047061215,-0.012427866892712136
2022-12-29,187894.27171647229,117653.0679154957,0.003234312219027663,0.018000372767709827
2022-12-30,187017.71199659276,117343.15613337558,-0.004665175323717335,-0.0026341156045561753
2023-01-03,185385.81003507276,116849.1685497993,-0.0087259219680205,-0.0042097690215081585
2023-01-04,186401.23831182616,117751.25136192353,0.005477378643819962,0.00772006188250951
2023-01-05,187082.1929041722,116407.31882674598,0.0036531656040121913,-0.011413318496691027
2023-01-06,190020.4966391642,119076.78115978108,0.015705950894519666,0.022932083308337292
2023-01-09,185414.10336338318,119009.27217077033,-0.024241560027749177,-0.0005669366299058121
2023-01-10,186909.85692995822,119843.85567953505,0.008067097051638982,0.007012760380276317
2023-01-11,187196.26750882936,121359.64072432776,0.0015323460387564355,0.012647999650862163
2023-01-12,186211.2697715637,121801.50013303233,-0.005261844962903434,0.0036409090045697035
2023-01-13,186748.43622373688,122274.02431350274,0.0028847150488376903,0.003879461090005698
2023-01-17,185422.2215987884,122050.02425771339,-0.007101610336161548,-0.0018319512835778262
2023-01-18,181525.95034508972,120123.08331858683,-0.021012968241364983,-0.015788124179785035
2023-01-19,180889.04782970913,119248.60461244259,-0.003508603118010337,-0.007279855644605426
2023-01-20,181415.54811143957,121470.1055765039,0.002910625535638103,0.018629156888511744
2023-01-23,181009.78291160712,122927.5830009459,-0.002236661653626224,0.011998651170382457
2023-01-24,181188.32918624152,122795.63537436146,0.0009863901926318026,-0.0010733768887607464
2023-01-25,182005.87864664127,122841.67127461513,0.004512152985082157,0.00037489850606919894
2023-01-26,180580.94392961843,124191.73482701562,-0.007829058751389659,0.010990273401461526
2023-01-27,181217.61450153537,124477.08379763913,0.0035256797204752267,0.0022976486399917118
2023-01-30,181883.88049688714,122915.29190954637,0.003676607250263247,-0.012546822599344809
2023-01-31,183862.76491938715,124722.55694218558,0.01087993293904837,0.014703337595855626
2023-02-01,184790.93117832323,126048.09642569434,0.0050481469662607146,0.010627904975707203
2023-02-02,182708.11523773673,127882.96556431353,-0.011271202148857736,0.014556896856438017
2023-02-03,182337.59554010362,126523.69095760181,-0.0020279323507385923,-0.010629051341698226
2023-02-06,182157.02996444167,125750.46604932252,-0.0009902816538033578,-0.006111305340739781
2023-02-07,179535.2815963637,127395.08962665775,-0.014392792683267519,0.013078469042732355
2023-02-08,177283.8794066031,126002.05083978943,-0.012540165753170764,-0.010934791842846736
2023-02-09,175717.0709268056,124909.73215203245,-0.008837850824574884,-0.0086690548326539
2023-02-10,177188.14436127464,125201.22182553013,0.008371829934962844,0.0023336025822462414
2023-02-13,179264.34398392544,126670.9709700692,0.011717486122647062,0.011739095857923765
2023-02-14,179100.1768526979,126612.67303536968,-0.0009157824003319529,-0.000460231213616491
2023-02-15,180459.09093935986,127023.81924405225,0.007587452511449044,0.003247275322650678
2023-02-16,180313.08297644876,125274.87151741503,-0.0008090917567580231,-0.01376865958719875
2023-02-17,180582.43954358483,124961.89906950905,0.001493827085033054,-0.0024982859221089893
2023-02-21,178788.192149656,122455.03944917303,-0.009935890768026376,-0.020060991702291697
2023-02-22,179469.26632734758,122286.28634794858,0.0038093912662948955,-0.0013780821269874233
2023-02-23,179869.55032890907,122936.79405525712,0.002230376318758531,0.005319547487586673
2023-02-24,178466.02184740157,121623.53597749665,-0.0078030354717683395,-0.010682384292290847
2023-02-27,179010.1607931979,122037.74285196509,0.003048977839947572,0.003405647362078712
2023-02-28,179194.39559748952,121586.70144590297,0.0010291862957682533,-0.0036959173082153907
2023-03-01,183914.51752422954,121120.3082826555,0.02634078990585423,-0.0038358895973092944
2023-03-02,185371.46383067698,122062.3056634617,0.007921866778436794,0.00777736941197249
2023-03-03,187548.44906188233,124019.90168870291,0.01174390699743237,0.016037678582268455
2023-03-06,187380.07215498132,124105.8231006849,-0.0008977781887465963,0.0006928034195483601
2023-03-07,185651.17701407586,122203.44497305495,-0.009226675606547287,-0.015328677414971792
2023-03-08,185557.21212923684,122402.8822173477,-0.0005061367579259034,0.0016320100005096094
2023-03-09,181970.3998376827,120144.5757786464,-0.019329953551231505,-0.018449781555725853
2023-03-10,179521.7674583281,118410.95075224088,-0.013456212557310087,-0.014429490596392203
2023-03-13,179366.07179671308,118242.18796536521,-0.0008672801288632727,-0.001425229556924923
2023-03-14,182282.32167294997,120196.7523817742,0.016258648288523886,0.016530178018876907
2023-03-15,182074.3290789888,119444.99087660077,-0.001141046438580786,-0.006254424435576
2023-03-16,184605.534511281,121540.66554564933,0.013902044539151275,0.017545103010754293
2023-03-17,182347.9968281205,120119.53837023997,-0.01222898159113725,-0.011692606495359414
2023-03-20,183951.56919983632,121274.55227835085,0.008794022416529957,0.009615537353721892
2023-03-21,186123.03858217996,122866.94113865093,0.011804571125917505,0.01313044517901174
2023-03-22,181832.02606278885,120772.50623295868,-0.0230547091433631,-0.017046366469958496
2023-03-23,182861.91959047364,121099.01922127166,0.005663983127643081,0.0027035374067934104
2023-03-24,184490.36650610494,121893.6494187495,0.008905336437888694,0.0065618219089444985
2023-03-27,186372.63270844062,122121.5818489346,0.010202517551361577,0.0018699286736594267
2023-03-28,185560.6887875171,121847.44886242507,-0.0043565619539952935,-0.002244754631893331
2023-03-29,187028.0926415752,123618.4895594975,0.00790794571655421,0.01453490174482086
2023-03-30,187855.02971695937,124342.32733220063,0.004421459170676215,0.005855416736464392
2023-03-31,190563.44642924625,126094.86843544086,0.01441758954427603,0.01409448528784596
2023-04-03,191431.5611157199,126575.36390686622,0.004555515250906032,0.003810587039641211
2023-04-04,189143.4042599374,125873.10576508357,-0.011952871524666304,-0.0055481423881139635
2023-04-05,188543.3951693435,125543.54179663594,-0.003172244324043782,-0.0026182238568316363
2023-04-06,188598.12493369382,126033.25800802372,0.000290276751944305,0.0039007678481866037
2023-04-10,189021.11090138875,126162.61956573214,0.002242789889049113,0.0010264081065030073
2023-04-11,189228.62260606186,126196.4999737034,0.0010978229028679777,0.00026854553343835796
2023-04-12,187694.41056393355,125682.14346560925,-0.008107716586418663,-0.004075838142906796
2023-04-13,188464.03685524952,127351.52356746548,0.0041004220051284995,0.013282555944894803
2023-04-14,187860.07897372096,127040.44950719886,-0.00320463199030602,-0.0024426410580148383
2023-04-17,188787.78791261194,127496.29499626662,0.00493829739644016,0.003588191720322431
2023-04-18,188837.0949610987,127579.45599765061,0.0002611771080742167,0.0006522621020981223
2023-04-19,188148.59895797572,127557.89573803253,-0.003645978578863486,-0.00016899476055509677
2023-04-20,186914.51604844266,126861.80735607771,-0.006559086362416547,-0.0054570387660234365
2023-04-21,186902.46912729435,126960.35885725194,-6.44515011620398e-05,0.0007768413774653649
2023-04-24,186787.87967692752,127092.8198233511,-0.0006130975738409955,0.0010433253914168272
2023-04-25,186691.85605169865,125075.36647356379,-0.0005140784583826333,-0.015873857804016067
2023-04-26,184730.50623608776,124545.58072307448,-0.010505813467662682,-0.004235732146355753
2023-04-27,184744.49051156404,127025.05900740859,7.570095357396604e-05,0.019908199632126644
2023-04-28,184284.98157077353,128109.22237683747,-0.0024872673578416344,0.00853503535365907
2023-05-01,186912.74448362575,127979.86081912904,0.014259235291200625,-0.0010097755283213772
2023-05-02,187555.84772710476,126541.46412759252,0.0034406602142389364,-0.011239242505266978
2023-05-03,187482.00810161358,125672.89366869317,-0.0003936940723843058,-0.006863919782242989
2023-05-04,185095.74122181442,124782.75326452448,-0.012727978028194899,-0.007082994416563015
2023-05-05,186539.62088090647,127092.81982335112,0.007800717885571153,0.018512707072022794
2023-05-08,187347.72016331673,127126.69054567117,0.004332051703515362,0.00026650382269521877
2023-05-09,188534.3613300865,126569.19414703842,0.006333897021727018,-0.004385360747139466
2023-05-10,181480.8744966769,127160.57095364241,-0.03741220848893621,0.004672359736421994
2023-05-11,183905.79131658177,126938.79859763391,0.01336183124877603,-0.0017440339748816536
2023-05-12,183930.82965883228,126772.46690921471,0.0001361476551187562,-0.0013103297829879512
2023-05-15,184343.8832902522,127209.84186140391,0.0022457009093367905,0.0034500784188606914
2023-05-16,181822.07003617234,126359.76131068554,-0.013679939952817608,-0.006682506151092893
2023-05-17,181268.44709142158,127893.63915195921,-0.003044861081169156,0.012138973873987213
2023-05-18,180855.43175638336,129125.64430162625,-0.0022784734004473554,0.009633044753720732
2023-05-19,178371.551155367,128937.76203924022,-0.013734066911311812,-0.0014550344619939093
2023-05-22,178164.34454932442,128990.14204104367,-0.0011616572525183497,0.00040624252333087973
2023-05-23,175957.09864456975,127542.48586693984,-0.012388819493249475,-0.011222998526842498
2023-05-24,173926.80926662756,126618.48442610237,-0.011538547711810891,-0.007244656041920372
2023-05-25,175517.64439473464,127714.97762953563,0.009146578004937303,0.008659819365261834
2023-05-26,176541.42883448585,129368.96723160162,0.005832943139601134,0.012950631419783365
2023-05-30,177469.39667568775,129418.26719631681,0.005256374366789091,0.0003810802990096285
2023-05-31,177358.0659505003,128700.59918344147,-0.0006273235119567599,-0.005545337829216068
2023-06-01,176297.28536672858,129923.39327879727,-0.005981011227692347,0.009501075388257618
2023-06-02,178310.77082884006,131802.22558830882,0.011420966907817468,0.014461077886719353
2023-06-05,178682.4529383914,131549.66254706858,0.002084462468664504,-0.0019162274393540457
2023-06-06,178723.16219722774,131836.1059962801,0.0002278301991431829,0.002177454838464543
2023-06-07,179509.98745065392,131380.25082156112,0.004402480594864726,-0.0034577414986137756
2023-06-08,179766.9825644866,132174.92944729506,0.0014316479962059744,0.006048691647067006
2023-06-09,179889.76454358484,132412.0826174426,0.0006830062859523143,0.0017942371608536956
2023-06-12,180831.63587028117,133613.29708187788,0.005235825001417149,0.009071788923566526
2023-06-13,180854.794124186,134494.19737478165,0.0001280652790281425,0.006592908880648007
2023-06-14,181974.83507987057,134654.37867467548,0.006193039897606824,0.0011909904146083505
2023-06-15,183411.27179804796,136323.77814783415,0.007893600879192572,0.012397661996510045
2023-06-16,183241.74289399153,135859.4189713431,-0.0009243101713132555,-0.0034062962661399743
2023-06-20,181620.59263847442,135154.56507503323,-0.008847057607692568,-0.005188112106224607
2023-06-21,181323.11102357315,134462.07006968142,-0.001637928885594009,-0.0051237263422612145
2023-06-22,181632.35558030562,134947.42773801973,0.0017054889196791538,0.0036096251387978118
2023-06-23,178844.08369745998,133927.22840925472,-0.015351184946851847,-0.007559976102290422
2023-06-26,178978.00773509667,133380.02785786998,0.0007488312437735838,-0.004085805088959282
2023-06-27,181610.95400626917,134842.30936531763,0.014711004466366986,0.010963271870102265
2023-06-28,181451.5388976648,134910.3316938431,-0.0008777835537323443,0.0005044583472773034
2023-06-29,181780.6486342015,135442.06426022784,0.0018137610655497396,0.0039413776521683985
2023-06-30,184346.8796029795,137040.38073907522,0.014117184574151375,0.011800739213310374
2023-07-03,184605.4455027119,137198.03408400036,0.0014026052422980418,0.001150415257713755
2023-07-05,183064.2606528845,136993.9961553776,-0.008348534062093942,-0.0014871782236896003
2023-07-06,182247.98740081617,135921.25216873837,-0.004458943811081053,-0.007830591243009888
2023-07-07,181031.15154255833,135578.09923162757,-0.0066768136955152125,-0.0025246452018024
2023-07-10,182008.0091454312,135921.25216873837,0.005396074623340238,0.002531035167593787
2023-07-11,182428.0451694485,136786.87818966652,0.002307788684627042,0.006368584802717514
2023-07-12,182864.74558265763,137887.44905226384,0.002393822796289343,0.008045880402879568
2023-07-13,182791.3452849708,138981.84046938212,-0.0004013911891709585,0.007936845772695822
2023-07-14,183063.30555729583,138895.27980441952,0.0014878181015685592,-0.0006228199646099997
2023-07-17,183680.66787540077,139377.56712132078,0.0033723979594138245,0.0034723089048120936
2023-07-18,184627.6909114152,140413.2247494346,0.005155812241802342,0.007430590513983537
2023-07-19,184295.72862324648,140725.46108784777,-0.0017980092072320416,0.0022236960868204925
2023-07-20,182826.23116198188,139791.82242404533,-0.00797358393622171,-0.006634468678127892
2023-07-21,182461.17311570712,139791.82242404533,-0.001996748737610455,0.0
2023-07-24,182507.01294012312,140416.32415782532,0.00025123056940412353,0.004467369571058422
2023-07-25,182555.21994306482,140799.64349054982,0.00026413781128233705,0.002729877277613646
2023-07-26,182450.09569794315,140821.29092102885,-0.0005758490234048722,0.00015374634439679902
2023-07-27,179399.48878526522,139887.65225722644,-0.01672022643237413,-0.006629953877684613
2023-07-28,181888.51535825036,141257.2033398837,0.013874212183315745,0.009790364342800784
2023-07-31,181797.97279740687,141526.16418864118,-0.0004977915217196454,0.0019040505007756892
2023-08-01,181955.8291810858,141121.16836848395,0.000868306622180325,-0.0028616321404527634
2023-08-02,179791.90403697942,139158.061207698,-0.011892584886372713,-0.013910791580608706
2023-08-03,180140.55193722204,138759.26420432224,0.0019391746369788855,-0.0028657844174799774
2023-08-04,178553.80707237503,138131.68243345394,-0.008808371284440092,-0.004522809878439449
2023-08-07,181214.82587247077,139337.36198310216,0.014903175931819473,0.008728479436490355
2023-08-08,181502.41215969936,138731.43732836415,0.0015869909420709678,-0.004348615806372802
2023-08-09,179669.58525286725,137803.987795692,-0.010098085667420514,-0.006685215337868811
2023-08-10,180653.86891219782,137853.4427308267,0.005478298722320034,0.0003588788388912967
2023-08-11,179296.82799810855,137773.05182569192,-0.007511828682444705,-0.0005831621143603805
2023-08-14,178838.4423523825,138533.5691595692,-0.00255657420627031,0.005520073220410815
2023-08-15,176399.01500446242,136919.8137526755,-0.013640396974121768,-0.011648840181363695
2023-08-16,175456.63872982727,135915.07272325928,-0.005342298961313836,-0.007338171166600516
2023-08-17,173203.27711835603,134879.41509514546,-0.012842840417916904,-0.007619887973886019
2023-08-18,174399.24282165887,134944.3380152802,0.006904983111177574,0.0004813404631753837
2023-08-21,174825.11081270987,135822.32292716642,0.002441914220272425,0.006506274548449875
2023-08-22,174496.58356719936,135454.43283683708,-0.0018791765323830855,-0.002708612858334236
2023-08-23,175677.71671160913,136963.07955667994,0.006768803837095899,0.011137669607757195
2023-08-24,171723.53807352734,135064.91468733113,-0.022508139974137545,-0.013858952905357769
2023-08-25,172796.65143775073,136017.09168757065,0.006249075556339292,0.0070497730846221796
2023-08-28,174040.12944607294,136879.63767141054,0.007196192738550577,0.0063414529243217554
2023-08-29,176813.94785621553,138858.19344589408,0.015937809394712517,0.014454712243125778
2023-08-30,177065.37549581542,139430.12146484622,0.0014219898523181614,0.004118792019103701
2023-08-31,178852.80508948013,139226.07385057225,0.010094743755856367,-0.0014634399807607057
2023-09-01,179668.67075251954,139485.75584545996,0.004561659866789499,0.001865182201190585
2023-09-05,176824.6858276346,138882.91122781025,-0.01582905307293296,-0.004321908097323024
2023-09-06,176489.91415251122,137949.2725640078,-0.0018932406047066108,-0.006722487709600045
2023-09-07,176661.88875044696,137525.75777871595,0.0009744160098980213,-0.0030700762491905342
2023-09-08,174868.6940232423,137732.85637312452,-0.010150433349762952,0.0015058894984736337
2023-09-11,176671.92433849716,138638.6972179225,0.010311910461315351,0.006576795607462271
2023-09-12,174883.16021867457,137878.17988404524,-0.010124778605996304,-0.005485606465861714
2023-09-13,174755.45748861876,138038.9229517099,-0.0007302174199969778,0.0011658339833018339
2023-09-14,175749.17297943952,139229.16357331173,0.005686320216268463,0.008622500061219895
2023-09-15,173207.08889733694,137551.68626703467,-0.014464273367590747,-0.012048318493228405
2023-09-18,174366.1820063624,137632.34837040363,0.006691949598624643,0.0005864130463102413
2023-09-19,173776.09972225802,137346.93160022155,-0.0033841555588046664,-0.00207376226273448
2023-09-20,173110.69233128065,136084.25199313744,-0.0038291076393179952,-0.009193358689362108
2023-09-21,170023.9065762525,133835.01132397904,-0.017831283056282742,-0.016528295054095032
2023-09-22,170339.27347873565,133534.0587692384,0.0018548385861357707,-0.0022486832986632344
2023-09-25,170365.38988844166,134095.60377008154,0.0001533199547739839,0.004205256741379726
2023-09-26,168836.27863991907,132125.5713686725,-0.00897548058043875,-0.014691252703457836
2023-09-27,169620.54513386925,132178.31942522238,0.00464513018332289,0.0003992267053489762
2023-09-28,170355.23289900122,132944.6094072274,0.004331360711947478,0.005797395407486139
2023-09-29,170468.49444086975,132621.96099375162,0.0006648550792429726,-0.002426938669528811
2023-10-02,168876.0211835817,132569.21293720175,-0.009341745303208675,-0.00039773244306318123
2023-10-03,166885.10800303178,130794.6272917824,-0.011789199950333111,-0.013386106819989751
2023-10-04,168185.6735201175,131747.0754902561,0.007793178987918315,0.007282013169768398
2023-10-05,167480.20211946763,131697.43652774818,-0.004194598659234081,-0.0003767746822704865
2023-10-06,168073.95588991846,133261.0493182705,0.003545217661173546,0.011872765573480715
2023-10-09,172335.01945691276,134114.21959172838,0.02535231317923589,0.006402247902312697
2023-10-10,173851.6222200842,134812.2547895786,0.00880031677804525,0.0052047814167297535
2023-10-11,174379.4748405119,135364.48219394707,0.0030362248777836996,0.00409627007003488
2023-10-12,172305.8422044041,134539.2356529595,-0.011891494902162852,-0.006096477655085364
2023-10-13,173931.00839879224,133869.1048162771,0.009431869364360908,-0.004980932390689197
2023-10-16,176076.04599580093,135277.63095944788,0.012332692236743378,0.01052166700527235
2023-10-17,176683.83080628447,135271.42245701517,0.003451831321212508,-4.589452364489599e-05
2023-10-18,175567.67754939478,133468.92276477674,-0.006317234869745654,-0.01332505905163528
2023-10-19,174344.38555797943,132296.20348623378,-0.0069676378277040985,-0.008786459456256668
2023-10-20,172765.56184592022,130670.53472833816,-0.009055776054997662,-0.012288098335828557
2023-10-23,171947.70791245165,130444.06483148746,-0.004733894444762037,-0.0017331366809016924
2023-10-24,173064.02302086964,131427.5458564734,0.006492177895074729,0.007539484653874329
2023-10-25,172354.41335142285,129541.25559552164,-0.004100272587337416,-0.01435232050221591
2023-10-26,171445.3468351203,127990.05012421349,-0.0052744023122228804,-0.011974605805517347
2023-10-27,170415.84500892877,127409.92804432838,-0.006004839706624424,-0.004532556080118044
2023-10-30,170375.30443646663,128933.17104056134,-0.0002378920367411717,0.0119554497802008
2023-10-31,172740.51058542522,129742.92053959526,0.013882329700197805,0.006280381475913366
2023-11-01,173907.7895115066,131126.60298738405,0.006757412735005997,0.010664801147022951
2023-11-02,177294.40938669708,133639.55488233813,0.019473652587404276,0.01916431782493322
2023-11-03,175905.5992850053,134858.80402934703,-0.007833355301478606,0.00912341520504456
2023-11-06,177247.15459785095,135169.04512360867,0.007626564011029844,0.0023004882513575353
2023-11-07,178245.92966968162,135553.73013315533,0.005634928662729586,0.0028459549240351656
2023-11-08,177688.56032001346,135653.00805817117,-0.003126968176502257,0.0007323879978684555
2023-11-09,175975.5691534575,134595.09280355135,-0.009640413335956697,-0.007798686293533086
2023-11-10,178292.96049171174,136695.42627083726,0.013168824226011629,0.015604829444647361
2023-11-13,180379.7113179685,136565.1252049604,0.011704056180915499,-0.0009532218409319393
2023-11-14,181766.37184730274,139214.58666822402,0.00768745286929687,0.019400717857412264
2023-11-15,178882.31957962833,139509.3113492295,-0.015866808796168516,0.0021170531627399125
2023-11-16,176882.93070843548,139679.94346679084,-0.01117711843121989,0.0012230876628314125
2023-11-17,178412.72974144496,139853.67499274292,0.008648652681649209,0.001243782905692381
2023-11-20,180643.36792314163,140930.19638335836,0.012502685121904028,0.007697483749864231
2023-11-21,180443.9051902801,140623.07406878992,-0.0011041796615882922,-0.002179251306320573
2023-11-22,180870.98431066528,141165.98387668372,0.0023668248585887635,0.003860744842117736
2023-11-24,182286.95121023513,141252.8641681366,0.007828601723855095,0.0006154477804565239
2023-11-27,182691.03042332578,140998.4802244668,0.002216720453153071,-0.001800911756146828
2023-11-28,181719.55371091343,141138.07951551586,-0.005317593918876451,0.0009900765655546095
2023-11-29,182553.61695946346,141038.80159050005,0.004589837645523346,-0.0007034099185464493
2023-11-30,184605.45970784422,141594.12840325927,0.011239671843020169,0.003937404504978703
2023-12-01,187287.33671187525,142431.79194911226,0.014527614775182426,0.005915948318614861
2023-12-04,186886.00430591137,141684.1081031029,-0.0021428699505791973,-0.005249416831577314
2023-12-05,186236.5986371118,141656.18437063257,-0.003474875880681648,-0.00019708443553867472
2023-12-06,183730.35353209233,141085.34114461724,-0.013457317859971098,-0.004029779769598951
2023-12-07,184666.44763533218,142161.8722208839,0.005094934425608304,0.007630353852021932
2023-12-08,185398.73163579358,142773.03681293252,0.003965441528974848,0.004299075290025822
2023-12-11,186297.02725784096,143328.37331134296,0.004845209102142326,0.003889645487740623
2023-12-12,188044.51820541208,143983.00710607166,0.009380133291942119,0.00456737057432921
2023-12-13,190905.01337563712,145968.5365494344,0.015211797703671148,0.013790026220941387
2023-12-14,188304.25187646667,146437.00244204316,-0.013623327398181218,0.003209362124762638
2023-12-15,187803.58154959028,146195.89752619743,-0.002658837078224052,-0.0016464753568085078
2023-12-18,189127.44884728108,147018.26742877238,0.007049212196952782,0.005625122978759167
2023-12-19,190718.6262808102,147912.262722127,0.008413254888316008,0.006080844979265976
2023-12-20,186959.1899158676,145862.58521072724,-0.019711951780772875,-0.013857387302974034
2023-12-21,189646.89431289159,147245.65746248906,0.014375888118864116,0.009482022067301976
2023-12-22,189460.41465352915,147541.56379294355,-0.000983299304942755,0.0020096098965081133
2023-12-26,190318.45290270325,148164.55456513303,0.004528852376593931,0.004222476407148568
2023-12-27,190981.44251871857,148432.46936355866,0.0034835803144862274,0.001808224640582612
2023-12-28,191064.58956330153,148488.53959847736,0.00043536714084035585,0.0003777491215979367
2023-12-29,190222.51284620602,148058.66134033326,-0.004407288231797173,-0.0028950265071400194
2024-01-02,186925.0557760767,147230.08293532563,-0.017334736150790557,-0.005596284590896228
2024-01-03,183332.27390957158,146027.68682144137,-0.019220440253922014,-0.008166782833454289
2024-01-04,184072.26152376545,145557.33222684445,0.004036319401999389,-0.003220995996273235
2024-01-05,184195.6316372794,145756.68230027624,0.000670226532192762,0.0013695639400774784
2024-01-08,188030.76058015254,147837.4991803517,0.020820954920501726,0.0142759621530677
2024-01-09,187216.79585435864,147613.22792632817,-0.004328891311626214,-0.0015170119575003138
2024-01-10,188357.97832568458,148448.03420507093,0.006095513311816726,0.0056553622630581835
2024-01-11,188633.12736325184,148382.62700237514,0.0014607771861487608,-0.00044060672844903337
2024-01-12,190587.78342642533,148485.43050443544,0.01036220991771708,0.0006928270791339841
2024-01-16,190534.05921500982,147940.28331110952,-0.0002818869627930025,-0.0036713850744407583
2024-01-17,192513.10512055867,147117.94246548828,0.010386835370549522,-0.005558599910829853
2024-01-18,193905.0581058914,148426.23180417233,0.007230432361791751,0.008892792522509518
2024-01-19,195211.55813521464,150276.53018518668,0.006737833670175821,0.012466114368891112
2024-01-22,198437.43094027185,150594.27765914463,0.016525009255972313,0.002114418489476577
2024-01-23,197330.13535953697,151033.46382811214,-0.005580074159840064,0.0029163536343763674
2024-01-24,194864.5908542285,151198.5848101287,-0.012494515856973622,0.001093274151511725
2024-01-25,195736.7708592403,152020.93534140123,0.0044758260143026194,0.005438877171404677
2024-01-26,195665.48942820498,151827.8131417046,-0.00036416985282014297,-0.0012703658168061738
2024-01-29,198997.24555286978,153030.18019863518,0.017027816884833406,0.007919280611704549
2024-01-30,199944.4249793281,152911.8215407139,0.004759761492309972,-0.00077343343494507
2024-01-31,196630.93933306914,150416.72030096024,-0.01657203318672934,-0.01631725536072648
2024-02-01,200411.85840681344,152385.3967111983,0.01922850537442565,0.013088148753004791
2024-02-02,204227.0580550902,153989.6020659881,0.019036795919193324,0.010527290602721395
2024-02-05,202835.06607881948,153428.9094024524,-0.0068159037765465865,-0.0036411072956433754
2024-02-06,202011.84845358343,153874.35250210873,-0.004058556743419203,0.002903254030750535
2024-02-07,198797.25941492815,155157.72066020104,-0.01591287374113544,0.0083403643116855
2024-02-08,197773.19801307796,155226.24664259,-0.005151285308781883,0.0004416537062892356
2024-02-09,197106.50636463266,156123.3897725915,-0.0033709908882659295,0.005779583990503712
2024-02-12,196480.54022864785,156054.8541045513,-0.0031757761198751276,-0.00043898398657638005
2024-02-13,196893.12018902428,153905.50155643566,0.0020998515165742723,-0.013773057944584388
2024-02-14,199059.85728661818,155304.1289640585,0.011004635893391148,0.009087572526508936
2024-02-15,202527.2277704713,156375.69130124876,0.017418732893295433,0.0068997672137760535
2024-02-16,200905.1513883021,155596.94557177345,-0.008009176840200154,-0.004979966662306157
2024-02-20,200134.8177495006,154740.32720648087,-0.003834315016207062,-0.005505367487419255
2024-02-21,199059.75857002384,154880.49795095198,-0.0053716749117704455,0.0009058449532943769
2024-02-22,203327.23213455273,158085.80925214078,0.021438153020906358,0.020695383496273756
2024-02-23,204781.93728227922,158194.85031358743,0.007154502289018601,0.0006897586947398615
2024-02-26,204310.25037279897,157615.4546575439,-0.002303361886991342,-0.0036625443552367187
2024-02-27,202603.82506318696,157908.27126525884,-0.008352127739544805,0.001857791219466165
2024-02-28,201772.0585277949,157699.57453839877,-0.004105384166032697,-0.001321632649055493
2024-02-29,202954.10926258765,158266.49507566958,0.005858347005117712,0.003594940182497286
2024-03-01,204852.77602160882,159752.3320868868,0.009355153073371116,0.009388196854342779
2024-03-04,205999.36615685697,159581.02197374,0.005597142286845051,-0.0010723481210505037
2024-03-05,204400.84570413045,157986.13421542489,-0.007759831899236561,-0.009994219479165567
2024-03-06,205427.7995904434,158786.6823457988,0.005024215446737633,0.005067205007259101
2024-03-07,206506.57360333556,160362.86711160606,0.005251353590131935,0.009926429235259882
2024-03-08,206447.2170864981,159400.34583586245,-0.0002874316095694972,-0.006002145590685459
2024-03-11,203813.78785897963,159263.2841854333,-0.012755944423387858,-0.0008598579238359161
2024-03-12,204911.57368252275,160976.54028732094,0.005386219622701277,0.010757382724149167
2024-03-13,206875.13552061864,160724.2193873612,0.009582483813911412,-0.0015674389542064127
2024-03-14,205943.11485756972,160406.4912847057,-0.004505232882160746,-0.001976852672650131
2024-03-15,205001.21493021274,159305.0487134985,-0.004573592703055018,-0.006866571061966975
2024-03-18,205320.2330809257,160251.8017490542,0.0015561768783740053,0.005943019654439219
2024-03-19,205924.0725556953,161142.3683218766,0.0029409642961568086,0.005557295226027881
2024-03-20,206852.24564547458,162632.7963317726,0.004507355931046999,0.009249138047412453
2024-03-21,209119.80529563854,163170.253118029,0.010962219158357033,0.0033047257280134357
2024-03-22,209034.40444728459,162860.93216063335,-0.00040838240181616324,-0.0018956945367479827
2024-03-25,208598.10121111758,162410.97554750802,-0.002087231703894168,-0.0027628271995984166
2024-03-26,208697.88616166872,162111.02061484312,0.00047835982193409265,-0.001846888313143169
2024-03-27,209032.0441121079,163473.3558873407,0.0016011563729031579,0.008403717818385115
2024-03-28,209578.9539946748,163442.129347804,0.0026163925482811786,-0.000191019138055748
2024-04-01,209625.74023066077,163157.73925665134,0.000223239190263017,-0.0017400048095767007
2024-04-02,206008.47796387653,162120.38663957387,-0.017255811537285393,-0.006357973711842768
2024-04-03,207043.8933389894,162298.4767085754,0.0050260813794975245,0.0010985050843572708
2024-04-04,205322.27425565556,160317.43172172803,-0.008315237197143933,-0.012206183489969269
2024-04-05,207779.0365293501,161992.2648452217,0.011965395778908488,0.010446980752540913
2024-04-08,208427.49468896212,162082.86442674347,0.0031209027168647495,0.000559283380649811
2024-04-09,206674.94048484828,162270.34957742944,-0.008408459770286966,0.0011567240704257742
2024-04-10,205599.05931251773,160645.52347119004,-0.005205668233442228,-0.010013080704334598
2024-04-11,205342.11897832982,161857.91517713442,-0.0012497155144924996,0.00754699962841987
2024-04-12,202634.6958493142,159623.76475257843,-0.013184938104692116,-0.013803158295415896
2024-04-15,200374.86056914707,157623.98771626953,-0.011152262304810897,-0.012528065851651893
2024-04-16,201013.39773837177,157336.5079023774,0.0031867129809147947,-0.0018238328953434912
2024-04-17,199940.92028170926,156405.35845093877,-0.005335353109439928,-0.005918203370932629
2024-04-18,198356.9113842784,156083.5042608631,-0.007922384748449834,-0.002057820737494942
2024-04-19,198072.6238638245,154721.15930271434,-0.0014332120744872333,-0.008728308379544636
2024-04-22,200120.9358581146,156146.00576819258,0.010341217046220024,0.00920912480167324
2024-04-23,204394.67859265942,157998.92896068783,0.021355800262571705,0.011866606407121338
2024-04-24,204892.44325261522,157923.9329632832,0.0024353112487229284,-0.0004746614290233042
2024-04-25,203822.80105609828,157324.00372665102,-0.005220505839730417,-0.003798849391445036
2024-04-26,204792.9791982732,158814.4801648032,0.00475990977038879,0.009473928979978341
2024-04-29,205951.64464192712,159376.91624555865,0.005657740066040787,0.0035414659933517
2024-04-30,205377.74583786854,156852.17691306857,-0.0027865706295106354,-0.0158413112260255
2024-05-01,203347.12209801836,156342.8666292606,-0.009887262768251474,-0.0032470718215804606
2024-05-02,205198.02461299812,157805.1965649643,0.009102182002298497,0.009353352456888286
2024-05-03,206244.11268408608,159761.2622573126,0.005097944159359477,0.012395445365089852
2024-05-06,208577.99854255017,161411.05797239987,0.011316133236923221,0.010326631698929
2024-05-07,208711.25346801328,161589.1867840063,0.0006388733538255165,0.0011035725423278464
2024-05-08,209305.37083424765,161604.80005377464,0.0028465995789028137,9.6623233763804e-05
2024-05-09,210780.8037506766,162535.95919086447,0.00704918803826272,0.005761952224067501
2024-05-10,210663.04686553968,162745.30485635638,-0.000558669874303289,0.0012879960012175395
2024-05-13,208587.421732296,162767.19442811597,-0.009852820246013402,0.00013450201699471975
2024-05-14,209970.2322294959,163513.97750856177,0.006629405003023487,0.0045880441883245915
2024-05-15,210878.5266250977,165538.76289632346,0.00432582459883665,0.012382949877515204
2024-05-16,210050.31229241067,165198.15728548382,-0.00392744745490109,-0.0020575580297949037
2024-05-17,211038.22363951706,165435.6494534241,0.004703212941340942,0.0014376199580112825
2024-05-20,212327.29082043137,165626.2630694545,0.006108216600212664,0.001152191904587374
2024-05-21,212887.82959532112,166032.4599103631,0.002639975166281285,0.002452490525239215
2024-05-22,211242.01450597483,165554.39553739424,-0.007730902665853776,-0.0028793428298716783
2024-05-23,210637.49485183632,164345.14198244546,-0.002861739675946006,-0.007304267283411603
2024-05-24,213756.11219019955,165432.53067373091,0.014805613504646476,0.006616494276427076
2024-05-28,212042.64914584844,165548.13860670544,-0.008015972160021709,0.0006988222479804573
2024-05-29,213582.16009280953,164388.88238335974,0.007260383480222269,-0.007002532514725268
2024-05-30,208410.2186763667,163298.3749123811,-0.024215231338588505,-0.0066337057297800595
2024-05-31,210718.24861613972,164785.72288518882,0.011074456686584657,0.009108161508684764
2024-06-03,208554.81122724857,164920.0822389273,-0.010266967398880675,0.0008153579775360686
2024-06-04,207518.1198608017,165104.43892426888,-0.00497083409558586,0.0011178546774823772
2024-06-05,209358.3190803201,167066.73249035227,0.008867655608834436,0.011885165407233389
2024-06-06,207001.04663514876,167063.5749680542,-0.011259511709525067,-1.88997668835178e-05
2024-06-07,206571.88892668113,166860.524975856,-0.0020732151621631243,-0.001215405525932467
2024-06-10,207536.4244882665,167376.07281905034,0.004669248882783326,0.003089693282871675
2024-06-11,207087.31087803925,167779.15088026578,-0.0021640230688885135,0.0024082179395570336
2024-06-12,208469.1157539474,169157.12847948537,0.006672571438826437,0.008213044302524564
2024-06-13,207792.62117684842,169497.71471902257,-0.003245058984648198,0.002013431196182136
2024-06-14,206343.54448747635,169600.84753322433,-0.006973667694093905,0.0006084613847021636
2024-06-17,208204.14715502027,170950.6786299955,0.009017014184598694,0.007958869996252504
2024-06-18,209027.6121184086,171385.02197335253,0.003955084346976179,0.0025407523786267205
2024-06-20,208961.39716787112,170919.45209045883,-0.00031677609415533956,-0.0027165144160968824
2024-06-21,208240.90657704603,170690.28958256866,-0.0034479602481134854,-0.0013407631787216712
2024-06-24,209792.61198100075,170135.43736671924,0.007451491781613922,-0.003250637263585987
2024-06-25,208390.33339493515,170790.6135579163,-0.006684118057467986,0.003850909612586273
2024-06-26,207409.98918165566,171003.75599868686,-0.004704365108057016,0.0012479751452985077
2024-06-27,206651.30806747213,171273.36578607617,-0.003657881267806494,0.0015766307927842504
2024-06-28,205006.89497664123,170599.3800602078,-0.007957428898993566,-0.003935146149403046
2024-07-01,203104.1455238343,170950.50428827349,-0.009281392477183315,0.0020581799766317133
2024-07-02,203007.43673745444,172100.94656900803,-0.00047615368032220655,0.006729680532527427
2024-07-03,202876.92959706386,172868.9605969304,-0.0006428687662283323,0.004462578755279667
2024-07-05,203739.07749462026,173865.788449299,0.0042496103389808824,0.005766378469139077
2024-07-08,204647.91952536197,174066.43639999436,0.0044608135165708,0.0011540392879183514
2024-07-09,204092.6729498467,174235.722212036,-0.0027131796736709914,0.0009725356337657587
2024-07-10,205966.87434123934,175959.8262432912,0.009183090036030702,0.00989523852724683
2024-07-11,206732.50486244482,174442.5883508153,0.003717250764980062,-0.008622638046812403
2024-07-12,208103.3301692471,175542.89770082964,0.006630913255341183,0.006307572940855266
2024-07-15,206323.9569251546,176025.64992898947,-0.008550431377745709,0.002750052747691134
2024-07-16,209627.80293303772,177069.51130368753,0.016012905418838996,0.005930166286101768
2024-07-17,206763.62902377505,174586.8076974968,-0.013663139474765091,-0.014021067703364753
2024-07-18,206263.45217795167,173245.09317644886,-0.0024190755800957853,-0.007685085366660127
2024-07-19,204698.15326815177,172094.67026701677,-0.007588833083475478,-0.006640435745331019
2024-07-22,206431.41079422165,173868.9653428995,0.008467382330505748,0.010309994337011075
2024-07-23,206868.41830230696,173596.21740451458,0.002116962270441236,-0.0015686982311479136
2024-07-24,203238.5175393793,169662.09959154626,-0.017546906350988534,-0.022662462764387548
2024-07-25,203440.88358303823,168778.09020460054,0.000995707143060193,-0.005210411689316241
2024-07-26,205521.82466834475,170668.3806395066,0.010228726147156999,0.011199856762299953
2024-07-29,207027.96722013393,170768.6658722494,0.007328382541463464,0.0005876028844185033
2024-07-30,203720.9076385811,169903.4853912774,-0.01597397504288117,-0.005066388945260236
2024-07-31,205065.3748835835,172665.19386654187,0.006599554560141838,0.016254572229077002
2024-08-01,204915.15222751774,170220.07058708885,-0.0007325598295229627,-0.014161066423977298
2024-08-02,201852.16303131636,167050.84802234973,-0.014947597397778317,-0.01861838356551304
2024-08-05,197710.3179447484,162185.72604271112,-0.020519200906087724,-0.029123599414399348
2024-08-06,198907.9673511668,163681.01624952012,0.006057596886537276,0.009219616567337274
2024-08-07,198367.8719394623,162586.96383019458,-0.002715303056468264,-0.006684051971291183
2024-08-08,203141.3369953182,166345.5389004325,0.024063700483275406,0.023117321227324128
2024-08-09,204783.0236219696,167079.05263870547,0.00808149956544419,0.004409578658505664
2024-08-12,204560.6925181064,167166.8433813731,-0.0010856910886989461,0.0005254443407545217
2024-08-13,206817.48756010763,169916.01862395753,0.011032398327461952,0.01644569692754483
2024-08-14,207895.2471630004,170452.0613051356,0.005211162825771797,0.0031547507146127973
2024-08-15,209961.8808024834,173373.6411394548,0.009940745003480665,0.017140184823515314
2024-08-16,210471.5340072981,173762.34569425823,0.0024273606374012584,0.002242004910600892
2024-08-19,212893.024016553,175423.76419081073,0.011505071318437463,0.009561441461407583
2024-08-20,211803.73114497337,175138.5023910482,-0.005116620784600883,-0.0016261297383417528
2024-08-21,213304.0048804302,175740.3687579246,0.007083320616434117,0.0034365165777914264
2024-08-22,213832.00625051008,174361.07391013898,0.0024753467257956044,-0.00784848044609232
2024-08-23,216236.0413646429,176213.70653309757,0.011242634609696541,0.010625265040024923
2024-08-26,215851.28652841793,175793.65921094286,-0.0017793279686255544,-0.002383738078149067
2024-08-27,216104.22679576193,176035.04501067402,0.0011718265450815352,0.0013731200591342585
2024-08-28,215961.10352496986,175013.1313216429,-0.0006622881602743472,-0.00580517185637186
2024-08-29,217156.97221080723,175028.76396271365,0.005537426260183534,8.932267511996272e-05
2024-08-30,218249.1294178554,176699.59691225307,0.005029344422742951,0.009546047813577374
2024-09-03,215704.14676534312,173063.3128743322,-0.011660906319766857,-0.0205789039786356
2024-09-04,216468.86901728576,172709.08923787574,0.0035452366744463683,-0.0020467864076637587
2024-09-05,214494.74003261392,172289.041915721,-0.009119690021174447,-0.0024321089527383766
2024-09-06,211655.35866789467,169389.3516531614,-0.013237533770233765,-0.016830381261148664
2024-09-09,213254.73815362813,171285.87964745384,0.00755652725165819,0.01119626455726519
2024-09-10,212750.61693217882,172031.9847323142,-0.002363939135955538,0.004355905381085767
2024-09-11,212016.60322431143,173796.82661260513,-0.0034501131815819178,0.01025880090285014
2024-09-12,214274.08492484153,175260.77405206283,0.010647664693230417,0.008423326639449114
2024-09-13,216606.2008817221,176176.10683505744,0.010883798466335921,0.005222690519001816
2024-09-16,216630.09358029926,176436.30216945987,0.00011030477650187287,0.001476904780544519
2024-09-17,216021.51697597516,176508.4021571494,-0.0028092893017124545,0.0004086459917997942
2024-09-18,214522.88384760663,175984.9120799538,-0.006937425259055194,-0.0029658082606714986
2024-09-19,216547.52828422678,178987.98698364693,0.00943789492434,0.01706438846489733
2024-09-20,217870.00267948216,178678.58854104154,0.006107086078209876,-0.0017285989290088954
2024-09-23,218187.49112073053,179125.0583197273,0.0014572379737630174,0.002498731282417843
2024-09-24,215960.3338389695,179637.60361104313,-0.010207538802161017,0.0028613824113929986
2024-09-25,214950.75303828006,179241.40236219464,-0.004674843674960523,-0.0022055585294177282
2024-09-26,214776.57421428678,179952.05796358592,-0.0008103196733732143,0.003964796034987783
2024-09-27,215065.4963014399,179691.0490344809,0.0013452216016114683,-0.0014504359219821295
2024-09-30,216673.70816797233,180411.1190888591,0.007477777208289791,0.004007267241452839
2024-10-01,218076.53758813208,178794.9325835089,0.0064743869111810026,-0.008958353085511184
2024-10-02,218381.18522490136,178870.38380652093,0.001396975759697105,0.00042199866585579393
2024-10-03,218015.55323506956,178543.37684999563,-0.0016742833841442868,-0.0018281783130682516
2024-10-04,219522.66982803144,180165.85902863956,0.006912885666174772,0.00908732772544707
2024-10-07,216869.0508484731,178537.08117670196,-0.012088131861903436,-0.009040435633693833
2024-10-08,217922.42817030684,180225.60012537104,0.0048572044637653095,0.009457525224118024
2024-10-09,217398.58499069462,181473.94496864796,-0.0024038057211936835,0.006926567826149865
2024-10-10,215327.9450914865,181156.33309380713,-0.00952462454756442,-0.0017501789300702342
2024-10-11,216655.51511691176,182241.12603056536,0.006165340150630332,0.005988159057053188
2024-10-14,218834.57643446513,183731.57341176382,0.01005772373889259,0.00817843597470147
2024-10-15,217790.60133527426,182304.04402089736,-0.004770613109686091,-0.007769646579291134
2024-10-16,220192.88343816492,183096.40777598944,0.01103023770613731,0.004346386057136886
2024-10-17,219741.636855905,183112.11790226997,-0.0020493240980998706,8.58024822625314e-05
2024-10-18,219893.32263368962,183816.47783036757,0.0006902914711793671,0.003846604671316811
2024-10-21,219151.32008288588,183514.61482441213,-0.0033743750920521456,-0.0016421977480930439
2024-10-22,217987.64599329163,183417.13843052342,-0.005309911385220587,-0.0005311642017283846
2024-10-23,218552.48168567405,181741.1914571393,0.002591136253656344,-0.009137352091113105
2024-10-24,218188.4275872132,182134.23518368974,-0.0016657513822444152,0.00216265626630463
2024-10-25,217176.6293739064,182071.33656466022,-0.004637268000395443,-0.00034534209873338106
2024-10-28,217734.5246679964,182634.1891284182,0.002568855109770795,0.0030913848076141726
2024-10-29,220225.51424887488,182929.75646107993,0.011440489672810517,0.0016183570780052836
2024-10-30,219952.52016414265,182376.35709291373,-0.00123961152123239,-0.0030252014700733465
2024-10-31,218606.72824632065,178801.2282568026,-0.0061185564812701486,-0.019603028008119194
2024-11-01,215891.28264899383,179555.83734343507,-0.0124216011973206,0.0042203797702589085
2024-11-04,213195.08344786314,179169.06991887587,-0.01248868952950865,-0.0021540231177191727
2024-11-05,216878.63000375289,181335.57575530402,0.01727782130956384,0.01209196340310914
2024-11-06,220700.61922211837,185844.5950821493,0.017622710076595893,0.024865607909888565
2024-11-07,220450.45652624013,187281.5582973051,-0.0011334934027823998,0.007732068906930678
2024-11-08,228134.01078770502,188092.8284435807,0.03485388228511263,0.0043318207817757415
2024-11-11,230409.7448850229,188272.03236247267,0.00997542667776816,0.0009527419007668847
2024-11-12,227911.23316030292,187687.21274174534,-0.010843776273294385,-0.003106247982713639
2024-11-13,226394.97033741782,187778.3934623404,-0.006652865687487211,0.00048581210868370306
2024-11-14,219425.3227430509,186570.92206721628,-0.030785346441130866,-0.006430299955496599
2024-11-15,217753.27633910227,184181.2007127477,-0.007620115960392687,-0.012808648464564198
2024-11-18,218946.33002955955,184935.86791328745,0.005478924177468352,0.004097417095878075
2024-11-19,220065.82449196238,185611.88762591226,0.005113099919289402,0.0036554277991209805
2024-11-20,221584.8822301541,185674.7862449418,0.006902742584853911,0.00033887171686064477
2024-11-21,224865.44019882148,186671.5366121006,0.014804971962211606,0.005368259133708753
2024-11-22,225890.51394631065,187250.13804474403,0.004558609569273118,0.003099569667365687
2024-11-25,226612.50403075694,187885.28430921596,0.003196194792924878,0.0033919668690454152
2024-11-26,230616.8873619633,188866.32455009423,0.01767061949354251,0.005221485250881619
2024-11-27,229884.8639340612,188294.03816204696,-0.003174196982171516,-0.0030301134382243466
2024-11-29,230313.69976539238,189463.75488871138,0.001865437436777877,0.006212181426890284
2024-12-02,226983.27126574656,189803.35319182405,-0.014460401196447991,0.0017924183087796308
2024-12-03,227176.02639344553,189891.35701881855,0.0008492041136954973,0.0004636579149661646
2024-12-04,227886.48592503797,191070.5075697723,0.0031273525770805126,0.006209606216237118
2024-12-05,226622.82256565924,190756.07258853194,-0.005545143909035626,-0.00164564895566377
2024-12-06,224321.9164665716,191117.69606252128,-0.010153020216756788,0.0018957376773496293
2024-12-09,220047.7147975012,190133.49829934494,-0.01905387461196779,-0.005149694578017394
2024-12-10,219077.27160215483,189542.36363402146,-0.004410148936286062,-0.003109050591352358
2024-12-11,217488.14982305863,191007.62832204517,-0.007253704446265223,0.007730539283834936
2024-12-12,216873.56751242492,190023.4499301713,-0.002825819756771564,-0.005152560662208372
2024-12-13,217432.34189996633,189985.7340043165,0.002576498343945892,-0.00019848037633596327
2024-12-16,217545.5062579167,190796.96540798724,0.0005204577983273623,0.004269959573134585
2024-12-17,215883.36737016577,190010.85858358393,-0.007640419314294371,-0.004120122260447667
2024-12-18,207851.3614123547,184347.87139895963,-0.037205302361431825,-0.02980349242584579
2024-12-19,207922.30253524138,184291.24908192133,0.0003413069917110412,-0.0003071492857964486
2024-12-20,210753.24799458275,186504.78844067894,0.013615400680076443,0.012011093146227614
2024-12-23,210643.32348993022,187621.64088297883,-0.0005215791723187506,0.005988331193196972
2024-12-24,212418.60167707238,189707.03907608183,0.008427887282299778,0.011114912881524663
2024-12-26,212410.7407857383,189719.68853657652,-3.700660522213984e-05,6.667892006695375e-05
2024-12-27,210841.10755036303,187722.58474000462,-0.007389613300951678,-0.01052660275787276
2024-12-30,208937.0084229182,185580.37051683888,-0.0090309672035375,-0.011411595605998581
2024-12-31,208721.14733454573,184905.22251282397,-0.0010331395572368675,-0.0036380356507244027
2025-01-02,208192.60732022644,184450.90735664914,-0.002532278214589096,-0.0024570163568166103
2025-01-03,210507.37341763562,186757.1771401971,0.011118387570067603,0.012503434201538655
2025-01-06,208977.23033647973,187833.00116392464,-0.007268833658002892,0.005760549823045968
2025-01-07,208634.89806703947,185709.7320745473,-0.001638131909821285,-0.01130402579003853
2025-01-08,210504.22232097157,185981.06590785392,0.008959787031081577,0.0014610641578962635
2025-01-10,207223.82402833612,183141.60102458685,-0.01558352728732234,-0.01526749440544617
2025-01-13,208289.56829317886,183425.54557578333,0.0051429620596953555,0.001550409899268912
2025-01-14,210267.31482743943,183677.93427530158,0.00949517803732159,0.0013759735522442806
2025-01-15,212647.34225361695,187019.03840660953,0.011319055594212153,0.018190013648020642
2025-01-16,215871.42493311755,186659.37143416685,0.015161641078285212,-0.0019231569978490626
2025-01-17,218478.82932884688,188533.40934632398,0.012078506437511108,0.010039881189775057
2025-01-21,223346.9410845574,190259.15993828676,0.02228184657829357,0.009153553197527309
2025-01-22,221630.74129340617,191328.6882887206,-0.00768400848839695,0.005621428953963337
2025-01-23,221001.8077268578,192372.97583207235,-0.002837754198167708,0.00545808133998138
2025-01-24,221511.7869363874,191811.38240297313,0.0023075793577214234,-0.0029192948056772083
2025-01-27,217623.41482971745,189098.1602977213,-0.017553793233524878,-0.014145261200149584
2025-01-28,217936.04434764222,190722.94766135584,0.0014365619534523703,0.008592295985727194
2025-01-29,217466.05333318425,189867.95648546837,-0.00215655476295729,-0.004482896192468444
2025-01-30,222012.09321834464,190887.00322173804,0.020904595524136108,0.005367133849927264
2025-01-31,220394.9370480006,189871.11400776642,-0.007284090460575248,-0.005321940188832808
2025-02-03,221110.1789322222,188593.36352738235,0.003245273661008989,-0.006729567512474888
2025-02-04,218158.5585960252,189858.48391857417,-0.013349092974601382,0.006708191462994728
2025-02-05,218595.67374957737,190628.2801063212,0.002003658056622991,0.004054578820281707
2025-02-06,221788.0676398167,191290.83676374875,0.014604103711112367,0.0034756472494952284
2025-02-07,220403.03140293126,189539.8453647039,-0.006244863628708311,-0.009153556065037205
2025-02-10,218391.44693715565,190827.04904067976,-0.009126845728805564,0.006791203577796834
2025-02-11,219823.94405726375,190972.1982098785,0.006559309625895354,0.0007606320483832807
2025-02-12,220287.01370993612,190356.96564431707,0.002106547831530749,-0.003221581839285892
2025-02-13,222497.85799362,192366.66078747628,0.010036198895478467,0.010557507766300267
2025-02-14,223035.7259073279,192357.20759188454,0.0024174071541997327,-4.914154850454988e-05
2025-02-18,225138.8827800751,192921.93917197944,0.009429686047790702,0.0029358482958072862
2025-02-19,224348.56058819251,193376.2543281543,-0.0035103762714084412,0.002354917010085833
2025-02-20,221463.90116206332,192571.744766431,-0.012857935966097881,-0.004160332738465833
2025-02-21,219232.18907058303,189277.98409829152,-0.010077091931326486,-0.017104070340819955
2025-02-24,217987.59927080583,188416.6778778079,-0.0056770395125529715,-0.0045504828497978655
2025-02-25,218967.614009413,187479.6492360781,0.004495736188138385,-0.004973172504068257
2025-02-26,220738.91584735256,187574.29741981026,0.008089332506785254,0.0005048451078173422
2025-02-27,218957.98558858552,184580.24954305514,-0.008068039348343025,-0.01596193038140048
2025-02-28,222095.17533591282,187460.72347359217,0.014327816082588346,0.015605537091145427
2025-03-03,221800.4574905666,184176.4353723469,-0.0013269889582269885,-0.017519873178703183
2025-03-04,216607.60420243745,181996.35025290685,-0.02341227491990175,-0.011836938395689
2025-03-05,215833.556371737,183952.42563090633,-0.0035735025718534523,0.01074788244534175
2025-03-06,211166.55592053267,180687.06329214698,-0.021623145768706286,-0.017751124115705674
2025-03-07,212316.1965919584,181699.77561251813,0.005444236500491955,0.005604785986995209
2025-03-10,209682.0704685158,176860.1075242884,-0.01240661883419565,-0.026635520445278282
2025-03-11,208588.94069716518,175389.88378283952,-0.005213272498254631,-0.008312918961937199
2025-03-12,207668.8798253891,176320.6167512756,-0.004410880407662066,0.005306651377843918
2025-03-13,205800.09112263971,173970.16102685715,-0.008998886613731692,-0.013330577942193056
2025-03-14,209347.84629945748,177563.6538576834,0.017238841622784242,0.02065579987749455
2025-03-17,210874.39970490293,178932.91437080404,0.007291947027063389,0.0077113783331923536
2025-03-18,210843.22578595116,176998.92227758854,-0.00014783169031133632,-0.01080847590291667
2025-03-19,213141.9267506708,178926.59932620788,0.010902417927589798,0.01089089709595048
2025-03-20,212876.73761670673,178409.17246667668,-0.00124419037590059,-0.0028918386728397083
2025-03-21,211825.3505479114,178468.04185479824,-0.0049389476772628005,0.00032996839404408895
2025-03-24,213164.0553666204,181664.13241602457,0.006319851779998518,0.01790847553438546
2025-03-25,211325.61011938512,182100.81968697708,-0.008624555599082243,0.002403816676108894
2025-03-26,211878.80380589247,179926.85589910872,0.0026177314060271527,-0.011938242736113436
2025-03-27,211401.98813589083,179449.02398176916,-0.002250417037649826,-0.0026557009233101336
2025-03-28,210126.90316746748,175835.2300259836,-0.006031565642626487,-0.02013827590476458
2025-03-31,211607.23227583853,177015.5622263863,0.007044928974141187,0.006712717356062825
2025-04-01,212919.563490207,177515.5355424172,0.006201731388168197,0.002824459667514878
2025-04-02,214933.1747810847,178638.93548494254,0.009457145496028403,0.006328459867428915
2025-04-03,206860.64186937138,169835.45337710076,-0.0375583383995302,-0.04928086972721479
2025-04-04,196287.17072546712,159892.7837152433,-0.05111398209129219,-0.058542957104373516
2025-04-07,195993.8647753449,159607.9868267394,-0.0014942695900001279,-0.001781174121098017
2025-04-08,194048.77496703455,157108.08150398007,-0.009924238243579148,-0.01566278337607918
2025-04-09,204285.8940898873,173607.47213123352,0.05275539165136099,0.10501936290804648
2025-04-10,202005.5707476432,166000.14857788966,-0.01116241213032896,-0.04381910213860685
2025-04-11,204158.16718854004,168962.0594638933,0.01065612415009075,0.017842820692500094
2025-04-14,206102.32763897246,170601.23970524233,0.009522814968440641,0.009701469350871017
2025-04-15,206907.5407988054,170123.40778790275,0.003906861067786879,-0.0028008701353233745
2025-04-16,204826.43106288178,166341.8970955734,-0.010058162829102772,-0.0222280445795201
2025-04-17,206453.02591926215,166579.23429309414,0.007941332805242278,0.0014268034792483952
2025-04-21,202526.44941832245,162614.1998814282,-0.019019224753214624,-0.023802693225792537
2025-04-22,206710.42234444447,166845.06667650724,0.020658896347310975,0.02601781885077692
2025-04-23,208517.50974342434,169430.39944303624,0.008742120394726261,0.015495410311062274
2025-04-24,210797.60970371435,172996.73370783863,0.01093481292336378,0.021048963329638015
2025-04-25,210761.2015994821,174246.68636921828,-0.00017271592540070424,0.007225296308140727
2025-04-28,212459.1811480084,174313.12993659475,0.008056414252909134,0.0003813189723198551
2025-04-29,214205.48085016012,175411.19221552578,0.00821945981677833,0.006299366429427744
2025-04-30,214061.30709422185,175480.81267650274,-0.0006730628710621354,0.00039689862486880223
2025-05-01,214292.16027205426,176724.4309219838,0.0010784442128573273,0.007086918658016916
2025-05-02,217217.23981925138,179347.7508126018,0.01364996061210814,0.014844126966101712
2025-05-05,216545.85832881677,178319.30899464767,-0.003090829673525371,-0.005734344664454216
2025-05-06,217433.96372447797,176828.8616134492,0.004101234733904049,-0.008358306173355534
2025-05-07,218633.2967326476,177572.50654289944,0.005515849445164512,0.004205449962551011
2025-05-08,216418.66581887074,178809.8097437844,-0.010129431092487972,0.006967875967815118
2025-05-09,217046.40184345393,178581.96448446027,0.0029005632310316514,-0.0012742324352930101
2025-05-12,217031.58601753306,184483.64485777626,-6.82610989863235e-05,0.033047460253633476
2025-05-13,216415.85561909707,185701.96418226796,-0.0028370543188411747,0.006603942183768696
2025-05-14,214212.21976128235,185939.3013797887,-0.010182414091198544,0.0012780543198120942
2025-05-15,218046.95017513214,186847.48615218216,0.017901548371625057,0.004884307758791007
2025-05-16,220302.89451556676,188030.97587488295,0.010346140308876994,0.006333987933543117
2025-05-19,220739.26794857052,188236.66036421328,0.001980788468364386,0.0010938861981293346
2025-05-20,221238.57688000618,187603.78054212706,0.002261985083469513,-0.003362149651729207
2025-05-21,217838.574046468,184442.50021138918,-0.015368037895950686,-0.016850834890440813
2025-05-22,216069.9700640851,184515.29756596664,-0.008118874217408718,0.00039468861295000046
2025-05-23,216100.1122015273,183255.83359508787,0.00013950174303855806,-0.006825797034137326
2025-05-27,221530.316634572,187065.83947330958,0.02512818886452346,0.02079063898527833
2025-05-28,218594.29925745356,185983.5841771713,-0.01325334347786603,-0.005785424528526595
2025-05-29,217538.02298351098,186717.73716842488,-0.0048321309271590505,0.00394740747954514
2025-05-30,218442.35149542164,186508.89515679647,0.004157105500490948,-0.0011184904808482221
2025-06-02,220119.4919031856,187559.4783734419,0.007677725478976607,0.00563288531499917
2025-06-03,220813.57377583065,188629.06483778308,0.0031532049553807903,0.005702652159287558
2025-06-04,219889.78701647656,188578.4282531994,-0.00418355965875493,-0.000268445293026387
2025-06-05,220306.53670113804,187667.06658720542,0.0018952662163899021,-0.004832799140579991
2025-06-06,220173.91668699,189594.22061065884,-0.0006019794788384566,0.010269004884551292
2025-06-09,219056.59668754946,189765.0948695007,-0.005074715553291275,0.0009012630147242628
2025-06-10,218256.35811155432,190840.996378438,-0.0036531133419212382,0.0056696491505836555
2025-06-11,220819.97256466676,190296.720893722,0.01174588669624047,-0.0028519840864627
2025-06-12,222874.91891573436,191053.0152836669,0.009305980465448354,0.003974290184260543
2025-06-13,221720.60353302164,188917.01924858507,-0.0051792071908690245,-0.011180122082398825
2025-06-16,224510.93309172877,190714.42428828124,0.01258489068784959,0.00951425682474416
2025-06-17,225024.17564264493,189084.75535643136,0.0022860470260773363,-0.008545074332639513
2025-06-18,225452.0701730598,189056.260170539,0.0019015491521869512,-0.00015070059899136012
2025-06-20,226699.55674944972,188612.2505472634,0.005533267338961954,-0.00234855816398305
2025-06-23,228614.85039799983,190475.26618833098,0.008448599000424693,0.00987749011881256
2025-06-24,228031.61440868597,192579.49328740776,-0.0025511728056970364,0.011047245877038092
2025-06-25,224948.72706631065,192687.3914420103,-0.01351956109405995,0.0005602785258216336
2025-06-26,225648.911886759,194194.94368326518,0.0031126418432319497,0.007823824018649228
2025-06-27,229454.88925162546,195159.7701439994,0.016866810183319193,0.004968339764334306
2025-06-30,232168.043628329,196092.86641133347,0.011824347633439513,0.004781191670012452
2025-07-01,226384.60718667074,196029.40602453312,-0.02491056198464952,-0.00032362414789344207
2025-07-02,226297.7498074596,196918.06452406495,-0.000383671753528343,0.004533291803274775
2025-07-03,230555.69523689616,198470.054533122,0.01881567727942207,0.00788139987465386
2025-07-07,232932.23082561206,196991.0555916668,0.010307858959085809,-0.007452000479036269
2025-07-08,231631.90229790538,196883.15743706425,-0.0055824328093100764,-0.0005477312372305088
2025-07-09,235853.41994448187,198063.79957830603,0.018225113227914005,0.005996663994070728
2025-07-10,235987.1751062045,198622.39045552674,0.000567111393822936,0.002820257303000284
2025-07-11,241397.6459256575,197924.15185900085,0.022926969726291574,-0.0035154072757080934
2025-07-14,244921.78774627685,198301.83414271468,0.014598907156305463,0.0019082172648787754
2025-07-15,243151.49849707863,197454.43651738454,-0.007227977818911543,-0.004273271747553764
2025-07-16,245593.08171018338,198114.57176200682,0.010041407222230462,0.0033432282214846953
2025-07-17,250006.9697757124,199326.96346795122,0.017972363206621995,0.006119649327969823
2025-07-18,252332.61620884057,199180.98133274747,0.009302326391998515,-0.0007323752525193461
2025-07-21,252903.07989557282,199558.6636164613,0.0022607607978039363,0.0018961764380651669
2025-07-22,251308.95666499162,199587.21691626095,-0.006303297022873185,0.00014308223598114012
2025-07-23,255048.20994208814,201285.20843182417,0.014879108674511424,0.008507516372031176
2025-07-24,255441.40326509756,201351.84571222507,0.0015416431391488822,0.0003310590028946514
2025-07-25,256198.8118871436,202202.42023115573,0.0029650973270764595,0.004224319453948855
2025-07-28,255878.41787254738,202151.64804745495,-0.0012505679172991804,-0.0002510958258695739
2025-07-29,254011.24768634912,201618.45294773584,-0.007297099152490112,-0.002637599568784843
2025-07-30,255931.64923994092,201364.5532866271,0.007560301250766455,-0.0012593076546151272
2025-07-31,257053.4585724675,200609.18871919942,0.004383238008499768,-0.003751229077306739
2025-08-01,253614.6993445145,197321.12321397793,-0.013377603425567538,-0.01639040328219421
2025-08-04,261224.94837416394,200320.36259978754,0.030007129118772242,0.01519978873502148
2025-08-05,260617.0024660384,199304.7445840501,-0.0023272888439996196,-0.0050699689365404366
2025-08-06,259873.6226922272,200831.35818690798,-0.0028523840224433574,0.007659695237280717
2025-08-07,258289.92944609316,200663.1377965007,-0.0060940900031613045,-0.0008376201402309214
2025-08-08,261767.58520515365,202227.81600865733,0.01346415544159387,0.007797536853746623
2025-08-11,262060.55368050633,201827.91484104242,0.0011191931007160584,-0.0019774785462639555
2025-08-12,266788.80586897687,203976.57970792134,0.018042594057230826,0.010646024206171889
2025-08-13,269887.06950610044,204674.81830444725,0.01161316955196833,0.0034231312120525104
2025-08-14,257004.64531547364,204693.86029474786,-0.04773264689635535,9.303533506632711e-05
