as_of,ticker,sector,weight,ann_return_sample,vol_sample
2020-08-31,SNPS,TECH,0.05682221957061465,"Ticker
SNPS    0.253943
dtype: float64","Ticker
SNPS    0.35592
dtype: float64"
2020-08-31,CDNS,TECH,0.01598725082696989,"Ticker
CDNS    0.262662
dtype: float64","Ticker
CDNS    0.356003
dtype: float64"
2020-08-31,MCHP,TECH,0.016579249814299948,"Ticker
MCHP    0.068777
dtype: float64","Ticker
MCHP    0.433276
dtype: float64"
2020-08-31,MPWR,TECH,0.017267739334077797,"Ticker
MPWR    0.250549
dtype: float64","Ticker
MPWR    0.531304
dtype: float64"
2020-08-31,FTNT,TECH,0.02209752299043605,"Ticker
FTNT    0.251993
dtype: float64","Ticker
FTNT    0.431959
dtype: float64"
2020-08-31,NTNX,TECH,0.005035942488307187,"Ticker
NTNX    0.26669
dtype: float64","Ticker
NTNX    0.503963
dtype: float64"
2020-08-31,BMRN,PHARMA,0.027583823548740286,"Ticker
BMRN   -0.136475
dtype: float64","Ticker
BMRN    0.355326
dtype: float64"
2020-08-31,NBIX,PHARMA,0.03485038078968885,"Ticker
NBIX    0.026498
dtype: float64","Ticker
NBIX    0.352501
dtype: float64"
2020-08-31,TECH,PHARMA,0.045900954621168985,"Ticker
TECH   -0.0363
dtype: float64","Ticker
TECH    0.37036
dtype: float64"
2020-08-31,INSM,PHARMA,0.0011091023921405141,"Ticker
INSM    0.358294
dtype: float64","Ticker
INSM    0.73158
dtype: float64"
2020-08-31,HRMY,PHARMA,0.00467136722121699,"Ticker
HRMY   -0.000762
dtype: float64","Ticker
HRMY    0.536614
dtype: float64"
2020-08-31,AMGN,PHARMA,0.011630454719385848,"Ticker
AMGN    0.072347
dtype: float64","Ticker
AMGN    0.234188
dtype: float64"
2020-08-31,REGN,PHARMA,0.017109901402250622,"Ticker
REGN   -0.012848
dtype: float64","Ticker
REGN    0.300165
dtype: float64"
2020-08-31,VRTX,PHARMA,0.04181032919706369,"Ticker
VRTX    0.075121
dtype: float64","Ticker
VRTX    0.301151
dtype: float64"
2020-08-31,BIIB,PHARMA,0.010491468451968237,"Ticker
BIIB   -0.137279
dtype: float64","Ticker
BIIB    0.443025
dtype: float64"
2020-08-31,APA,ENERGY,8.271839555665467e-05,"Ticker
APA    0.086473
dtype: float64","Ticker
APA    0.526142
dtype: float64"
2020-08-31,EQT,ENERGY,0.010540374298456104,"Ticker
EQT    0.269255
dtype: float64","Ticker
EQT    0.467437
dtype: float64"
2020-08-31,AR,ENERGY,0.029596765093469823,"Ticker
AR    0.48945
dtype: float64","Ticker
AR    0.555105
dtype: float64"
2020-08-31,CTRA,ENERGY,0.014602284262812395,"Ticker
CTRA    0.090614
dtype: float64","Ticker
CTRA    0.352706
dtype: float64"
2020-08-31,HII,DEFENSE,0.001502153600689209,"Ticker
HII    0.129626
dtype: float64","Ticker
HII    0.298074
dtype: float64"
2020-08-31,TDG,DEFENSE,0.010136820307972218,"Ticker
TDG    0.262196
dtype: float64","Ticker
TDG    0.287537
dtype: float64"
2020-08-31,KTOS,DEFENSE,0.0022450324724792923,"Ticker
KTOS    0.285773
dtype: float64","Ticker
KTOS    0.465002
dtype: float64"
2020-08-31,MRCY,DEFENSE,0.0009593049766889368,"Ticker
MRCY   -0.030587
dtype: float64","Ticker
MRCY    0.438757
dtype: float64"
2020-08-31,AXON,DEFENSE,0.02846143680768495,"Ticker
AXON    0.570636
dtype: float64","Ticker
AXON    0.465215
dtype: float64"
2020-08-31,AVAV,DEFENSE,0.0017715775610274388,"Ticker
AVAV    0.247544
dtype: float64","Ticker
AVAV    0.524691
dtype: float64"
2020-08-31,ROK,INDUSTRIALS,0.008920146409041381,"Ticker
ROK    0.097973
dtype: float64","Ticker
ROK    0.311489
dtype: float64"
2020-08-31,XYL,INDUSTRIALS,0.00785568793852115,"Ticker
XYL    0.135729
dtype: float64","Ticker
XYL    0.26118
dtype: float64"
2020-08-31,IEX,INDUSTRIALS,0.01728017050590274,"Ticker
IEX    0.00007
dtype: float64","Ticker
IEX    0.240761
dtype: float64"
2020-08-31,DOV,INDUSTRIALS,0.0066747163543048995,"Ticker
DOV    0.110753
dtype: float64","Ticker
DOV    0.24277
dtype: float64"
2020-08-31,ALLE,INDUSTRIALS,0.005213728319567785,"Ticker
ALLE    0.119645
dtype: float64","Ticker
ALLE    0.264954
dtype: float64"
2020-08-31,AME,INDUSTRIALS,0.007515855433359955,"Ticker
AME    0.131255
dtype: float64","Ticker
AME    0.217337
dtype: float64"
2020-08-31,LECO,INDUSTRIALS,0.011097207727700313,"Ticker
LECO    0.21408
dtype: float64","Ticker
LECO    0.262663
dtype: float64"
2020-08-31,PNR,INDUSTRIALS,0.015614221630690567,"Ticker
PNR    0.199863
dtype: float64","Ticker
PNR    0.283657
dtype: float64"
2020-08-31,ITT,INDUSTRIALS,0.0018641772258907966,"Ticker
ITT    0.229731
dtype: float64","Ticker
ITT    0.288594
dtype: float64"
2020-08-31,YETI,CONSUMER_DISCRETIONARY,0.03348817592770612,"Ticker
YETI   -0.074105
dtype: float64","Ticker
YETI    0.50059
dtype: float64"
2020-08-31,CROX,CONSUMER_DISCRETIONARY,0.0015300445167434383,"Ticker
CROX    0.158313
dtype: float64","Ticker
CROX    0.556687
dtype: float64"
2020-08-31,DKS,CONSUMER_DISCRETIONARY,0.017600404315255024,"Ticker
DKS    0.418027
dtype: float64","Ticker
DKS    0.445978
dtype: float64"
2020-08-31,RH,CONSUMER_DISCRETIONARY,0.00960737046953434,"Ticker
RH   -0.057877
dtype: float64","Ticker
RH    0.599531
dtype: float64"
2020-08-31,DECK,CONSUMER_DISCRETIONARY,0.02772395493628004,"Ticker
DECK    0.23937
dtype: float64","Ticker
DECK    0.426866
dtype: float64"
2020-08-31,SKX,CONSUMER_DISCRETIONARY,0.0044466177964888574,"Ticker
SKX    0.163586
dtype: float64","Ticker
SKX    0.398741
dtype: float64"
2020-08-31,COLM,CONSUMER_DISCRETIONARY,0.009708155695056338,"Ticker
COLM   -0.068556
dtype: float64","Ticker
COLM    0.326117
dtype: float64"
2020-08-31,MKC,CONSUMER_STAPLES,0.028453723554638245,"Ticker
MKC   -0.053936
dtype: float64","Ticker
MKC    0.227252
dtype: float64"
2020-08-31,HRL,CONSUMER_STAPLES,0.03436514015097539,"Ticker
HRL   -0.09012
dtype: float64","Ticker
HRL    0.222784
dtype: float64"
2020-08-31,CPB,CONSUMER_STAPLES,0.028390312005676113,"Ticker
CPB   -0.060124
dtype: float64","Ticker
CPB    0.229926
dtype: float64"
2020-08-31,CAG,CONSUMER_STAPLES,0.010110136180217586,"Ticker
CAG   -0.090587
dtype: float64","Ticker
CAG    0.221318
dtype: float64"
2020-08-31,SJM,CONSUMER_STAPLES,0.0047581058128978535,"Ticker
SJM    0.028171
dtype: float64","Ticker
SJM    0.234754
dtype: float64"
2020-08-31,CHD,CONSUMER_STAPLES,0.027068017751221647,"Ticker
CHD    0.004064
dtype: float64","Ticker
CHD    0.200843
dtype: float64"
2020-08-31,CLX,CONSUMER_STAPLES,0.04268156860285153,"Ticker
CLX   -0.089311
dtype: float64","Ticker
CLX    0.254725
dtype: float64"
2020-08-31,KMB,CONSUMER_STAPLES,0.020770525088743948,"Ticker
KMB    0.000848
dtype: float64","Ticker
KMB    0.18668
dtype: float64"
2020-08-31,GIS,CONSUMER_STAPLES,0.02631364469545324,"Ticker
GIS   -0.017836
dtype: float64","Ticker
GIS    0.204798
dtype: float64"
2020-08-31,MTB,FINANCIALS,0.006718649782647231,"Ticker
MTB    0.160556
dtype: float64","Ticker
MTB    0.346238
dtype: float64"
2020-08-31,PNC,FINANCIALS,0.004784536822598354,"Ticker
PNC    0.158364
dtype: float64","Ticker
PNC    0.287035
dtype: float64"
2020-08-31,KEY,FINANCIALS,0.0047161852290902055,"Ticker
KEY    0.131743
dtype: float64","Ticker
KEY    0.406408
dtype: float64"
2020-08-31,TROW,FINANCIALS,0.002701054110331764,"Ticker
TROW   -0.009148
dtype: float64","Ticker
TROW    0.307367
dtype: float64"
2020-08-31,IVZ,FINANCIALS,0.011950364413797975,"Ticker
IVZ    0.198614
dtype: float64","Ticker
IVZ    0.382372
dtype: float64"
2020-08-31,RJF,FINANCIALS,0.0009409791711820916,"Ticker
RJF    0.286353
dtype: float64","Ticker
RJF    0.285538
dtype: float64"
2020-08-31,NEE,UTILITIES,0.019189419910653836,"Ticker
NEE    0.038251
dtype: float64","Ticker
NEE    0.272817
dtype: float64"
2020-08-31,DUK,UTILITIES,0.007337635427329749,"Ticker
DUK    0.12405
dtype: float64","Ticker
DUK    0.185694
dtype: float64"
2020-08-31,SO,UTILITIES,0.008436250947573559,"Ticker
SO    0.161561
dtype: float64","Ticker
SO    0.189358
dtype: float64"
2020-08-31,SRE,UTILITIES,0.0006395822139426987,"Ticker
SRE    0.080924
dtype: float64","Ticker
SRE    0.232915
dtype: float64"
2020-08-31,XEL,UTILITIES,0.013547403127996932,"Ticker
XEL    0.036885
dtype: float64","Ticker
XEL    0.210001
dtype: float64"
2020-08-31,WEC,UTILITIES,0.014182335196539038,"Ticker
WEC    0.066018
dtype: float64","Ticker
WEC    0.197577
dtype: float64"
2020-08-31,APD,MATERIALS,0.00975181165142815,"Ticker
APD    0.024946
dtype: float64","Ticker
APD    0.262719
dtype: float64"
2020-08-31,ECL,MATERIALS,0.01097310849621686,"Ticker
ECL    0.087874
dtype: float64","Ticker
ECL    0.245122
dtype: float64"
2020-08-31,NEM,MATERIALS,0.008637160825391555,"Ticker
NEM    0.03605
dtype: float64","Ticker
NEM    0.345062
dtype: float64"
2020-08-31,VMC,MATERIALS,0.02734270787966967,"Ticker
VMC    0.186418
dtype: float64","Ticker
VMC    0.26907
dtype: float64"
2020-08-31,MLM,MATERIALS,0.010252830603724604,"Ticker
MLM    0.239425
dtype: float64","Ticker
MLM    0.277983
dtype: float64"
2020-09-30,NBIX,PHARMA,0.022987636535533068,"Ticker
NBIX    0.026498
dtype: float64","Ticker
NBIX    0.352501
dtype: float64"
2020-09-30,TECH,PHARMA,0.055456553075286734,"Ticker
TECH   -0.0363
dtype: float64","Ticker
TECH    0.37036
dtype: float64"
2020-09-30,SM,ENERGY,0.020227267564896952,"Ticker
SM    0.563052
dtype: float64","Ticker
SM    0.676002
dtype: float64"
2020-09-30,EQT,ENERGY,0.05494263177287287,"Ticker
EQT    0.269255
dtype: float64","Ticker
EQT    0.467437
dtype: float64"
2020-09-30,BWXT,DEFENSE,0.0024577961555838426,"Ticker
BWXT    0.260323
dtype: float64","Ticker
BWXT    0.294112
dtype: float64"
2020-09-30,MRCY,DEFENSE,0.005143268469578421,"Ticker
MRCY   -0.030587
dtype: float64","Ticker
MRCY    0.438757
dtype: float64"
2020-09-30,DKS,CONSUMER_DISCRETIONARY,0.026568452185086095,"Ticker
DKS    0.418027
dtype: float64","Ticker
DKS    0.445978
dtype: float64"
2020-09-30,RH,CONSUMER_DISCRETIONARY,0.09064145180005609,"Ticker
RH   -0.057877
dtype: float64","Ticker
RH    0.599531
dtype: float64"
2020-09-30,DECK,CONSUMER_DISCRETIONARY,0.03394844508060071,"Ticker
DECK    0.23937
dtype: float64","Ticker
DECK    0.426866
dtype: float64"
2020-09-30,COLM,CONSUMER_DISCRETIONARY,0.03749805481257886,"Ticker
COLM   -0.068556
dtype: float64","Ticker
COLM    0.326117
dtype: float64"
2020-09-30,HRL,CONSUMER_STAPLES,0.22664647614248914,"Ticker
HRL   -0.09012
dtype: float64","Ticker
HRL    0.222784
dtype: float64"
2020-09-30,SJM,CONSUMER_STAPLES,0.08319864819961753,"Ticker
SJM    0.028171
dtype: float64","Ticker
SJM    0.234754
dtype: float64"
2020-09-30,CLX,CONSUMER_STAPLES,0.06975815980623604,"Ticker
CLX   -0.089311
dtype: float64","Ticker
CLX    0.254725
dtype: float64"
2020-09-30,NEE,UTILITIES,0.029335272419798702,"Ticker
NEE    0.038251
dtype: float64","Ticker
NEE    0.272817
dtype: float64"
2020-09-30,SO,UTILITIES,0.24118988597978533,"Ticker
SO    0.161561
dtype: float64","Ticker
SO    0.189358
dtype: float64"
2020-10-31,NBIX,PHARMA,0.032694813111574676,"Ticker
NBIX    0.026498
dtype: float64","Ticker
NBIX    0.352501
dtype: float64"
2020-10-31,INSM,PHARMA,0.015058861272648766,"Ticker
INSM    0.358294
dtype: float64","Ticker
INSM    0.73158
dtype: float64"
2020-10-31,SM,ENERGY,0.0030523290897313945,"Ticker
SM    0.563052
dtype: float64","Ticker
SM    0.676002
dtype: float64"
2020-10-31,TDG,DEFENSE,0.006840549472612374,"Ticker
TDG    0.262196
dtype: float64","Ticker
TDG    0.287537
dtype: float64"
2020-10-31,MRCY,DEFENSE,0.02491255915910024,"Ticker
MRCY   -0.030587
dtype: float64","Ticker
MRCY    0.438757
dtype: float64"
2020-10-31,XYL,INDUSTRIALS,0.07039086839825205,"Ticker
XYL    0.135729
dtype: float64","Ticker
XYL    0.26118
dtype: float64"
2020-10-31,DKS,CONSUMER_DISCRETIONARY,0.01567866671743191,"Ticker
DKS    0.418027
dtype: float64","Ticker
DKS    0.445978
dtype: float64"
2020-10-31,RH,CONSUMER_DISCRETIONARY,0.052124967624435505,"Ticker
RH   -0.057877
dtype: float64","Ticker
RH    0.599531
dtype: float64"
2020-10-31,TPR,CONSUMER_DISCRETIONARY,0.012145151340407681,"Ticker
TPR    0.484475
dtype: float64","Ticker
TPR    0.412307
dtype: float64"
2020-10-31,HRL,CONSUMER_STAPLES,0.18300018900756662,"Ticker
HRL   -0.09012
dtype: float64","Ticker
HRL    0.222784
dtype: float64"
2020-10-31,SJM,CONSUMER_STAPLES,0.07623157617817941,"Ticker
SJM    0.028171
dtype: float64","Ticker
SJM    0.234754
dtype: float64"
2020-10-31,CLX,CONSUMER_STAPLES,0.08195304236440312,"Ticker
CLX   -0.089311
dtype: float64","Ticker
CLX    0.254725
dtype: float64"
2020-10-31,KMB,CONSUMER_STAPLES,0.1596267805173564,"Ticker
KMB    0.000848
dtype: float64","Ticker
KMB    0.18668
dtype: float64"
2020-10-31,SO,UTILITIES,0.15197865361687604,"Ticker
SO    0.161561
dtype: float64","Ticker
SO    0.189358
dtype: float64"
2020-10-31,AEP,UTILITIES,0.0517184008865737,"Ticker
AEP    0.106617
dtype: float64","Ticker
AEP    0.199842
dtype: float64"
2020-10-31,WEC,UTILITIES,0.053339420653501356,"Ticker
WEC    0.066018
dtype: float64","Ticker
WEC    0.197577
dtype: float64"
2020-10-31,CF,MATERIALS,0.009253170589348615,"Ticker
CF    0.228013
dtype: float64","Ticker
CF    0.374392
dtype: float64"
2020-11-30,NBIX,PHARMA,0.05113329243409387,"Ticker
NBIX    0.026498
dtype: float64","Ticker
NBIX    0.352501
dtype: float64"
2020-11-30,INSM,PHARMA,0.030764660743786906,"Ticker
INSM    0.358294
dtype: float64","Ticker
INSM    0.73158
dtype: float64"
2020-11-30,VRTX,PHARMA,0.0012882394493308315,"Ticker
VRTX    0.075121
dtype: float64","Ticker
VRTX    0.301151
dtype: float64"
2020-11-30,TDG,DEFENSE,0.03440701998587609,"Ticker
TDG    0.262196
dtype: float64","Ticker
TDG    0.287537
dtype: float64"
2020-11-30,BWXT,DEFENSE,0.022029140928936014,"Ticker
BWXT    0.260323
dtype: float64","Ticker
BWXT    0.294112
dtype: float64"
2020-11-30,MRCY,DEFENSE,0.009202617509897476,"Ticker
MRCY   -0.030587
dtype: float64","Ticker
MRCY    0.438757
dtype: float64"
2020-11-30,AXON,DEFENSE,0.035179043969923045,"Ticker
AXON    0.570636
dtype: float64","Ticker
AXON    0.465215
dtype: float64"
2020-11-30,XYL,INDUSTRIALS,0.0055855098132642795,"Ticker
XYL    0.135729
dtype: float64","Ticker
XYL    0.26118
dtype: float64"
2020-11-30,DKS,CONSUMER_DISCRETIONARY,0.0394155429949521,"Ticker
DKS    0.418027
dtype: float64","Ticker
DKS    0.445978
dtype: float64"
2020-11-30,RH,CONSUMER_DISCRETIONARY,0.02717615317221816,"Ticker
RH   -0.057877
dtype: float64","Ticker
RH    0.599531
dtype: float64"
2020-11-30,SKX,CONSUMER_DISCRETIONARY,0.01060245753788445,"Ticker
SKX    0.163586
dtype: float64","Ticker
SKX    0.398741
dtype: float64"
2020-11-30,HRL,CONSUMER_STAPLES,0.1165905320876028,"Ticker
HRL   -0.09012
dtype: float64","Ticker
HRL    0.222784
dtype: float64"
2020-11-30,SJM,CONSUMER_STAPLES,0.005174356059367675,"Ticker
SJM    0.028171
dtype: float64","Ticker
SJM    0.234754
dtype: float64"
2020-11-30,CHD,CONSUMER_STAPLES,0.04774277588699566,"Ticker
CHD    0.004064
dtype: float64","Ticker
CHD    0.200843
dtype: float64"
2020-11-30,CLX,CONSUMER_STAPLES,0.08809198832742149,"Ticker
CLX   -0.089311
dtype: float64","Ticker
CLX    0.254725
dtype: float64"
2020-11-30,KMB,CONSUMER_STAPLES,0.14269110697275986,"Ticker
KMB    0.000848
dtype: float64","Ticker
KMB    0.18668
dtype: float64"
2020-11-30,GIS,CONSUMER_STAPLES,0.006798562879131711,"Ticker
GIS   -0.017836
dtype: float64","Ticker
GIS    0.204798
dtype: float64"
2020-11-30,PNC,FINANCIALS,0.05400187054455527,"Ticker
PNC    0.158364
dtype: float64","Ticker
PNC    0.287035
dtype: float64"
2020-11-30,SO,UTILITIES,0.1247899598007689,"Ticker
SO    0.161561
dtype: float64","Ticker
SO    0.189358
dtype: float64"
2020-11-30,AEP,UTILITIES,0.14643178127982487,"Ticker
AEP    0.106617
dtype: float64","Ticker
AEP    0.199842
dtype: float64"
2020-11-30,MOS,MATERIALS,0.000903387621408265,"Ticker
MOS    0.149101
dtype: float64","Ticker
MOS    0.42673
dtype: float64"
2020-12-31,NBIX,PHARMA,0.05545512742120624,"Ticker
NBIX    0.026498
dtype: float64","Ticker
NBIX    0.352501
dtype: float64"
2020-12-31,INSM,PHARMA,0.014425623275203345,"Ticker
INSM    0.358294
dtype: float64","Ticker
INSM    0.73158
dtype: float64"
2020-12-31,VRTX,PHARMA,0.000771601455886188,"Ticker
VRTX    0.075121
dtype: float64","Ticker
VRTX    0.301151
dtype: float64"
2020-12-31,CTRA,ENERGY,0.009386037829697071,"Ticker
CTRA    0.090614
dtype: float64","Ticker
CTRA    0.352706
dtype: float64"
2020-12-31,TDG,DEFENSE,0.008666614830171105,"Ticker
TDG    0.262196
dtype: float64","Ticker
TDG    0.287537
dtype: float64"
2020-12-31,BWXT,DEFENSE,0.040981284364513905,"Ticker
BWXT    0.260323
dtype: float64","Ticker
BWXT    0.294112
dtype: float64"
2020-12-31,AXON,DEFENSE,0.034811492020201715,"Ticker
AXON    0.570636
dtype: float64","Ticker
AXON    0.465215
dtype: float64"
2020-12-31,DKS,CONSUMER_DISCRETIONARY,0.04037459058098633,"Ticker
DKS    0.418027
dtype: float64","Ticker
DKS    0.445978
dtype: float64"
2020-12-31,RH,CONSUMER_DISCRETIONARY,0.02279309196026378,"Ticker
RH   -0.057877
dtype: float64","Ticker
RH    0.599531
dtype: float64"
2020-12-31,SKX,CONSUMER_DISCRETIONARY,0.016734156892664154,"Ticker
SKX    0.163586
dtype: float64","Ticker
SKX    0.398741
dtype: float64"
2020-12-31,HRL,CONSUMER_STAPLES,0.09056617483570632,"Ticker
HRL   -0.09012
dtype: float64","Ticker
HRL    0.222784
dtype: float64"
2020-12-31,SJM,CONSUMER_STAPLES,0.006827504598428794,"Ticker
SJM    0.028171
dtype: float64","Ticker
SJM    0.234754
dtype: float64"
2020-12-31,CHD,CONSUMER_STAPLES,0.08023400699231435,"Ticker
CHD    0.004064
dtype: float64","Ticker
CHD    0.200843
dtype: float64"
2020-12-31,CLX,CONSUMER_STAPLES,0.10869171940427531,"Ticker
CLX   -0.089311
dtype: float64","Ticker
CLX    0.254725
dtype: float64"
2020-12-31,KMB,CONSUMER_STAPLES,0.1464167250988036,"Ticker
KMB    0.000848
dtype: float64","Ticker
KMB    0.18668
dtype: float64"
2020-12-31,PNC,FINANCIALS,0.07738731043856717,"Ticker
PNC    0.158364
dtype: float64","Ticker
PNC    0.287035
dtype: float64"
2020-12-31,SO,UTILITIES,0.1761690388689104,"Ticker
SO    0.161561
dtype: float64","Ticker
SO    0.189358
dtype: float64"
2020-12-31,AEP,UTILITIES,0.06349969819993409,"Ticker
AEP    0.106617
dtype: float64","Ticker
AEP    0.199842
dtype: float64"
2020-12-31,WEC,UTILITIES,0.005808200932266129,"Ticker
WEC    0.066018
dtype: float64","Ticker
WEC    0.197577
dtype: float64"
2021-01-31,KEYS,TECH,0.00329578180035027,"Ticker
KEYS    0.097949
dtype: float64","Ticker
KEYS    0.30031
dtype: float64"
2021-01-31,NTNX,TECH,0.004680781553794709,"Ticker
NTNX    0.26669
dtype: float64","Ticker
NTNX    0.503963
dtype: float64"
2021-01-31,NBIX,PHARMA,0.05171567036362876,"Ticker
NBIX    0.026498
dtype: float64","Ticker
NBIX    0.352501
dtype: float64"
2021-01-31,TECH,PHARMA,0.012184104775092764,"Ticker
TECH   -0.0363
dtype: float64","Ticker
TECH    0.37036
dtype: float64"
2021-01-31,INSM,PHARMA,0.005338695120528381,"Ticker
INSM    0.358294
dtype: float64","Ticker
INSM    0.73158
dtype: float64"
2021-01-31,VRTX,PHARMA,0.002931464786568462,"Ticker
VRTX    0.075121
dtype: float64","Ticker
VRTX    0.301151
dtype: float64"
2021-01-31,CTRA,ENERGY,0.03819796788699819,"Ticker
CTRA    0.090614
dtype: float64","Ticker
CTRA    0.352706
dtype: float64"
2021-01-31,TDG,DEFENSE,0.07597036996180796,"Ticker
TDG    0.262196
dtype: float64","Ticker
TDG    0.287537
dtype: float64"
2021-01-31,DKS,CONSUMER_DISCRETIONARY,0.03156663506422533,"Ticker
DKS    0.418027
dtype: float64","Ticker
DKS    0.445978
dtype: float64"
2021-01-31,RH,CONSUMER_DISCRETIONARY,0.02556173436591623,"Ticker
RH   -0.057877
dtype: float64","Ticker
RH    0.599531
dtype: float64"
2021-01-31,SKX,CONSUMER_DISCRETIONARY,0.004881717493802729,"Ticker
SKX    0.163586
dtype: float64","Ticker
SKX    0.398741
dtype: float64"
2021-01-31,HRL,CONSUMER_STAPLES,0.05429220824346821,"Ticker
HRL   -0.09012
dtype: float64","Ticker
HRL    0.222784
dtype: float64"
2021-01-31,CHD,CONSUMER_STAPLES,0.10766380747180579,"Ticker
CHD    0.004064
dtype: float64","Ticker
CHD    0.200843
dtype: float64"
2021-01-31,CLX,CONSUMER_STAPLES,0.08910465805294138,"Ticker
CLX   -0.089311
dtype: float64","Ticker
CLX    0.254725
dtype: float64"
2021-01-31,KMB,CONSUMER_STAPLES,0.13410450437023788,"Ticker
KMB    0.000848
dtype: float64","Ticker
KMB    0.18668
dtype: float64"
2021-01-31,GIS,CONSUMER_STAPLES,0.04716776109688803,"Ticker
GIS   -0.017836
dtype: float64","Ticker
GIS    0.204798
dtype: float64"
2021-01-31,PNC,FINANCIALS,0.06274869995393088,"Ticker
PNC    0.158364
dtype: float64","Ticker
PNC    0.287035
dtype: float64"
2021-01-31,DUK,UTILITIES,0.013457652305114405,"Ticker
DUK    0.12405
dtype: float64","Ticker
DUK    0.185694
dtype: float64"
2021-01-31,SO,UTILITIES,0.07226265461538922,"Ticker
SO    0.161561
dtype: float64","Ticker
SO    0.189358
dtype: float64"
2021-01-31,AEP,UTILITIES,0.1443322511363154,"Ticker
AEP    0.106617
dtype: float64","Ticker
AEP    0.199842
dtype: float64"
2021-01-31,WEC,UTILITIES,0.01394258303189348,"Ticker
WEC    0.066018
dtype: float64","Ticker
WEC    0.197577
dtype: float64"
2021-01-31,NEM,MATERIALS,0.004598296549301683,"Ticker
NEM    0.03605
dtype: float64","Ticker
NEM    0.345062
dtype: float64"
2021-02-28,CDNS,TECH,0.010183149060737572,"Ticker
CDNS    0.262662
dtype: float64","Ticker
CDNS    0.356003
dtype: float64"
2021-02-28,KEYS,TECH,0.0003876240697470499,"Ticker
KEYS    0.097949
dtype: float64","Ticker
KEYS    0.30031
dtype: float64"
2021-02-28,NTNX,TECH,0.0035640883648620615,"Ticker
NTNX    0.26669
dtype: float64","Ticker
NTNX    0.503963
dtype: float64"
2021-02-28,NBIX,PHARMA,0.046848570968788084,"Ticker
NBIX    0.026498
dtype: float64","Ticker
NBIX    0.352501
dtype: float64"
2021-02-28,VRTX,PHARMA,0.013776362770266387,"Ticker
VRTX    0.075121
dtype: float64","Ticker
VRTX    0.301151
dtype: float64"
2021-02-28,CTRA,ENERGY,0.03953785788666514,"Ticker
CTRA    0.090614
dtype: float64","Ticker
CTRA    0.352706
dtype: float64"
2021-02-28,TDG,DEFENSE,0.03900967291811809,"Ticker
TDG    0.262196
dtype: float64","Ticker
TDG    0.287537
dtype: float64"
2021-02-28,BWXT,DEFENSE,0.008427725470678606,"Ticker
BWXT    0.260323
dtype: float64","Ticker
BWXT    0.294112
dtype: float64"
2021-02-28,AXON,DEFENSE,0.011517952380530225,"Ticker
AXON    0.570636
dtype: float64","Ticker
AXON    0.465215
dtype: float64"
2021-02-28,ROK,INDUSTRIALS,0.009678099139127788,"Ticker
ROK    0.097973
dtype: float64","Ticker
ROK    0.311489
dtype: float64"
2021-02-28,XYL,INDUSTRIALS,0.0090413831832031,"Ticker
XYL    0.135729
dtype: float64","Ticker
XYL    0.26118
dtype: float64"
2021-02-28,DKS,CONSUMER_DISCRETIONARY,0.017921207611142517,"Ticker
DKS    0.418027
dtype: float64","Ticker
DKS    0.445978
dtype: float64"
2021-02-28,RH,CONSUMER_DISCRETIONARY,0.024112030539087562,"Ticker
RH   -0.057877
dtype: float64","Ticker
RH    0.599531
dtype: float64"
2021-02-28,SKX,CONSUMER_DISCRETIONARY,0.006557007296668506,"Ticker
SKX    0.163586
dtype: float64","Ticker
SKX    0.398741
dtype: float64"
2021-02-28,TPR,CONSUMER_DISCRETIONARY,0.021741663721570163,"Ticker
TPR    0.484475
dtype: float64","Ticker
TPR    0.412307
dtype: float64"
2021-02-28,HRL,CONSUMER_STAPLES,0.036905647536840155,"Ticker
HRL   -0.09012
dtype: float64","Ticker
HRL    0.222784
dtype: float64"
2021-02-28,CHD,CONSUMER_STAPLES,0.12569568628060826,"Ticker
CHD    0.004064
dtype: float64","Ticker
CHD    0.200843
dtype: float64"
2021-02-28,CLX,CONSUMER_STAPLES,0.10325601332237255,"Ticker
CLX   -0.089311
dtype: float64","Ticker
CLX    0.254725
dtype: float64"
2021-02-28,KMB,CONSUMER_STAPLES,0.14873699024889273,"Ticker
KMB    0.000848
dtype: float64","Ticker
KMB    0.18668
dtype: float64"
2021-02-28,GIS,CONSUMER_STAPLES,0.015362306183968432,"Ticker
GIS   -0.017836
dtype: float64","Ticker
GIS    0.204798
dtype: float64"
2021-02-28,PNC,FINANCIALS,0.07172136562143365,"Ticker
PNC    0.158364
dtype: float64","Ticker
PNC    0.287035
dtype: float64"
2021-02-28,DUK,UTILITIES,0.014713430652710139,"Ticker
DUK    0.12405
dtype: float64","Ticker
DUK    0.185694
dtype: float64"
2021-02-28,SO,UTILITIES,0.10390041439366236,"Ticker
SO    0.161561
dtype: float64","Ticker
SO    0.189358
dtype: float64"
2021-02-28,AEP,UTILITIES,0.07919348208556239,"Ticker
AEP    0.106617
dtype: float64","Ticker
AEP    0.199842
dtype: float64"
2021-02-28,WEC,UTILITIES,0.03821026829275658,"Ticker
WEC    0.066018
dtype: float64","Ticker
WEC    0.197577
dtype: float64"
2021-03-31,CDNS,TECH,0.03366001418068499,"Ticker
CDNS    0.262662
dtype: float64","Ticker
CDNS    0.356003
dtype: float64"
2021-03-31,KEYS,TECH,0.011599034957460426,"Ticker
KEYS    0.097949
dtype: float64","Ticker
KEYS    0.30031
dtype: float64"
2021-03-31,NTNX,TECH,0.008294400031143906,"Ticker
NTNX    0.26669
dtype: float64","Ticker
NTNX    0.503963
dtype: float64"
2021-03-31,NBIX,PHARMA,0.017421255031282896,"Ticker
NBIX    0.026498
dtype: float64","Ticker
NBIX    0.352501
dtype: float64"
2021-03-31,INSM,PHARMA,0.0016182898829770638,"Ticker
INSM    0.358294
dtype: float64","Ticker
INSM    0.73158
dtype: float64"
2021-03-31,HRMY,PHARMA,0.0061762484641745274,"Ticker
HRMY   -0.000762
dtype: float64","Ticker
HRMY    0.536614
dtype: float64"
2021-03-31,VRTX,PHARMA,0.022863684921719637,"Ticker
VRTX    0.075121
dtype: float64","Ticker
VRTX    0.301151
dtype: float64"
2021-03-31,BIIB,PHARMA,0.004350422237367035,"Ticker
BIIB   -0.137279
dtype: float64","Ticker
BIIB    0.443025
dtype: float64"
2021-03-31,SM,ENERGY,0.0005607406049656532,"Ticker
SM    0.563052
dtype: float64","Ticker
SM    0.676002
dtype: float64"
2021-03-31,CTRA,ENERGY,0.02664705779646128,"Ticker
CTRA    0.090614
dtype: float64","Ticker
CTRA    0.352706
dtype: float64"
2021-03-31,TDG,DEFENSE,0.024141563715614565,"Ticker
TDG    0.262196
dtype: float64","Ticker
TDG    0.287537
dtype: float64"
2021-03-31,AXON,DEFENSE,0.02315084093378545,"Ticker
AXON    0.570636
dtype: float64","Ticker
AXON    0.465215
dtype: float64"
2021-03-31,ROK,INDUSTRIALS,0.012961422441292773,"Ticker
ROK    0.097973
dtype: float64","Ticker
ROK    0.311489
dtype: float64"
2021-03-31,XYL,INDUSTRIALS,0.0037326667973690904,"Ticker
XYL    0.135729
dtype: float64","Ticker
XYL    0.26118
dtype: float64"
2021-03-31,RH,CONSUMER_DISCRETIONARY,0.01026381435168261,"Ticker
RH   -0.057877
dtype: float64","Ticker
RH    0.599531
dtype: float64"
2021-03-31,SKX,CONSUMER_DISCRETIONARY,0.0016592739111545088,"Ticker
SKX    0.163586
dtype: float64","Ticker
SKX    0.398741
dtype: float64"
2021-03-31,TPR,CONSUMER_DISCRETIONARY,0.03777100347956985,"Ticker
TPR    0.484475
dtype: float64","Ticker
TPR    0.412307
dtype: float64"
2021-03-31,HRL,CONSUMER_STAPLES,0.10006746959770485,"Ticker
HRL   -0.09012
dtype: float64","Ticker
HRL    0.222784
dtype: float64"
2021-03-31,CHD,CONSUMER_STAPLES,0.09283858912331414,"Ticker
CHD    0.004064
dtype: float64","Ticker
CHD    0.200843
dtype: float64"
2021-03-31,CLX,CONSUMER_STAPLES,0.09189249720081927,"Ticker
CLX   -0.089311
dtype: float64","Ticker
CLX    0.254725
dtype: float64"
2021-03-31,KMB,CONSUMER_STAPLES,0.15785275124959644,"Ticker
KMB    0.000848
dtype: float64","Ticker
KMB    0.18668
dtype: float64"
2021-03-31,PNC,FINANCIALS,0.08963779727031987,"Ticker
PNC    0.158364
dtype: float64","Ticker
PNC    0.287035
dtype: float64"
2021-03-31,DUK,UTILITIES,0.027337103221282247,"Ticker
DUK    0.12405
dtype: float64","Ticker
DUK    0.185694
dtype: float64"
2021-03-31,SO,UTILITIES,0.07838785762182093,"Ticker
SO    0.161561
dtype: float64","Ticker
SO    0.189358
dtype: float64"
2021-03-31,AEP,UTILITIES,0.11511420097643625,"Ticker
AEP    0.106617
dtype: float64","Ticker
AEP    0.199842
dtype: float64"
2021-04-30,CDNS,TECH,0.021645794861845792,"Ticker
CDNS    0.262662
dtype: float64","Ticker
CDNS    0.356003
dtype: float64"
2021-04-30,KEYS,TECH,0.023435635317600418,"Ticker
KEYS    0.097949
dtype: float64","Ticker
KEYS    0.30031
dtype: float64"
2021-04-30,NTNX,TECH,0.005907132432866046,"Ticker
NTNX    0.26669
dtype: float64","Ticker
NTNX    0.503963
dtype: float64"
2021-04-30,NBIX,PHARMA,0.01318896995086307,"Ticker
NBIX    0.026498
dtype: float64","Ticker
NBIX    0.352501
dtype: float64"
2021-04-30,HRMY,PHARMA,0.004628797409703369,"Ticker
HRMY   -0.000762
dtype: float64","Ticker
HRMY    0.536614
dtype: float64"
2021-04-30,VRTX,PHARMA,0.02836131604755403,"Ticker
VRTX    0.075121
dtype: float64","Ticker
VRTX    0.301151
dtype: float64"
2021-04-30,BIIB,PHARMA,0.011031812970717366,"Ticker
BIIB   -0.137279
dtype: float64","Ticker
BIIB    0.443025
dtype: float64"
2021-04-30,SM,ENERGY,0.0025739585510459657,"Ticker
SM    0.563052
dtype: float64","Ticker
SM    0.676002
dtype: float64"
2021-04-30,CTRA,ENERGY,0.03210263929142009,"Ticker
CTRA    0.090614
dtype: float64","Ticker
CTRA    0.352706
dtype: float64"
2021-04-30,TDG,DEFENSE,0.02090654657321181,"Ticker
TDG    0.262196
dtype: float64","Ticker
TDG    0.287537
dtype: float64"
2021-04-30,AXON,DEFENSE,0.028601780183403352,"Ticker
AXON    0.570636
dtype: float64","Ticker
AXON    0.465215
dtype: float64"
2021-04-30,ROK,INDUSTRIALS,0.0161333946582091,"Ticker
ROK    0.097973
dtype: float64","Ticker
ROK    0.311489
dtype: float64"
2021-04-30,XYL,INDUSTRIALS,0.0009008356253618977,"Ticker
XYL    0.135729
dtype: float64","Ticker
XYL    0.26118
dtype: float64"
2021-04-30,RH,CONSUMER_DISCRETIONARY,0.01543585117783358,"Ticker
RH   -0.057877
dtype: float64","Ticker
RH    0.599531
dtype: float64"
2021-04-30,SKX,CONSUMER_DISCRETIONARY,0.012211821016194386,"Ticker
SKX    0.163586
dtype: float64","Ticker
SKX    0.398741
dtype: float64"
2021-04-30,TPR,CONSUMER_DISCRETIONARY,0.03279653759366077,"Ticker
TPR    0.484475
dtype: float64","Ticker
TPR    0.412307
dtype: float64"
2021-04-30,HRL,CONSUMER_STAPLES,0.10532590336743755,"Ticker
HRL   -0.09012
dtype: float64","Ticker
HRL    0.222784
dtype: float64"
2021-04-30,CHD,CONSUMER_STAPLES,0.07714040224771242,"Ticker
CHD    0.004064
dtype: float64","Ticker
CHD    0.200843
dtype: float64"
2021-04-30,CLX,CONSUMER_STAPLES,0.09821433370726218,"Ticker
CLX   -0.089311
dtype: float64","Ticker
CLX    0.254725
dtype: float64"
2021-04-30,KMB,CONSUMER_STAPLES,0.1222640128505772,"Ticker
KMB    0.000848
dtype: float64","Ticker
KMB    0.18668
dtype: float64"
2021-04-30,PNC,FINANCIALS,0.09227236788775262,"Ticker
PNC    0.158364
dtype: float64","Ticker
PNC    0.287035
dtype: float64"
2021-04-30,DUK,UTILITIES,0.024027266842974262,"Ticker
DUK    0.12405
dtype: float64","Ticker
DUK    0.185694
dtype: float64"
2021-04-30,SO,UTILITIES,0.08315805648295407,"Ticker
SO    0.161561
dtype: float64","Ticker
SO    0.189358
dtype: float64"
2021-04-30,AEP,UTILITIES,0.12363054862057798,"Ticker
AEP    0.106617
dtype: float64","Ticker
AEP    0.199842
dtype: float64"
2021-04-30,WEC,UTILITIES,0.004104284331260564,"Ticker
WEC    0.066018
dtype: float64","Ticker
WEC    0.197577
dtype: float64"
2021-05-31,CDNS,TECH,0.0474684465597656,"Ticker
CDNS    0.262662
dtype: float64","Ticker
CDNS    0.356003
dtype: float64"
2021-05-31,VTRS,PHARMA,0.006821876938205064,"Ticker
VTRS   -0.048485
dtype: float64","Ticker
VTRS    0.341892
dtype: float64"
2021-05-31,NBIX,PHARMA,0.02481277009828133,"Ticker
NBIX    0.026498
dtype: float64","Ticker
NBIX    0.352501
dtype: float64"
2021-05-31,TECH,PHARMA,3.594035710692778e-05,"Ticker
TECH   -0.0363
dtype: float64","Ticker
TECH    0.37036
dtype: float64"
2021-05-31,INSM,PHARMA,0.0071157768002973855,"Ticker
INSM    0.358294
dtype: float64","Ticker
INSM    0.73158
dtype: float64"
2021-05-31,HRMY,PHARMA,0.016713965797857867,"Ticker
HRMY   -0.000762
dtype: float64","Ticker
HRMY    0.536614
dtype: float64"
2021-05-31,VRTX,PHARMA,0.042361083654664795,"Ticker
VRTX    0.075121
dtype: float64","Ticker
VRTX    0.301151
dtype: float64"
2021-05-31,BIIB,PHARMA,0.004114236396359581,"Ticker
BIIB   -0.137279
dtype: float64","Ticker
BIIB    0.443025
dtype: float64"
2021-05-31,FANG,ENERGY,0.0020016504069544643,"Ticker
FANG    0.311581
dtype: float64","Ticker
FANG    0.460193
dtype: float64"
2021-05-31,SM,ENERGY,4.6977149428709696e-05,"Ticker
SM    0.563052
dtype: float64","Ticker
SM    0.676002
dtype: float64"
2021-05-31,CTRA,ENERGY,0.03286972172334959,"Ticker
CTRA    0.090614
dtype: float64","Ticker
CTRA    0.352706
dtype: float64"
2021-05-31,TDG,DEFENSE,0.012346482707373312,"Ticker
TDG    0.262196
dtype: float64","Ticker
TDG    0.287537
dtype: float64"
2021-05-31,AXON,DEFENSE,0.015895274328343107,"Ticker
AXON    0.570636
dtype: float64","Ticker
AXON    0.465215
dtype: float64"
2021-05-31,ROK,INDUSTRIALS,0.024315490730177556,"Ticker
ROK    0.097973
dtype: float64","Ticker
ROK    0.311489
dtype: float64"
2021-05-31,CROX,CONSUMER_DISCRETIONARY,0.00832490646682779,"Ticker
CROX    0.158313
dtype: float64","Ticker
CROX    0.556687
dtype: float64"
2021-05-31,SKX,CONSUMER_DISCRETIONARY,0.008343322400371845,"Ticker
SKX    0.163586
dtype: float64","Ticker
SKX    0.398741
dtype: float64"
2021-05-31,TPR,CONSUMER_DISCRETIONARY,0.03140746955411582,"Ticker
TPR    0.484475
dtype: float64","Ticker
TPR    0.412307
dtype: float64"
2021-05-31,HRL,CONSUMER_STAPLES,0.04879580974034075,"Ticker
HRL   -0.09012
dtype: float64","Ticker
HRL    0.222784
dtype: float64"
2021-05-31,CPB,CONSUMER_STAPLES,0.051559786947881034,"Ticker
CPB   -0.060124
dtype: float64","Ticker
CPB    0.229926
dtype: float64"
2021-05-31,CHD,CONSUMER_STAPLES,0.09870742456610151,"Ticker
CHD    0.004064
dtype: float64","Ticker
CHD    0.200843
dtype: float64"
2021-05-31,CLX,CONSUMER_STAPLES,0.09999151603672425,"Ticker
CLX   -0.089311
dtype: float64","Ticker
CLX    0.254725
dtype: float64"
2021-05-31,KMB,CONSUMER_STAPLES,0.10794017771307972,"Ticker
KMB    0.000848
dtype: float64","Ticker
KMB    0.18668
dtype: float64"
2021-05-31,GIS,CONSUMER_STAPLES,0.00033558932711254567,"Ticker
GIS   -0.017836
dtype: float64","Ticker
GIS    0.204798
dtype: float64"
2021-05-31,PNC,FINANCIALS,0.09324235440390323,"Ticker
PNC    0.158364
dtype: float64","Ticker
PNC    0.287035
dtype: float64"
2021-05-31,SO,UTILITIES,0.05070526098842155,"Ticker
SO    0.161561
dtype: float64","Ticker
SO    0.189358
dtype: float64"
2021-05-31,AEP,UTILITIES,0.13237555140572635,"Ticker
AEP    0.106617
dtype: float64","Ticker
AEP    0.199842
dtype: float64"
2021-05-31,ED,UTILITIES,0.03135113680122831,"Ticker
ED    0.104254
dtype: float64","Ticker
ED    0.192212
dtype: float64"
2021-06-30,CDNS,TECH,0.06484024419175743,"Ticker
CDNS    0.262662
dtype: float64","Ticker
CDNS    0.356003
dtype: float64"
2021-06-30,VTRS,PHARMA,0.006478682918683854,"Ticker
VTRS   -0.048485
dtype: float64","Ticker
VTRS    0.341892
dtype: float64"
2021-06-30,NBIX,PHARMA,0.025889292809749862,"Ticker
NBIX    0.026498
dtype: float64","Ticker
NBIX    0.352501
dtype: float64"
2021-06-30,INSM,PHARMA,0.008498510775025683,"Ticker
INSM    0.358294
dtype: float64","Ticker
INSM    0.73158
dtype: float64"
2021-06-30,HRMY,PHARMA,0.017652490549543827,"Ticker
HRMY   -0.000762
dtype: float64","Ticker
HRMY    0.536614
dtype: float64"
2021-06-30,VRTX,PHARMA,0.0665916924113479,"Ticker
VRTX    0.075121
dtype: float64","Ticker
VRTX    0.301151
dtype: float64"
2021-06-30,BIIB,PHARMA,0.005809613716214675,"Ticker
BIIB   -0.137279
dtype: float64","Ticker
BIIB    0.443025
dtype: float64"
2021-06-30,FANG,ENERGY,0.002524312844494153,"Ticker
FANG    0.311581
dtype: float64","Ticker
FANG    0.460193
dtype: float64"
2021-06-30,CTRA,ENERGY,0.025684761163942152,"Ticker
CTRA    0.090614
dtype: float64","Ticker
CTRA    0.352706
dtype: float64"
2021-06-30,TDG,DEFENSE,0.002286040405548943,"Ticker
TDG    0.262196
dtype: float64","Ticker
TDG    0.287537
dtype: float64"
2021-06-30,AXON,DEFENSE,0.012068962018866742,"Ticker
AXON    0.570636
dtype: float64","Ticker
AXON    0.465215
dtype: float64"
2021-06-30,ROK,INDUSTRIALS,0.05292471642409384,"Ticker
ROK    0.097973
dtype: float64","Ticker
ROK    0.311489
dtype: float64"
2021-06-30,CROX,CONSUMER_DISCRETIONARY,0.0018548221065216657,"Ticker
CROX    0.158313
dtype: float64","Ticker
CROX    0.556687
dtype: float64"
2021-06-30,SKX,CONSUMER_DISCRETIONARY,0.000995955484335678,"Ticker
SKX    0.163586
dtype: float64","Ticker
SKX    0.398741
dtype: float64"
2021-06-30,TPR,CONSUMER_DISCRETIONARY,0.043508026466556195,"Ticker
TPR    0.484475
dtype: float64","Ticker
TPR    0.412307
dtype: float64"
2021-06-30,HRL,CONSUMER_STAPLES,0.0685945876834971,"Ticker
HRL   -0.09012
dtype: float64","Ticker
HRL    0.222784
dtype: float64"
2021-06-30,CPB,CONSUMER_STAPLES,0.06363540158181066,"Ticker
CPB   -0.060124
dtype: float64","Ticker
CPB    0.229926
dtype: float64"
2021-06-30,CHD,CONSUMER_STAPLES,0.06633792961298857,"Ticker
CHD    0.004064
dtype: float64","Ticker
CHD    0.200843
dtype: float64"
2021-06-30,CLX,CONSUMER_STAPLES,0.07792780640562291,"Ticker
CLX   -0.089311
dtype: float64","Ticker
CLX    0.254725
dtype: float64"
2021-06-30,KMB,CONSUMER_STAPLES,0.12593044186429847,"Ticker
KMB    0.000848
dtype: float64","Ticker
KMB    0.18668
dtype: float64"
2021-06-30,PNC,FINANCIALS,0.08361455965699201,"Ticker
PNC    0.158364
dtype: float64","Ticker
PNC    0.287035
dtype: float64"
2021-06-30,DUK,UTILITIES,0.045900349498059045,"Ticker
DUK    0.12405
dtype: float64","Ticker
DUK    0.185694
dtype: float64"
2021-06-30,AEP,UTILITIES,0.09512669079118734,"Ticker
AEP    0.106617
dtype: float64","Ticker
AEP    0.199842
dtype: float64"
2021-06-30,ED,UTILITIES,0.02989431562282276,"Ticker
ED    0.104254
dtype: float64","Ticker
ED    0.192212
dtype: float64"
2021-06-30,APD,MATERIALS,0.005429792996038661,"Ticker
APD    0.024946
dtype: float64","Ticker
APD    0.262719
dtype: float64"
2021-07-31,CDNS,TECH,0.09184125790737818,"Ticker
CDNS    0.262662
dtype: float64","Ticker
CDNS    0.356003
dtype: float64"
2021-07-31,HRMY,PHARMA,0.030961410761057948,"Ticker
HRMY   -0.000762
dtype: float64","Ticker
HRMY    0.536614
dtype: float64"
2021-07-31,VRTX,PHARMA,0.055758981712697574,"Ticker
VRTX    0.075121
dtype: float64","Ticker
VRTX    0.301151
dtype: float64"
2021-07-31,BIIB,PHARMA,0.02652995899653284,"Ticker
BIIB   -0.137279
dtype: float64","Ticker
BIIB    0.443025
dtype: float64"
2021-07-31,FANG,ENERGY,0.008719308127227278,"Ticker
FANG    0.311581
dtype: float64","Ticker
FANG    0.460193
dtype: float64"
2021-07-31,OXY,ENERGY,0.0022827216255227236,"Ticker
OXY    0.276342
dtype: float64","Ticker
OXY    0.469472
dtype: float64"
2021-07-31,SM,ENERGY,0.0032999879719239765,"Ticker
SM    0.563052
dtype: float64","Ticker
SM    0.676002
dtype: float64"
2021-07-31,CTRA,ENERGY,0.03179366545343503,"Ticker
CTRA    0.090614
dtype: float64","Ticker
CTRA    0.352706
dtype: float64"
2021-07-31,TDG,DEFENSE,0.0009378511346060619,"Ticker
TDG    0.262196
dtype: float64","Ticker
TDG    0.287537
dtype: float64"
2021-07-31,ROK,INDUSTRIALS,0.06931781494446455,"Ticker
ROK    0.097973
dtype: float64","Ticker
ROK    0.311489
dtype: float64"
2021-07-31,CROX,CONSUMER_DISCRETIONARY,0.00979562938957135,"Ticker
CROX    0.158313
dtype: float64","Ticker
CROX    0.556687
dtype: float64"
2021-07-31,TPR,CONSUMER_DISCRETIONARY,0.06670089063161075,"Ticker
TPR    0.484475
dtype: float64","Ticker
TPR    0.412307
dtype: float64"
2021-07-31,MKC,CONSUMER_STAPLES,0.008671465084800666,"Ticker
MKC   -0.053936
dtype: float64","Ticker
MKC    0.227252
dtype: float64"
2021-07-31,HRL,CONSUMER_STAPLES,0.08804604278084376,"Ticker
HRL   -0.09012
dtype: float64","Ticker
HRL    0.222784
dtype: float64"
2021-07-31,CPB,CONSUMER_STAPLES,0.08298387928431684,"Ticker
CPB   -0.060124
dtype: float64","Ticker
CPB    0.229926
dtype: float64"
2021-07-31,CHD,CONSUMER_STAPLES,0.08909114526512692,"Ticker
CHD    0.004064
dtype: float64","Ticker
CHD    0.200843
dtype: float64"
2021-07-31,CLX,CONSUMER_STAPLES,0.0691925960347366,"Ticker
CLX   -0.089311
dtype: float64","Ticker
CLX    0.254725
dtype: float64"
2021-07-31,KMB,CONSUMER_STAPLES,0.07451593488683088,"Ticker
KMB    0.000848
dtype: float64","Ticker
KMB    0.18668
dtype: float64"
2021-07-31,PNC,FINANCIALS,0.010331621763655024,"Ticker
PNC    0.158364
dtype: float64","Ticker
PNC    0.287035
dtype: float64"
2021-07-31,RJF,FINANCIALS,0.01029190727409078,"Ticker
RJF    0.286353
dtype: float64","Ticker
RJF    0.285538
dtype: float64"
2021-07-31,DUK,UTILITIES,0.028647290015038202,"Ticker
DUK    0.12405
dtype: float64","Ticker
DUK    0.185694
dtype: float64"
2021-07-31,AEP,UTILITIES,0.0749014601449478,"Ticker
AEP    0.106617
dtype: float64","Ticker
AEP    0.199842
dtype: float64"
2021-07-31,ED,UTILITIES,0.062437227285747084,"Ticker
ED    0.104254
dtype: float64","Ticker
ED    0.192212
dtype: float64"
2021-07-31,APD,MATERIALS,0.00294995152383737,"Ticker
APD    0.024946
dtype: float64","Ticker
APD    0.262719
dtype: float64"
2021-08-31,CDNS,TECH,0.08001356658595646,"Ticker
CDNS    0.262662
dtype: float64","Ticker
CDNS    0.356003
dtype: float64"
2021-08-31,VTRS,PHARMA,0.005178983232480973,"Ticker
VTRS   -0.048485
dtype: float64","Ticker
VTRS    0.341892
dtype: float64"
2021-08-31,TECH,PHARMA,0.0003631199960062775,"Ticker
TECH   -0.0363
dtype: float64","Ticker
TECH    0.37036
dtype: float64"
2021-08-31,HRMY,PHARMA,0.025319612791400856,"Ticker
HRMY   -0.000762
dtype: float64","Ticker
HRMY    0.536614
dtype: float64"
2021-08-31,VRTX,PHARMA,0.0620439310896991,"Ticker
VRTX    0.075121
dtype: float64","Ticker
VRTX    0.301151
dtype: float64"
2021-08-31,BIIB,PHARMA,0.025058638843782587,"Ticker
BIIB   -0.137279
dtype: float64","Ticker
BIIB    0.443025
dtype: float64"
2021-08-31,FANG,ENERGY,0.005337219516617659,"Ticker
FANG    0.311581
dtype: float64","Ticker
FANG    0.460193
dtype: float64"
2021-08-31,OXY,ENERGY,0.019027801003415362,"Ticker
OXY    0.276342
dtype: float64","Ticker
OXY    0.469472
dtype: float64"
2021-08-31,CTRA,ENERGY,0.012056854474809666,"Ticker
CTRA    0.090614
dtype: float64","Ticker
CTRA    0.352706
dtype: float64"
2021-08-31,TDG,DEFENSE,0.0010966000497008542,"Ticker
TDG    0.262196
dtype: float64","Ticker
TDG    0.287537
dtype: float64"
2021-08-31,ROK,INDUSTRIALS,0.06308677404364159,"Ticker
ROK    0.097973
dtype: float64","Ticker
ROK    0.311489
dtype: float64"
2021-08-31,CROX,CONSUMER_DISCRETIONARY,0.01434638894836463,"Ticker
CROX    0.158313
dtype: float64","Ticker
CROX    0.556687
dtype: float64"
2021-08-31,TPR,CONSUMER_DISCRETIONARY,0.05827553034924494,"Ticker
TPR    0.484475
dtype: float64","Ticker
TPR    0.412307
dtype: float64"
2021-08-31,MKC,CONSUMER_STAPLES,0.01998166968947984,"Ticker
MKC   -0.053936
dtype: float64","Ticker
MKC    0.227252
dtype: float64"
2021-08-31,HRL,CONSUMER_STAPLES,0.06676385798968629,"Ticker
HRL   -0.09012
dtype: float64","Ticker
HRL    0.222784
dtype: float64"
2021-08-31,CPB,CONSUMER_STAPLES,0.06335148899236409,"Ticker
CPB   -0.060124
dtype: float64","Ticker
CPB    0.229926
dtype: float64"
2021-08-31,CHD,CONSUMER_STAPLES,0.030430315373773706,"Ticker
CHD    0.004064
dtype: float64","Ticker
CHD    0.200843
dtype: float64"
2021-08-31,CLX,CONSUMER_STAPLES,0.08112577683961127,"Ticker
CLX   -0.089311
dtype: float64","Ticker
CLX    0.254725
dtype: float64"
2021-08-31,KMB,CONSUMER_STAPLES,0.11106669895492484,"Ticker
KMB    0.000848
dtype: float64","Ticker
KMB    0.18668
dtype: float64"
2021-08-31,PNC,FINANCIALS,0.007223843001468159,"Ticker
PNC    0.158364
dtype: float64","Ticker
PNC    0.287035
dtype: float64"
2021-08-31,RJF,FINANCIALS,0.02282885884655236,"Ticker
RJF    0.286353
dtype: float64","Ticker
RJF    0.285538
dtype: float64"
2021-08-31,DUK,UTILITIES,0.06392696645734605,"Ticker
DUK    0.12405
dtype: float64","Ticker
DUK    0.185694
dtype: float64"
2021-08-31,AEP,UTILITIES,0.08101963742980271,"Ticker
AEP    0.106617
dtype: float64","Ticker
AEP    0.199842
dtype: float64"
2021-08-31,ED,UTILITIES,0.0726745581629416,"Ticker
ED    0.104254
dtype: float64","Ticker
ED    0.192212
dtype: float64"
2021-08-31,APD,MATERIALS,0.00233259443905175,"Ticker
APD    0.024946
dtype: float64","Ticker
APD    0.262719
dtype: float64"
2021-08-31,ALB,MATERIALS,0.004579626984487762,"Ticker
ALB   -0.01055
dtype: float64","Ticker
ALB    0.527728
dtype: float64"
2021-08-31,VMC,MATERIALS,0.0014890859133886102,"Ticker
VMC    0.186418
dtype: float64","Ticker
VMC    0.26907
dtype: float64"
2021-09-30,CDNS,TECH,0.053551716791658474,"Ticker
CDNS    0.262662
dtype: float64","Ticker
CDNS    0.356003
dtype: float64"
2021-09-30,BMRN,PHARMA,0.01378427906978259,"Ticker
BMRN   -0.136475
dtype: float64","Ticker
BMRN    0.355326
dtype: float64"
2021-09-30,TECH,PHARMA,0.016742831915494024,"Ticker
TECH   -0.0363
dtype: float64","Ticker
TECH    0.37036
dtype: float64"
2021-09-30,HRMY,PHARMA,0.030958282385166402,"Ticker
HRMY   -0.000762
dtype: float64","Ticker
HRMY    0.536614
dtype: float64"
2021-09-30,VRTX,PHARMA,0.07230321342947774,"Ticker
VRTX    0.075121
dtype: float64","Ticker
VRTX    0.301151
dtype: float64"
2021-09-30,BIIB,PHARMA,0.02136879762957058,"Ticker
BIIB   -0.137279
dtype: float64","Ticker
BIIB    0.443025
dtype: float64"
2021-09-30,FANG,ENERGY,0.013214955919346549,"Ticker
FANG    0.311581
dtype: float64","Ticker
FANG    0.460193
dtype: float64"
2021-09-30,OXY,ENERGY,0.008468798877045066,"Ticker
OXY    0.276342
dtype: float64","Ticker
OXY    0.469472
dtype: float64"
2021-09-30,TDG,DEFENSE,0.014446341028840771,"Ticker
TDG    0.262196
dtype: float64","Ticker
TDG    0.287537
dtype: float64"
2021-09-30,AXON,DEFENSE,0.013521418467751685,"Ticker
AXON    0.570636
dtype: float64","Ticker
AXON    0.465215
dtype: float64"
2021-09-30,ROK,INDUSTRIALS,0.02774276603661406,"Ticker
ROK    0.097973
dtype: float64","Ticker
ROK    0.311489
dtype: float64"
2021-09-30,DECK,CONSUMER_DISCRETIONARY,0.021454654273178685,"Ticker
DECK    0.23937
dtype: float64","Ticker
DECK    0.426866
dtype: float64"
2021-09-30,TPR,CONSUMER_DISCRETIONARY,0.028408701973461,"Ticker
TPR    0.484475
dtype: float64","Ticker
TPR    0.412307
dtype: float64"
2021-09-30,HRL,CONSUMER_STAPLES,0.09178279423232946,"Ticker
HRL   -0.09012
dtype: float64","Ticker
HRL    0.222784
dtype: float64"
2021-09-30,CPB,CONSUMER_STAPLES,0.023775190581314425,"Ticker
CPB   -0.060124
dtype: float64","Ticker
CPB    0.229926
dtype: float64"
2021-09-30,SJM,CONSUMER_STAPLES,0.006496893732768638,"Ticker
SJM    0.028171
dtype: float64","Ticker
SJM    0.234754
dtype: float64"
2021-09-30,CHD,CONSUMER_STAPLES,0.02275320386000201,"Ticker
CHD    0.004064
dtype: float64","Ticker
CHD    0.200843
dtype: float64"
2021-09-30,CLX,CONSUMER_STAPLES,0.09097446692994547,"Ticker
CLX   -0.089311
dtype: float64","Ticker
CLX    0.254725
dtype: float64"
2021-09-30,KMB,CONSUMER_STAPLES,0.09764628874086011,"Ticker
KMB    0.000848
dtype: float64","Ticker
KMB    0.18668
dtype: float64"
2021-09-30,PNC,FINANCIALS,0.04662032882046653,"Ticker
PNC    0.158364
dtype: float64","Ticker
PNC    0.287035
dtype: float64"
2021-09-30,DUK,UTILITIES,0.01267768489002172,"Ticker
DUK    0.12405
dtype: float64","Ticker
DUK    0.185694
dtype: float64"
2021-09-30,AEP,UTILITIES,0.03354536046501992,"Ticker
AEP    0.106617
dtype: float64","Ticker
AEP    0.199842
dtype: float64"
2021-09-30,ED,UTILITIES,0.1502093462646249,"Ticker
ED    0.104254
dtype: float64","Ticker
ED    0.192212
dtype: float64"
2021-09-30,APD,MATERIALS,0.058211782850279566,"Ticker
APD    0.024946
dtype: float64","Ticker
APD    0.262719
dtype: float64"
2021-09-30,ALB,MATERIALS,0.004261671184935282,"Ticker
ALB   -0.01055
dtype: float64","Ticker
ALB    0.527728
dtype: float64"
2021-09-30,VMC,MATERIALS,0.0250782296500444,"Ticker
VMC    0.186418
dtype: float64","Ticker
VMC    0.26907
dtype: float64"
2021-10-31,KEYS,TECH,0.10245625853228046,"Ticker
KEYS    0.097949
dtype: float64","Ticker
KEYS    0.30031
dtype: float64"
2021-10-31,NBIX,PHARMA,0.018858324087290056,"Ticker
NBIX    0.026498
dtype: float64","Ticker
NBIX    0.352501
dtype: float64"
2021-10-31,TECH,PHARMA,0.005882767882538496,"Ticker
TECH   -0.0363
dtype: float64","Ticker
TECH    0.37036
dtype: float64"
2021-10-31,HRMY,PHARMA,0.022572530493463083,"Ticker
HRMY   -0.000762
dtype: float64","Ticker
HRMY    0.536614
dtype: float64"
2021-10-31,VRTX,PHARMA,0.053285333942733035,"Ticker
VRTX    0.075121
dtype: float64","Ticker
VRTX    0.301151
dtype: float64"
2021-10-31,BIIB,PHARMA,0.007716867414575439,"Ticker
BIIB   -0.137279
dtype: float64","Ticker
BIIB    0.443025
dtype: float64"
2021-10-31,FANG,ENERGY,0.012907077404903093,"Ticker
FANG    0.311581
dtype: float64","Ticker
FANG    0.460193
dtype: float64"
2021-10-31,OXY,ENERGY,0.033735641974667954,"Ticker
OXY    0.276342
dtype: float64","Ticker
OXY    0.469472
dtype: float64"
2021-10-31,AXON,DEFENSE,0.036163331965852086,"Ticker
AXON    0.570636
dtype: float64","Ticker
AXON    0.465215
dtype: float64"
2021-10-31,ROK,INDUSTRIALS,0.0009612554675380376,"Ticker
ROK    0.097973
dtype: float64","Ticker
ROK    0.311489
dtype: float64"
2021-10-31,DECK,CONSUMER_DISCRETIONARY,0.008906636954424969,"Ticker
DECK    0.23937
dtype: float64","Ticker
DECK    0.426866
dtype: float64"
2021-10-31,TPR,CONSUMER_DISCRETIONARY,0.029452862104225368,"Ticker
TPR    0.484475
dtype: float64","Ticker
TPR    0.412307
dtype: float64"
2021-10-31,MKC,CONSUMER_STAPLES,0.02989111621027722,"Ticker
MKC   -0.053936
dtype: float64","Ticker
MKC    0.227252
dtype: float64"
2021-10-31,HRL,CONSUMER_STAPLES,0.13911584798182022,"Ticker
HRL   -0.09012
dtype: float64","Ticker
HRL    0.222784
dtype: float64"
2021-10-31,SJM,CONSUMER_STAPLES,0.03687563951674762,"Ticker
SJM    0.028171
dtype: float64","Ticker
SJM    0.234754
dtype: float64"
2021-10-31,CHD,CONSUMER_STAPLES,0.04417570321201614,"Ticker
CHD    0.004064
dtype: float64","Ticker
CHD    0.200843
dtype: float64"
2021-10-31,CLX,CONSUMER_STAPLES,0.06481026779588193,"Ticker
CLX   -0.089311
dtype: float64","Ticker
CLX    0.254725
dtype: float64"
2021-10-31,KMB,CONSUMER_STAPLES,0.0896202412213584,"Ticker
KMB    0.000848
dtype: float64","Ticker
KMB    0.18668
dtype: float64"
2021-10-31,PNC,FINANCIALS,0.0003900345251608996,"Ticker
PNC    0.158364
dtype: float64","Ticker
PNC    0.287035
dtype: float64"
2021-10-31,DUK,UTILITIES,0.018287118123934326,"Ticker
DUK    0.12405
dtype: float64","Ticker
DUK    0.185694
dtype: float64"
2021-10-31,SO,UTILITIES,0.07606555373352784,"Ticker
SO    0.161561
dtype: float64","Ticker
SO    0.189358
dtype: float64"
2021-10-31,AEP,UTILITIES,0.0388614311018477,"Ticker
AEP    0.106617
dtype: float64","Ticker
AEP    0.199842
dtype: float64"
2021-10-31,ED,UTILITIES,0.07818568897719148,"Ticker
ED    0.104254
dtype: float64","Ticker
ED    0.192212
dtype: float64"
2021-10-31,APD,MATERIALS,0.008679857109517445,"Ticker
APD    0.024946
dtype: float64","Ticker
APD    0.262719
dtype: float64"
2021-10-31,ALB,MATERIALS,0.00016072697952389855,"Ticker
ALB   -0.01055
dtype: float64","Ticker
ALB    0.527728
dtype: float64"
2021-10-31,CF,MATERIALS,0.00363731867077314,"Ticker
CF    0.228013
dtype: float64","Ticker
CF    0.374392
dtype: float64"
2021-10-31,NEM,MATERIALS,0.0223322302345353,"Ticker
NEM    0.03605
dtype: float64","Ticker
NEM    0.345062
dtype: float64"
2021-10-31,VMC,MATERIALS,0.007829489440529703,"Ticker
VMC    0.186418
dtype: float64","Ticker
VMC    0.26907
dtype: float64"
2021-10-31,MLM,MATERIALS,0.008182846940864644,"Ticker
MLM    0.239425
dtype: float64","Ticker
MLM    0.277983
dtype: float64"
2021-11-30,KEYS,TECH,0.05029862540456571,"Ticker
KEYS    0.097949
dtype: float64","Ticker
KEYS    0.30031
dtype: float64"
2021-11-30,FTNT,TECH,0.009427847786999866,"Ticker
FTNT    0.251993
dtype: float64","Ticker
FTNT    0.431959
dtype: float64"
2021-11-30,BMRN,PHARMA,0.004272164467970843,"Ticker
BMRN   -0.136475
dtype: float64","Ticker
BMRN    0.355326
dtype: float64"
2021-11-30,NBIX,PHARMA,0.031095335665414732,"Ticker
NBIX    0.026498
dtype: float64","Ticker
NBIX    0.352501
dtype: float64"
2021-11-30,TECH,PHARMA,0.044142210295139574,"Ticker
TECH   -0.0363
dtype: float64","Ticker
TECH    0.37036
dtype: float64"
2021-11-30,INSM,PHARMA,0.007705604033641308,"Ticker
INSM    0.358294
dtype: float64","Ticker
INSM    0.73158
dtype: float64"
2021-11-30,HRMY,PHARMA,0.013167022218371552,"Ticker
HRMY   -0.000762
dtype: float64","Ticker
HRMY    0.536614
dtype: float64"
2021-11-30,VRTX,PHARMA,0.051856080557107845,"Ticker
VRTX    0.075121
dtype: float64","Ticker
VRTX    0.301151
dtype: float64"
2021-11-30,BIIB,PHARMA,0.009370970091045774,"Ticker
BIIB   -0.137279
dtype: float64","Ticker
BIIB    0.443025
dtype: float64"
2021-11-30,FANG,ENERGY,0.00923229804524584,"Ticker
FANG    0.311581
dtype: float64","Ticker
FANG    0.460193
dtype: float64"
2021-11-30,OXY,ENERGY,0.017372496237917725,"Ticker
OXY    0.276342
dtype: float64","Ticker
OXY    0.469472
dtype: float64"
2021-11-30,TDG,DEFENSE,0.013070018149790238,"Ticker
TDG    0.262196
dtype: float64","Ticker
TDG    0.287537
dtype: float64"
2021-11-30,AXON,DEFENSE,0.020127895228640502,"Ticker
AXON    0.570636
dtype: float64","Ticker
AXON    0.465215
dtype: float64"
2021-11-30,ROK,INDUSTRIALS,0.03954001326958642,"Ticker
ROK    0.097973
dtype: float64","Ticker
ROK    0.311489
dtype: float64"
2021-11-30,BC,CONSUMER_DISCRETIONARY,0.023683281021593332,"Ticker
BC    0.010944
dtype: float64","Ticker
BC    0.379946
dtype: float64"
2021-11-30,DECK,CONSUMER_DISCRETIONARY,0.015062701956921937,"Ticker
DECK    0.23937
dtype: float64","Ticker
DECK    0.426866
dtype: float64"
2021-11-30,MKC,CONSUMER_STAPLES,0.08634311227308326,"Ticker
MKC   -0.053936
dtype: float64","Ticker
MKC    0.227252
dtype: float64"
2021-11-30,HRL,CONSUMER_STAPLES,0.10867270455243455,"Ticker
HRL   -0.09012
dtype: float64","Ticker
HRL    0.222784
dtype: float64"
2021-11-30,CHD,CONSUMER_STAPLES,0.007366922858363406,"Ticker
CHD    0.004064
dtype: float64","Ticker
CHD    0.200843
dtype: float64"
2021-11-30,CLX,CONSUMER_STAPLES,0.09778950243452858,"Ticker
CLX   -0.089311
dtype: float64","Ticker
CLX    0.254725
dtype: float64"
2021-11-30,KMB,CONSUMER_STAPLES,0.07629524954801943,"Ticker
KMB    0.000848
dtype: float64","Ticker
KMB    0.18668
dtype: float64"
2021-11-30,PNC,FINANCIALS,0.013174437152566002,"Ticker
PNC    0.158364
dtype: float64","Ticker
PNC    0.287035
dtype: float64"
2021-11-30,SO,UTILITIES,0.06707452219572459,"Ticker
SO    0.161561
dtype: float64","Ticker
SO    0.189358
dtype: float64"
2021-11-30,AEP,UTILITIES,0.030181226673202166,"Ticker
AEP    0.106617
dtype: float64","Ticker
AEP    0.199842
dtype: float64"
2021-11-30,ED,UTILITIES,0.048475896183569706,"Ticker
ED    0.104254
dtype: float64","Ticker
ED    0.192212
dtype: float64"
2021-11-30,APD,MATERIALS,0.04903967453524216,"Ticker
APD    0.024946
dtype: float64","Ticker
APD    0.262719
dtype: float64"
2021-11-30,CF,MATERIALS,0.016922332190379936,"Ticker
CF    0.228013
dtype: float64","Ticker
CF    0.374392
dtype: float64"
2021-11-30,NEM,MATERIALS,0.03923985497293294,"Ticker
NEM    0.03605
dtype: float64","Ticker
NEM    0.345062
dtype: float64"
2021-12-31,MPWR,TECH,0.03872904515333429,"Ticker
MPWR    0.250549
dtype: float64","Ticker
MPWR    0.531304
dtype: float64"
2021-12-31,KEYS,TECH,0.0286899524624001,"Ticker
KEYS    0.097949
dtype: float64","Ticker
KEYS    0.30031
dtype: float64"
2021-12-31,BMRN,PHARMA,0.0011268485983200508,"Ticker
BMRN   -0.136475
dtype: float64","Ticker
BMRN    0.355326
dtype: float64"
2021-12-31,VTRS,PHARMA,0.0022557941590240498,"Ticker
VTRS   -0.048485
dtype: float64","Ticker
VTRS    0.341892
dtype: float64"
2021-12-31,NBIX,PHARMA,0.08162106902256185,"Ticker
NBIX    0.026498
dtype: float64","Ticker
NBIX    0.352501
dtype: float64"
2021-12-31,TECH,PHARMA,0.01194233298499388,"Ticker
TECH   -0.0363
dtype: float64","Ticker
TECH    0.37036
dtype: float64"
2021-12-31,INSM,PHARMA,0.009479492474587192,"Ticker
INSM    0.358294
dtype: float64","Ticker
INSM    0.73158
dtype: float64"
2021-12-31,REGN,PHARMA,0.03636308870451054,"Ticker
REGN   -0.012848
dtype: float64","Ticker
REGN    0.300165
dtype: float64"
2021-12-31,VRTX,PHARMA,0.04926801743143162,"Ticker
VRTX    0.075121
dtype: float64","Ticker
VRTX    0.301151
dtype: float64"
2021-12-31,BIIB,PHARMA,0.0012913844967340745,"Ticker
BIIB   -0.137279
dtype: float64","Ticker
BIIB    0.443025
dtype: float64"
2021-12-31,OXY,ENERGY,0.00763389937516317,"Ticker
OXY    0.276342
dtype: float64","Ticker
OXY    0.469472
dtype: float64"
2021-12-31,AXON,DEFENSE,0.02158220926642812,"Ticker
AXON    0.570636
dtype: float64","Ticker
AXON    0.465215
dtype: float64"
2021-12-31,AVAV,DEFENSE,0.019115189150619178,"Ticker
AVAV    0.247544
dtype: float64","Ticker
AVAV    0.524691
dtype: float64"
2021-12-31,ROK,INDUSTRIALS,0.030258595281975446,"Ticker
ROK    0.097973
dtype: float64","Ticker
ROK    0.311489
dtype: float64"
2021-12-31,CROX,CONSUMER_DISCRETIONARY,0.007322689537350073,"Ticker
CROX    0.158313
dtype: float64","Ticker
CROX    0.556687
dtype: float64"
2021-12-31,DKS,CONSUMER_DISCRETIONARY,0.007846232408348013,"Ticker
DKS    0.418027
dtype: float64","Ticker
DKS    0.445978
dtype: float64"
2021-12-31,RH,CONSUMER_DISCRETIONARY,0.016921965259833638,"Ticker
RH   -0.057877
dtype: float64","Ticker
RH    0.599531
dtype: float64"
2021-12-31,DECK,CONSUMER_DISCRETIONARY,0.01068755826112432,"Ticker
DECK    0.23937
dtype: float64","Ticker
DECK    0.426866
dtype: float64"
2021-12-31,MKC,CONSUMER_STAPLES,0.03250717053016971,"Ticker
MKC   -0.053936
dtype: float64","Ticker
MKC    0.227252
dtype: float64"
2021-12-31,HRL,CONSUMER_STAPLES,0.06223504721565792,"Ticker
HRL   -0.09012
dtype: float64","Ticker
HRL    0.222784
dtype: float64"
2021-12-31,CAG,CONSUMER_STAPLES,0.02589217439399725,"Ticker
CAG   -0.090587
dtype: float64","Ticker
CAG    0.221318
dtype: float64"
2021-12-31,SJM,CONSUMER_STAPLES,0.005354984449914993,"Ticker
SJM    0.028171
dtype: float64","Ticker
SJM    0.234754
dtype: float64"
2021-12-31,CHD,CONSUMER_STAPLES,0.0008559002749609921,"Ticker
CHD    0.004064
dtype: float64","Ticker
CHD    0.200843
dtype: float64"
2021-12-31,CLX,CONSUMER_STAPLES,0.09293982345545673,"Ticker
CLX   -0.089311
dtype: float64","Ticker
CLX    0.254725
dtype: float64"
2021-12-31,KMB,CONSUMER_STAPLES,0.11729460708642506,"Ticker
KMB    0.000848
dtype: float64","Ticker
KMB    0.18668
dtype: float64"
2021-12-31,PNC,FINANCIALS,0.017203533809991275,"Ticker
PNC    0.158364
dtype: float64","Ticker
PNC    0.287035
dtype: float64"
2021-12-31,DUK,UTILITIES,0.02262235460280094,"Ticker
DUK    0.12405
dtype: float64","Ticker
DUK    0.185694
dtype: float64"
2021-12-31,SO,UTILITIES,0.04156817039563294,"Ticker
SO    0.161561
dtype: float64","Ticker
SO    0.189358
dtype: float64"
2021-12-31,ED,UTILITIES,0.061035862174577876,"Ticker
ED    0.104254
dtype: float64","Ticker
ED    0.192212
dtype: float64"
2021-12-31,APD,MATERIALS,0.054235136789701335,"Ticker
APD    0.024946
dtype: float64","Ticker
APD    0.262719
dtype: float64"
2021-12-31,CF,MATERIALS,0.02377749304006073,"Ticker
CF    0.228013
dtype: float64","Ticker
CF    0.374392
dtype: float64"
2021-12-31,NEM,MATERIALS,0.060342377751912736,"Ticker
NEM    0.03605
dtype: float64","Ticker
NEM    0.345062
dtype: float64"
2022-01-31,MPWR,TECH,0.01994581494139829,"Ticker
MPWR    0.250549
dtype: float64","Ticker
MPWR    0.531304
dtype: float64"
2022-01-31,KEYS,TECH,0.030845730579754024,"Ticker
KEYS    0.097949
dtype: float64","Ticker
KEYS    0.30031
dtype: float64"
2022-01-31,VTRS,PHARMA,0.0013216064163895577,"Ticker
VTRS   -0.048485
dtype: float64","Ticker
VTRS    0.341892
dtype: float64"
2022-01-31,NBIX,PHARMA,0.053131210132056156,"Ticker
NBIX    0.026498
dtype: float64","Ticker
NBIX    0.352501
dtype: float64"
2022-01-31,REGN,PHARMA,0.05170076838366472,"Ticker
REGN   -0.012848
dtype: float64","Ticker
REGN    0.300165
dtype: float64"
2022-01-31,VRTX,PHARMA,0.030453729890296422,"Ticker
VRTX    0.075121
dtype: float64","Ticker
VRTX    0.301151
dtype: float64"
2022-01-31,BIIB,PHARMA,0.005014332811575866,"Ticker
BIIB   -0.137279
dtype: float64","Ticker
BIIB    0.443025
dtype: float64"
2022-01-31,OXY,ENERGY,0.022696127648995028,"Ticker
OXY    0.276342
dtype: float64","Ticker
OXY    0.469472
dtype: float64"
2022-01-31,TDG,DEFENSE,0.007964695849389837,"Ticker
TDG    0.262196
dtype: float64","Ticker
TDG    0.287537
dtype: float64"
2022-01-31,HEI,DEFENSE,0.0035021045367093617,"Ticker
HEI    0.24198
dtype: float64","Ticker
HEI    0.270262
dtype: float64"
2022-01-31,LDOS,DEFENSE,0.003436041140188896,"Ticker
LDOS    0.156297
dtype: float64","Ticker
LDOS    0.260302
dtype: float64"
2022-01-31,AXON,DEFENSE,0.05431478163075563,"Ticker
AXON    0.570636
dtype: float64","Ticker
AXON    0.465215
dtype: float64"
2022-01-31,AVAV,DEFENSE,0.013742515421416713,"Ticker
AVAV    0.247544
dtype: float64","Ticker
AVAV    0.524691
dtype: float64"
2022-01-31,ROK,INDUSTRIALS,0.0195070067971042,"Ticker
ROK    0.097973
dtype: float64","Ticker
ROK    0.311489
dtype: float64"
2022-01-31,DKS,CONSUMER_DISCRETIONARY,0.017026770114994753,"Ticker
DKS    0.418027
dtype: float64","Ticker
DKS    0.445978
dtype: float64"
2022-01-31,DECK,CONSUMER_DISCRETIONARY,0.00045613173585742407,"Ticker
DECK    0.23937
dtype: float64","Ticker
DECK    0.426866
dtype: float64"
2022-01-31,MKC,CONSUMER_STAPLES,0.04992484992245279,"Ticker
MKC   -0.053936
dtype: float64","Ticker
MKC    0.227252
dtype: float64"
2022-01-31,HRL,CONSUMER_STAPLES,0.12361666699688063,"Ticker
HRL   -0.09012
dtype: float64","Ticker
HRL    0.222784
dtype: float64"
2022-01-31,CPB,CONSUMER_STAPLES,0.004315350017683283,"Ticker
CPB   -0.060124
dtype: float64","Ticker
CPB    0.229926
dtype: float64"
2022-01-31,CAG,CONSUMER_STAPLES,0.06077691600084584,"Ticker
CAG   -0.090587
dtype: float64","Ticker
CAG    0.221318
dtype: float64"
2022-01-31,SJM,CONSUMER_STAPLES,0.005100908902236556,"Ticker
SJM    0.028171
dtype: float64","Ticker
SJM    0.234754
dtype: float64"
2022-01-31,CLX,CONSUMER_STAPLES,0.05564501501819388,"Ticker
CLX   -0.089311
dtype: float64","Ticker
CLX    0.254725
dtype: float64"
2022-01-31,KMB,CONSUMER_STAPLES,0.026479839937431464,"Ticker
KMB    0.000848
dtype: float64","Ticker
KMB    0.18668
dtype: float64"
2022-01-31,PNC,FINANCIALS,0.0223644231410447,"Ticker
PNC    0.158364
dtype: float64","Ticker
PNC    0.287035
dtype: float64"
2022-01-31,DUK,UTILITIES,0.04758384416482747,"Ticker
DUK    0.12405
dtype: float64","Ticker
DUK    0.185694
dtype: float64"
2022-01-31,SO,UTILITIES,0.05771464682650496,"Ticker
SO    0.161561
dtype: float64","Ticker
SO    0.189358
dtype: float64"
2022-01-31,AEP,UTILITIES,0.02721373562769461,"Ticker
AEP    0.106617
dtype: float64","Ticker
AEP    0.199842
dtype: float64"
2022-01-31,XEL,UTILITIES,0.006398639668931252,"Ticker
XEL    0.036885
dtype: float64","Ticker
XEL    0.210001
dtype: float64"
2022-01-31,PEG,UTILITIES,0.04013663052404612,"Ticker
PEG    0.131176
dtype: float64","Ticker
PEG    0.208917
dtype: float64"
2022-01-31,APD,MATERIALS,0.06258893505439941,"Ticker
APD    0.024946
dtype: float64","Ticker
APD    0.262719
dtype: float64"
2022-01-31,CF,MATERIALS,0.008173432022860921,"Ticker
CF    0.228013
dtype: float64","Ticker
CF    0.374392
dtype: float64"
2022-01-31,NEM,MATERIALS,0.0669067981434193,"Ticker
NEM    0.03605
dtype: float64","Ticker
NEM    0.345062
dtype: float64"
2022-02-28,KEYS,TECH,0.04698494069665027,"Ticker
KEYS    0.097949
dtype: float64","Ticker
KEYS    0.30031
dtype: float64"
2022-02-28,SMTC,TECH,0.016185331144446233,"Ticker
SMTC   -0.045542
dtype: float64","Ticker
SMTC    0.592636
dtype: float64"
2022-02-28,VTRS,PHARMA,0.0011218181619865252,"Ticker
VTRS   -0.048485
dtype: float64","Ticker
VTRS    0.341892
dtype: float64"
2022-02-28,NBIX,PHARMA,0.03228783072562244,"Ticker
NBIX    0.026498
dtype: float64","Ticker
NBIX    0.352501
dtype: float64"
2022-02-28,INSM,PHARMA,0.002943309108612477,"Ticker
INSM    0.358294
dtype: float64","Ticker
INSM    0.73158
dtype: float64"
2022-02-28,REGN,PHARMA,0.041240290768741535,"Ticker
REGN   -0.012848
dtype: float64","Ticker
REGN    0.300165
dtype: float64"
2022-02-28,VRTX,PHARMA,0.02644586751907735,"Ticker
VRTX    0.075121
dtype: float64","Ticker
VRTX    0.301151
dtype: float64"
2022-02-28,BIIB,PHARMA,0.022909657080938967,"Ticker
BIIB   -0.137279
dtype: float64","Ticker
BIIB    0.443025
dtype: float64"
2022-02-28,OXY,ENERGY,0.015376557006949707,"Ticker
OXY    0.276342
dtype: float64","Ticker
OXY    0.469472
dtype: float64"
2022-02-28,HEI,DEFENSE,0.009461114560694078,"Ticker
HEI    0.24198
dtype: float64","Ticker
HEI    0.270262
dtype: float64"
2022-02-28,LDOS,DEFENSE,0.04092330715597091,"Ticker
LDOS    0.156297
dtype: float64","Ticker
LDOS    0.260302
dtype: float64"
2022-02-28,AXON,DEFENSE,0.05289259041381447,"Ticker
AXON    0.570636
dtype: float64","Ticker
AXON    0.465215
dtype: float64"
2022-02-28,AVAV,DEFENSE,0.017954616427480558,"Ticker
AVAV    0.247544
dtype: float64","Ticker
AVAV    0.524691
dtype: float64"
2022-02-28,ROK,INDUSTRIALS,0.01239701877909242,"Ticker
ROK    0.097973
dtype: float64","Ticker
ROK    0.311489
dtype: float64"
2022-02-28,DKS,CONSUMER_DISCRETIONARY,0.012471613251156801,"Ticker
DKS    0.418027
dtype: float64","Ticker
DKS    0.445978
dtype: float64"
2022-02-28,RH,CONSUMER_DISCRETIONARY,0.009733820205608035,"Ticker
RH   -0.057877
dtype: float64","Ticker
RH    0.599531
dtype: float64"
2022-02-28,MKC,CONSUMER_STAPLES,0.08671117905072434,"Ticker
MKC   -0.053936
dtype: float64","Ticker
MKC    0.227252
dtype: float64"
2022-02-28,HRL,CONSUMER_STAPLES,0.1275913587312044,"Ticker
HRL   -0.09012
dtype: float64","Ticker
HRL    0.222784
dtype: float64"
2022-02-28,CAG,CONSUMER_STAPLES,0.044631136760977,"Ticker
CAG   -0.090587
dtype: float64","Ticker
CAG    0.221318
dtype: float64"
2022-02-28,SJM,CONSUMER_STAPLES,0.017910801856570027,"Ticker
SJM    0.028171
dtype: float64","Ticker
SJM    0.234754
dtype: float64"
2022-02-28,KMB,CONSUMER_STAPLES,0.0910441389568755,"Ticker
KMB    0.000848
dtype: float64","Ticker
KMB    0.18668
dtype: float64"
2022-02-28,PNC,FINANCIALS,0.03268632442609186,"Ticker
PNC    0.158364
dtype: float64","Ticker
PNC    0.287035
dtype: float64"
2022-02-28,SO,UTILITIES,0.037527900909833066,"Ticker
SO    0.161561
dtype: float64","Ticker
SO    0.189358
dtype: float64"
2022-02-28,AEP,UTILITIES,0.024527265325874483,"Ticker
AEP    0.106617
dtype: float64","Ticker
AEP    0.199842
dtype: float64"
2022-02-28,EXC,UTILITIES,0.03147825301364767,"Ticker
EXC    0.149184
dtype: float64","Ticker
EXC    0.213214
dtype: float64"
2022-02-28,ED,UTILITIES,0.004597563138490208,"Ticker
ED    0.104254
dtype: float64","Ticker
ED    0.192212
dtype: float64"
2022-02-28,WEC,UTILITIES,0.020688561153068146,"Ticker
WEC    0.066018
dtype: float64","Ticker
WEC    0.197577
dtype: float64"
2022-02-28,APD,MATERIALS,0.025538791480542566,"Ticker
APD    0.024946
dtype: float64","Ticker
APD    0.262719
dtype: float64"
2022-02-28,CF,MATERIALS,0.018347207606738254,"Ticker
CF    0.228013
dtype: float64","Ticker
CF    0.374392
dtype: float64"
2022-02-28,NEM,MATERIALS,0.0753898345825195,"Ticker
NEM    0.03605
dtype: float64","Ticker
NEM    0.345062
dtype: float64"
2022-03-31,NBIX,PHARMA,0.040434031960858825,"Ticker
NBIX    0.026498
dtype: float64","Ticker
NBIX    0.352501
dtype: float64"
2022-03-31,INSM,PHARMA,0.012702715183901337,"Ticker
INSM    0.358294
dtype: float64","Ticker
INSM    0.73158
dtype: float64"
2022-03-31,REGN,PHARMA,0.06648233505869255,"Ticker
REGN   -0.012848
dtype: float64","Ticker
REGN    0.300165
dtype: float64"
2022-03-31,VRTX,PHARMA,0.04602907616062194,"Ticker
VRTX    0.075121
dtype: float64","Ticker
VRTX    0.301151
dtype: float64"
2022-03-31,BIIB,PHARMA,0.004525856897140122,"Ticker
BIIB   -0.137279
dtype: float64","Ticker
BIIB    0.443025
dtype: float64"
2022-03-31,LDOS,DEFENSE,0.04970089476311662,"Ticker
LDOS    0.156297
dtype: float64","Ticker
LDOS    0.260302
dtype: float64"
2022-03-31,BWXT,DEFENSE,0.013268457260524481,"Ticker
BWXT    0.260323
dtype: float64","Ticker
BWXT    0.294112
dtype: float64"
2022-03-31,AXON,DEFENSE,0.029243323465992243,"Ticker
AXON    0.570636
dtype: float64","Ticker
AXON    0.465215
dtype: float64"
2022-03-31,ROK,INDUSTRIALS,0.08056590309399571,"Ticker
ROK    0.097973
dtype: float64","Ticker
ROK    0.311489
dtype: float64"
2022-03-31,DKS,CONSUMER_DISCRETIONARY,0.007274732069632837,"Ticker
DKS    0.418027
dtype: float64","Ticker
DKS    0.445978
dtype: float64"
2022-03-31,DECK,CONSUMER_DISCRETIONARY,0.02042429045778237,"Ticker
DECK    0.23937
dtype: float64","Ticker
DECK    0.426866
dtype: float64"
2022-03-31,MKC,CONSUMER_STAPLES,0.07708961210395868,"Ticker
MKC   -0.053936
dtype: float64","Ticker
MKC    0.227252
dtype: float64"
2022-03-31,HRL,CONSUMER_STAPLES,0.12980292597838008,"Ticker
HRL   -0.09012
dtype: float64","Ticker
HRL    0.222784
dtype: float64"
2022-03-31,KMB,CONSUMER_STAPLES,0.0755507281207023,"Ticker
KMB    0.000848
dtype: float64","Ticker
KMB    0.18668
dtype: float64"
2022-03-31,PNC,FINANCIALS,0.0914587726444584,"Ticker
PNC    0.158364
dtype: float64","Ticker
PNC    0.287035
dtype: float64"
2022-03-31,DUK,UTILITIES,0.011720551708588897,"Ticker
DUK    0.12405
dtype: float64","Ticker
DUK    0.185694
dtype: float64"
2022-03-31,SO,UTILITIES,0.036448010229641774,"Ticker
SO    0.161561
dtype: float64","Ticker
SO    0.189358
dtype: float64"
2022-03-31,AEP,UTILITIES,0.034542710857607864,"Ticker
AEP    0.106617
dtype: float64","Ticker
AEP    0.199842
dtype: float64"
2022-03-31,EXC,UTILITIES,0.022727771124637954,"Ticker
EXC    0.149184
dtype: float64","Ticker
EXC    0.213214
dtype: float64"
2022-03-31,ED,UTILITIES,0.017717281221186855,"Ticker
ED    0.104254
dtype: float64","Ticker
ED    0.192212
dtype: float64"
2022-03-31,PEG,UTILITIES,0.014473538700255764,"Ticker
PEG    0.131176
dtype: float64","Ticker
PEG    0.208917
dtype: float64"
2022-03-31,CF,MATERIALS,0.02497650625815222,"Ticker
CF    0.228013
dtype: float64","Ticker
CF    0.374392
dtype: float64"
2022-03-31,NEM,MATERIALS,0.09283997468017023,"Ticker
NEM    0.03605
dtype: float64","Ticker
NEM    0.345062
dtype: float64"
2022-04-30,SMTC,TECH,0.002919945821957355,"Ticker
SMTC   -0.045542
dtype: float64","Ticker
SMTC    0.592636
dtype: float64"
2022-04-30,BMRN,PHARMA,0.0001760587909981224,"Ticker
BMRN   -0.136475
dtype: float64","Ticker
BMRN    0.355326
dtype: float64"
2022-04-30,NBIX,PHARMA,0.03710405308631044,"Ticker
NBIX    0.026498
dtype: float64","Ticker
NBIX    0.352501
dtype: float64"
2022-04-30,AMGN,PHARMA,0.03187395995900387,"Ticker
AMGN    0.072347
dtype: float64","Ticker
AMGN    0.234188
dtype: float64"
2022-04-30,REGN,PHARMA,0.07021479345481775,"Ticker
REGN   -0.012848
dtype: float64","Ticker
REGN    0.300165
dtype: float64"
2022-04-30,VRTX,PHARMA,0.06257839680161083,"Ticker
VRTX    0.075121
dtype: float64","Ticker
VRTX    0.301151
dtype: float64"
2022-04-30,HEI,DEFENSE,0.0015829142727540831,"Ticker
HEI    0.24198
dtype: float64","Ticker
HEI    0.270262
dtype: float64"
2022-04-30,LDOS,DEFENSE,0.082035073592739,"Ticker
LDOS    0.156297
dtype: float64","Ticker
LDOS    0.260302
dtype: float64"
2022-04-30,BWXT,DEFENSE,0.016385990560095282,"Ticker
BWXT    0.260323
dtype: float64","Ticker
BWXT    0.294112
dtype: float64"
2022-04-30,AXON,DEFENSE,0.025247609763982635,"Ticker
AXON    0.570636
dtype: float64","Ticker
AXON    0.465215
dtype: float64"
2022-04-30,ROK,INDUSTRIALS,0.01709385987792054,"Ticker
ROK    0.097973
dtype: float64","Ticker
ROK    0.311489
dtype: float64"
2022-04-30,DKS,CONSUMER_DISCRETIONARY,0.0008933232404646046,"Ticker
DKS    0.418027
dtype: float64","Ticker
DKS    0.445978
dtype: float64"
2022-04-30,RH,CONSUMER_DISCRETIONARY,0.004271415956857203,"Ticker
RH   -0.057877
dtype: float64","Ticker
RH    0.599531
dtype: float64"
2022-04-30,DECK,CONSUMER_DISCRETIONARY,0.008121100885070873,"Ticker
DECK    0.23937
dtype: float64","Ticker
DECK    0.426866
dtype: float64"
2022-04-30,MKC,CONSUMER_STAPLES,0.024491982341202246,"Ticker
MKC   -0.053936
dtype: float64","Ticker
MKC    0.227252
dtype: float64"
2022-04-30,HRL,CONSUMER_STAPLES,0.10704994984641522,"Ticker
HRL   -0.09012
dtype: float64","Ticker
HRL    0.222784
dtype: float64"
2022-04-30,KMB,CONSUMER_STAPLES,0.14881370691463824,"Ticker
KMB    0.000848
dtype: float64","Ticker
KMB    0.18668
dtype: float64"
2022-04-30,PNC,FINANCIALS,0.08704745533525603,"Ticker
PNC    0.158364
dtype: float64","Ticker
PNC    0.287035
dtype: float64"
2022-04-30,DUK,UTILITIES,0.02770564594630806,"Ticker
DUK    0.12405
dtype: float64","Ticker
DUK    0.185694
dtype: float64"
2022-04-30,SO,UTILITIES,0.005374539416153472,"Ticker
SO    0.161561
dtype: float64","Ticker
SO    0.189358
dtype: float64"
2022-04-30,EXC,UTILITIES,0.023190264438645206,"Ticker
EXC    0.149184
dtype: float64","Ticker
EXC    0.213214
dtype: float64"
2022-04-30,XEL,UTILITIES,0.0001405268834074522,"Ticker
XEL    0.036885
dtype: float64","Ticker
XEL    0.210001
dtype: float64"
2022-04-30,PEG,UTILITIES,0.047726745555339484,"Ticker
PEG    0.131176
dtype: float64","Ticker
PEG    0.208917
dtype: float64"
2022-04-30,WEC,UTILITIES,0.03137724249290013,"Ticker
WEC    0.066018
dtype: float64","Ticker
WEC    0.197577
dtype: float64"
2022-04-30,APD,MATERIALS,0.032189373754685446,"Ticker
APD    0.024946
dtype: float64","Ticker
APD    0.262719
dtype: float64"
2022-04-30,CF,MATERIALS,0.028865949633788517,"Ticker
CF    0.228013
dtype: float64","Ticker
CF    0.374392
dtype: float64"
2022-04-30,NEM,MATERIALS,0.07552812137667803,"Ticker
NEM    0.03605
dtype: float64","Ticker
NEM    0.345062
dtype: float64"
2022-05-31,BMRN,PHARMA,0.016050800324780717,"Ticker
BMRN   -0.136475
dtype: float64","Ticker
BMRN    0.355326
dtype: float64"
2022-05-31,VTRS,PHARMA,0.009886116475941745,"Ticker
VTRS   -0.048485
dtype: float64","Ticker
VTRS    0.341892
dtype: float64"
2022-05-31,NBIX,PHARMA,0.04599811160663673,"Ticker
NBIX    0.026498
dtype: float64","Ticker
NBIX    0.352501
dtype: float64"
2022-05-31,AMGN,PHARMA,0.1196586566471446,"Ticker
AMGN    0.072347
dtype: float64","Ticker
AMGN    0.234188
dtype: float64"
2022-05-31,REGN,PHARMA,0.061777698803842575,"Ticker
REGN   -0.012848
dtype: float64","Ticker
REGN    0.300165
dtype: float64"
2022-05-31,VRTX,PHARMA,0.009174064666942226,"Ticker
VRTX    0.075121
dtype: float64","Ticker
VRTX    0.301151
dtype: float64"
2022-05-31,LDOS,DEFENSE,0.08128589916707989,"Ticker
LDOS    0.156297
dtype: float64","Ticker
LDOS    0.260302
dtype: float64"
2022-05-31,MRCY,DEFENSE,0.019150176903107878,"Ticker
MRCY   -0.030587
dtype: float64","Ticker
MRCY    0.438757
dtype: float64"
2022-05-31,AXON,DEFENSE,0.005151139718862337,"Ticker
AXON    0.570636
dtype: float64","Ticker
AXON    0.465215
dtype: float64"
2022-05-31,AVAV,DEFENSE,0.002850200337515714,"Ticker
AVAV    0.247544
dtype: float64","Ticker
AVAV    0.524691
dtype: float64"
2022-05-31,LECO,INDUSTRIALS,0.044751483046100084,"Ticker
LECO    0.21408
dtype: float64","Ticker
LECO    0.262663
dtype: float64"
2022-05-31,SKX,CONSUMER_DISCRETIONARY,0.0033011461853690877,"Ticker
SKX    0.163586
dtype: float64","Ticker
SKX    0.398741
dtype: float64"
2022-05-31,HRL,CONSUMER_STAPLES,0.04760905738935695,"Ticker
HRL   -0.09012
dtype: float64","Ticker
HRL    0.222784
dtype: float64"
2022-05-31,KMB,CONSUMER_STAPLES,0.1207677649730444,"Ticker
KMB    0.000848
dtype: float64","Ticker
KMB    0.18668
dtype: float64"
2022-05-31,PNC,FINANCIALS,0.0571021830069183,"Ticker
PNC    0.158364
dtype: float64","Ticker
PNC    0.287035
dtype: float64"
2022-05-31,DUK,UTILITIES,0.08637950366174499,"Ticker
DUK    0.12405
dtype: float64","Ticker
DUK    0.185694
dtype: float64"
2022-05-31,AEP,UTILITIES,0.005116234132169864,"Ticker
AEP    0.106617
dtype: float64","Ticker
AEP    0.199842
dtype: float64"
2022-05-31,XEL,UTILITIES,0.03960868188603008,"Ticker
XEL    0.036885
dtype: float64","Ticker
XEL    0.210001
dtype: float64"
2022-05-31,ED,UTILITIES,0.049183484129803945,"Ticker
ED    0.104254
dtype: float64","Ticker
ED    0.192212
dtype: float64"
2022-05-31,PEG,UTILITIES,0.08128952428145185,"Ticker
PEG    0.131176
dtype: float64","Ticker
PEG    0.208917
dtype: float64"
2022-05-31,APD,MATERIALS,0.01697593552703377,"Ticker
APD    0.024946
dtype: float64","Ticker
APD    0.262719
dtype: float64"
2022-05-31,CF,MATERIALS,0.010044028836201025,"Ticker
CF    0.228013
dtype: float64","Ticker
CF    0.374392
dtype: float64"
2022-05-31,NEM,MATERIALS,0.0668881082929214,"Ticker
NEM    0.03605
dtype: float64","Ticker
NEM    0.345062
dtype: float64"
2022-06-30,BMRN,PHARMA,0.0036755109398255567,"Ticker
BMRN   -0.136475
dtype: float64","Ticker
BMRN    0.355326
dtype: float64"
2022-06-30,NBIX,PHARMA,0.0550278511933124,"Ticker
NBIX    0.026498
dtype: float64","Ticker
NBIX    0.352501
dtype: float64"
2022-06-30,AMGN,PHARMA,0.17624371763777616,"Ticker
AMGN    0.072347
dtype: float64","Ticker
AMGN    0.234188
dtype: float64"
2022-06-30,REGN,PHARMA,0.050208042849841435,"Ticker
REGN   -0.012848
dtype: float64","Ticker
REGN    0.300165
dtype: float64"
2022-06-30,LDOS,DEFENSE,0.06245274942953913,"Ticker
LDOS    0.156297
dtype: float64","Ticker
LDOS    0.260302
dtype: float64"
2022-06-30,BWXT,DEFENSE,0.010054345198451197,"Ticker
BWXT    0.260323
dtype: float64","Ticker
BWXT    0.294112
dtype: float64"
2022-06-30,MRCY,DEFENSE,0.005470596701192186,"Ticker
MRCY   -0.030587
dtype: float64","Ticker
MRCY    0.438757
dtype: float64"
2022-06-30,ROK,INDUSTRIALS,0.00615298246157915,"Ticker
ROK    0.097973
dtype: float64","Ticker
ROK    0.311489
dtype: float64"
2022-06-30,LECO,INDUSTRIALS,0.09727970541821752,"Ticker
LECO    0.21408
dtype: float64","Ticker
LECO    0.262663
dtype: float64"
2022-06-30,HRL,CONSUMER_STAPLES,0.08284713016191692,"Ticker
HRL   -0.09012
dtype: float64","Ticker
HRL    0.222784
dtype: float64"
2022-06-30,KMB,CONSUMER_STAPLES,0.12287481857838821,"Ticker
KMB    0.000848
dtype: float64","Ticker
KMB    0.18668
dtype: float64"
2022-06-30,PNC,FINANCIALS,0.041729912676905075,"Ticker
PNC    0.158364
dtype: float64","Ticker
PNC    0.287035
dtype: float64"
2022-06-30,DUK,UTILITIES,0.07539995050526876,"Ticker
DUK    0.12405
dtype: float64","Ticker
DUK    0.185694
dtype: float64"
2022-06-30,XEL,UTILITIES,0.044914105700654454,"Ticker
XEL    0.036885
dtype: float64","Ticker
XEL    0.210001
dtype: float64"
2022-06-30,ED,UTILITIES,0.040623529184959845,"Ticker
ED    0.104254
dtype: float64","Ticker
ED    0.192212
dtype: float64"
2022-06-30,PEG,UTILITIES,0.020489795886266465,"Ticker
PEG    0.131176
dtype: float64","Ticker
PEG    0.208917
dtype: float64"
2022-06-30,APD,MATERIALS,0.017552557429215083,"Ticker
APD    0.024946
dtype: float64","Ticker
APD    0.262719
dtype: float64"
2022-06-30,CF,MATERIALS,0.019848728457205807,"Ticker
CF    0.228013
dtype: float64","Ticker
CF    0.374392
dtype: float64"
2022-06-30,NEM,MATERIALS,0.06715396958948482,"Ticker
NEM    0.03605
dtype: float64","Ticker
NEM    0.345062
dtype: float64"
2022-07-31,BMRN,PHARMA,0.006538072098055235,"Ticker
BMRN   -0.136475
dtype: float64","Ticker
BMRN    0.355326
dtype: float64"
2022-07-31,NBIX,PHARMA,0.05484002831338997,"Ticker
NBIX    0.026498
dtype: float64","Ticker
NBIX    0.352501
dtype: float64"
2022-07-31,AMGN,PHARMA,0.20502107051782925,"Ticker
AMGN    0.072347
dtype: float64","Ticker
AMGN    0.234188
dtype: float64"
2022-07-31,REGN,PHARMA,0.04200387643806937,"Ticker
REGN   -0.012848
dtype: float64","Ticker
REGN    0.300165
dtype: float64"
2022-07-31,LDOS,DEFENSE,0.0814708682382353,"Ticker
LDOS    0.156297
dtype: float64","Ticker
LDOS    0.260302
dtype: float64"
2022-07-31,BWXT,DEFENSE,0.0070907186283251915,"Ticker
BWXT    0.260323
dtype: float64","Ticker
BWXT    0.294112
dtype: float64"
2022-07-31,MRCY,DEFENSE,0.008398111618666236,"Ticker
MRCY   -0.030587
dtype: float64","Ticker
MRCY    0.438757
dtype: float64"
2022-07-31,LECO,INDUSTRIALS,0.05237333637821418,"Ticker
LECO    0.21408
dtype: float64","Ticker
LECO    0.262663
dtype: float64"
2022-07-31,SKX,CONSUMER_DISCRETIONARY,0.02516549489596791,"Ticker
SKX    0.163586
dtype: float64","Ticker
SKX    0.398741
dtype: float64"
2022-07-31,HRL,CONSUMER_STAPLES,0.10175728253282795,"Ticker
HRL   -0.09012
dtype: float64","Ticker
HRL    0.222784
dtype: float64"
2022-07-31,KMB,CONSUMER_STAPLES,0.15701795776865188,"Ticker
KMB    0.000848
dtype: float64","Ticker
KMB    0.18668
dtype: float64"
2022-07-31,PNC,FINANCIALS,0.03570875848113552,"Ticker
PNC    0.158364
dtype: float64","Ticker
PNC    0.287035
dtype: float64"
2022-07-31,DUK,UTILITIES,0.09456728825007503,"Ticker
DUK    0.12405
dtype: float64","Ticker
DUK    0.185694
dtype: float64"
2022-07-31,XEL,UTILITIES,0.051744427905281304,"Ticker
XEL    0.036885
dtype: float64","Ticker
XEL    0.210001
dtype: float64"
2022-07-31,CF,MATERIALS,0.015699442327681237,"Ticker
CF    0.228013
dtype: float64","Ticker
CF    0.374392
dtype: float64"
2022-07-31,NEM,MATERIALS,0.0606032656075944,"Ticker
NEM    0.03605
dtype: float64","Ticker
NEM    0.345062
dtype: float64"
2022-08-31,BMRN,PHARMA,0.012099902596693293,"Ticker
BMRN   -0.136475
dtype: float64","Ticker
BMRN    0.355326
dtype: float64"
2022-08-31,NBIX,PHARMA,0.060386536758791846,"Ticker
NBIX    0.026498
dtype: float64","Ticker
NBIX    0.352501
dtype: float64"
2022-08-31,AMGN,PHARMA,0.22684256814146353,"Ticker
AMGN    0.072347
dtype: float64","Ticker
AMGN    0.234188
dtype: float64"
2022-08-31,FANG,ENERGY,2.2656937368680212e-05,"Ticker
FANG    0.311581
dtype: float64","Ticker
FANG    0.460193
dtype: float64"
2022-08-31,LDOS,DEFENSE,0.08244488028921372,"Ticker
LDOS    0.156297
dtype: float64","Ticker
LDOS    0.260302
dtype: float64"
2022-08-31,BWXT,DEFENSE,0.004725664434487071,"Ticker
BWXT    0.260323
dtype: float64","Ticker
BWXT    0.294112
dtype: float64"
2022-08-31,LECO,INDUSTRIALS,0.03703345532264277,"Ticker
LECO    0.21408
dtype: float64","Ticker
LECO    0.262663
dtype: float64"
2022-08-31,SKX,CONSUMER_DISCRETIONARY,0.02956330292660273,"Ticker
SKX    0.163586
dtype: float64","Ticker
SKX    0.398741
dtype: float64"
2022-08-31,HRL,CONSUMER_STAPLES,0.1070969522010801,"Ticker
HRL   -0.09012
dtype: float64","Ticker
HRL    0.222784
dtype: float64"
2022-08-31,KMB,CONSUMER_STAPLES,0.16205269788754997,"Ticker
KMB    0.000848
dtype: float64","Ticker
KMB    0.18668
dtype: float64"
2022-08-31,PNC,FINANCIALS,0.0236289694144632,"Ticker
PNC    0.158364
dtype: float64","Ticker
PNC    0.287035
dtype: float64"
2022-08-31,DUK,UTILITIES,0.07560818393824469,"Ticker
DUK    0.12405
dtype: float64","Ticker
DUK    0.185694
dtype: float64"
2022-08-31,SO,UTILITIES,0.004553725135563238,"Ticker
SO    0.161561
dtype: float64","Ticker
SO    0.189358
dtype: float64"
2022-08-31,XEL,UTILITIES,0.03014475220162034,"Ticker
XEL    0.036885
dtype: float64","Ticker
XEL    0.210001
dtype: float64"
2022-08-31,ED,UTILITIES,0.01782124336810225,"Ticker
ED    0.104254
dtype: float64","Ticker
ED    0.192212
dtype: float64"
2022-08-31,WEC,UTILITIES,0.03953502659168484,"Ticker
WEC    0.066018
dtype: float64","Ticker
WEC    0.197577
dtype: float64"
2022-08-31,CF,MATERIALS,0.03188956785000972,"Ticker
CF    0.228013
dtype: float64","Ticker
CF    0.374392
dtype: float64"
2022-08-31,NEM,MATERIALS,0.054549914004418144,"Ticker
NEM    0.03605
dtype: float64","Ticker
NEM    0.345062
dtype: float64"
2022-09-30,BMRN,PHARMA,0.010139711104813457,"Ticker
BMRN   -0.136475
dtype: float64","Ticker
BMRN    0.355326
dtype: float64"
2022-09-30,NBIX,PHARMA,0.07587999570836144,"Ticker
NBIX    0.026498
dtype: float64","Ticker
NBIX    0.352501
dtype: float64"
2022-09-30,AMGN,PHARMA,0.22452644227530977,"Ticker
AMGN    0.072347
dtype: float64","Ticker
AMGN    0.234188
dtype: float64"
2022-09-30,FANG,ENERGY,0.012189710208881542,"Ticker
FANG    0.311581
dtype: float64","Ticker
FANG    0.460193
dtype: float64"
2022-09-30,LDOS,DEFENSE,0.0910317806440522,"Ticker
LDOS    0.156297
dtype: float64","Ticker
LDOS    0.260302
dtype: float64"
2022-09-30,MRCY,DEFENSE,0.0016873815398838643,"Ticker
MRCY   -0.030587
dtype: float64","Ticker
MRCY    0.438757
dtype: float64"
2022-09-30,LECO,INDUSTRIALS,0.08696965089514504,"Ticker
LECO    0.21408
dtype: float64","Ticker
LECO    0.262663
dtype: float64"
2022-09-30,HRL,CONSUMER_STAPLES,0.13523035800066371,"Ticker
HRL   -0.09012
dtype: float64","Ticker
HRL    0.222784
dtype: float64"
2022-09-30,KMB,CONSUMER_STAPLES,0.18009041682949367,"Ticker
KMB    0.000848
dtype: float64","Ticker
KMB    0.18668
dtype: float64"
2022-09-30,GIS,CONSUMER_STAPLES,0.013031180516937546,"Ticker
GIS   -0.017836
dtype: float64","Ticker
GIS    0.204798
dtype: float64"
2022-09-30,PNC,FINANCIALS,0.03615723846020883,"Ticker
PNC    0.158364
dtype: float64","Ticker
PNC    0.287035
dtype: float64"
2022-09-30,DUK,UTILITIES,0.04463513829104822,"Ticker
DUK    0.12405
dtype: float64","Ticker
DUK    0.185694
dtype: float64"
2022-09-30,SO,UTILITIES,0.00930194401127762,"Ticker
SO    0.161561
dtype: float64","Ticker
SO    0.189358
dtype: float64"
2022-09-30,ED,UTILITIES,0.0068327596187302275,"Ticker
ED    0.104254
dtype: float64","Ticker
ED    0.192212
dtype: float64"
2022-09-30,CF,MATERIALS,0.01983666963531628,"Ticker
CF    0.228013
dtype: float64","Ticker
CF    0.374392
dtype: float64"
2022-09-30,NEM,MATERIALS,0.05245962225987686,"Ticker
NEM    0.03605
dtype: float64","Ticker
NEM    0.345062
dtype: float64"
2022-10-31,NTNX,TECH,0.003973245205054174,"Ticker
NTNX    0.26669
dtype: float64","Ticker
NTNX    0.503963
dtype: float64"
2022-10-31,BMRN,PHARMA,0.002283091361580719,"Ticker
BMRN   -0.136475
dtype: float64","Ticker
BMRN    0.355326
dtype: float64"
2022-10-31,NBIX,PHARMA,0.10757273791531964,"Ticker
NBIX    0.026498
dtype: float64","Ticker
NBIX    0.352501
dtype: float64"
2022-10-31,AMGN,PHARMA,0.27087760389411925,"Ticker
AMGN    0.072347
dtype: float64","Ticker
AMGN    0.234188
dtype: float64"
2022-10-31,LDOS,DEFENSE,0.02231740691659282,"Ticker
LDOS    0.156297
dtype: float64","Ticker
LDOS    0.260302
dtype: float64"
2022-10-31,BWXT,DEFENSE,0.013086230942087065,"Ticker
BWXT    0.260323
dtype: float64","Ticker
BWXT    0.294112
dtype: float64"
2022-10-31,LECO,INDUSTRIALS,0.10398410452947182,"Ticker
LECO    0.21408
dtype: float64","Ticker
LECO    0.262663
dtype: float64"
2022-10-31,HRL,CONSUMER_STAPLES,0.14057321230036376,"Ticker
HRL   -0.09012
dtype: float64","Ticker
HRL    0.222784
dtype: float64"
2022-10-31,CPB,CONSUMER_STAPLES,0.009574422994013797,"Ticker
CPB   -0.060124
dtype: float64","Ticker
CPB    0.229926
dtype: float64"
2022-10-31,SJM,CONSUMER_STAPLES,0.015829084328895723,"Ticker
SJM    0.028171
dtype: float64","Ticker
SJM    0.234754
dtype: float64"
2022-10-31,KMB,CONSUMER_STAPLES,0.15491840651310324,"Ticker
KMB    0.000848
dtype: float64","Ticker
KMB    0.18668
dtype: float64"
2022-10-31,GIS,CONSUMER_STAPLES,0.034588038882866275,"Ticker
GIS   -0.017836
dtype: float64","Ticker
GIS    0.204798
dtype: float64"
2022-10-31,ED,UTILITIES,0.01808764608921993,"Ticker
ED    0.104254
dtype: float64","Ticker
ED    0.192212
dtype: float64"
2022-10-31,CF,MATERIALS,0.03269692014742972,"Ticker
CF    0.228013
dtype: float64","Ticker
CF    0.374392
dtype: float64"
2022-10-31,NEM,MATERIALS,0.06963784797988216,"Ticker
NEM    0.03605
dtype: float64","Ticker
NEM    0.345062
dtype: float64"
2022-11-30,NTNX,TECH,0.007366025731946443,"Ticker
NTNX    0.26669
dtype: float64","Ticker
NTNX    0.503963
dtype: float64"
2022-11-30,BMRN,PHARMA,0.031140662574266592,"Ticker
BMRN   -0.136475
dtype: float64","Ticker
BMRN    0.355326
dtype: float64"
2022-11-30,NBIX,PHARMA,0.08502852508285395,"Ticker
NBIX    0.026498
dtype: float64","Ticker
NBIX    0.352501
dtype: float64"
2022-11-30,AMGN,PHARMA,0.21413333634278847,"Ticker
AMGN    0.072347
dtype: float64","Ticker
AMGN    0.234188
dtype: float64"
2022-11-30,FANG,ENERGY,0.02322836789553739,"Ticker
FANG    0.311581
dtype: float64","Ticker
FANG    0.460193
dtype: float64"
2022-11-30,LDOS,DEFENSE,0.06477054317906808,"Ticker
LDOS    0.156297
dtype: float64","Ticker
LDOS    0.260302
dtype: float64"
2022-11-30,LECO,INDUSTRIALS,0.049940392820463315,"Ticker
LECO    0.21408
dtype: float64","Ticker
LECO    0.262663
dtype: float64"
2022-11-30,HRL,CONSUMER_STAPLES,0.1769201101075358,"Ticker
HRL   -0.09012
dtype: float64","Ticker
HRL    0.222784
dtype: float64"
2022-11-30,CPB,CONSUMER_STAPLES,0.04259782491308513,"Ticker
CPB   -0.060124
dtype: float64","Ticker
CPB    0.229926
dtype: float64"
2022-11-30,SJM,CONSUMER_STAPLES,0.002880666016941604,"Ticker
SJM    0.028171
dtype: float64","Ticker
SJM    0.234754
dtype: float64"
2022-11-30,KMB,CONSUMER_STAPLES,0.14370229946664345,"Ticker
KMB    0.000848
dtype: float64","Ticker
KMB    0.18668
dtype: float64"
2022-11-30,GIS,CONSUMER_STAPLES,0.08345860323497523,"Ticker
GIS   -0.017836
dtype: float64","Ticker
GIS    0.204798
dtype: float64"
2022-11-30,SO,UTILITIES,0.0035296125393251402,"Ticker
SO    0.161561
dtype: float64","Ticker
SO    0.189358
dtype: float64"
2022-11-30,ED,UTILITIES,0.023832171123787684,"Ticker
ED    0.104254
dtype: float64","Ticker
ED    0.192212
dtype: float64"
2022-11-30,CF,MATERIALS,0.01625717831849143,"Ticker
CF    0.228013
dtype: float64","Ticker
CF    0.374392
dtype: float64"
2022-11-30,NEM,MATERIALS,0.031213680652290212,"Ticker
NEM    0.03605
dtype: float64","Ticker
NEM    0.345062
dtype: float64"
2022-12-31,NTNX,TECH,0.0060931395137530375,"Ticker
NTNX    0.26669
dtype: float64","Ticker
NTNX    0.503963
dtype: float64"
2022-12-31,BMRN,PHARMA,0.039452100329596305,"Ticker
BMRN   -0.136475
dtype: float64","Ticker
BMRN    0.355326
dtype: float64"
2022-12-31,NBIX,PHARMA,0.08160473499650284,"Ticker
NBIX    0.026498
dtype: float64","Ticker
NBIX    0.352501
dtype: float64"
2022-12-31,AMGN,PHARMA,0.23150057425295514,"Ticker
AMGN    0.072347
dtype: float64","Ticker
AMGN    0.234188
dtype: float64"
2022-12-31,FANG,ENERGY,0.026808023212046447,"Ticker
FANG    0.311581
dtype: float64","Ticker
FANG    0.460193
dtype: float64"
2022-12-31,CTRA,ENERGY,0.0009044291391845891,"Ticker
CTRA    0.090614
dtype: float64","Ticker
CTRA    0.352706
dtype: float64"
2022-12-31,LDOS,DEFENSE,0.03837162586283534,"Ticker
LDOS    0.156297
dtype: float64","Ticker
LDOS    0.260302
dtype: float64"
2022-12-31,LECO,INDUSTRIALS,0.019974222119928043,"Ticker
LECO    0.21408
dtype: float64","Ticker
LECO    0.262663
dtype: float64"
2022-12-31,HRL,CONSUMER_STAPLES,0.20466278208488287,"Ticker
HRL   -0.09012
dtype: float64","Ticker
HRL    0.222784
dtype: float64"
2022-12-31,SJM,CONSUMER_STAPLES,0.04909100152198701,"Ticker
SJM    0.028171
dtype: float64","Ticker
SJM    0.234754
dtype: float64"
2022-12-31,KMB,CONSUMER_STAPLES,0.07986236788710087,"Ticker
KMB    0.000848
dtype: float64","Ticker
KMB    0.18668
dtype: float64"
2022-12-31,GIS,CONSUMER_STAPLES,0.08123830379979409,"Ticker
GIS   -0.017836
dtype: float64","Ticker
GIS    0.204798
dtype: float64"
2022-12-31,SO,UTILITIES,0.04441891395891854,"Ticker
SO    0.161561
dtype: float64","Ticker
SO    0.189358
dtype: float64"
2022-12-31,ED,UTILITIES,0.04813277549777215,"Ticker
ED    0.104254
dtype: float64","Ticker
ED    0.192212
dtype: float64"
2022-12-31,CF,MATERIALS,0.014790945957599735,"Ticker
CF    0.228013
dtype: float64","Ticker
CF    0.374392
dtype: float64"
2022-12-31,NEM,MATERIALS,0.033094059865143056,"Ticker
NEM    0.03605
dtype: float64","Ticker
NEM    0.345062
dtype: float64"
2023-01-31,NTNX,TECH,0.03478310351710618,"Ticker
NTNX    0.26669
dtype: float64","Ticker
NTNX    0.503963
dtype: float64"
2023-01-31,BMRN,PHARMA,0.040809435285475364,"Ticker
BMRN   -0.136475
dtype: float64","Ticker
BMRN    0.355326
dtype: float64"
2023-01-31,NBIX,PHARMA,0.047990141210165725,"Ticker
NBIX    0.026498
dtype: float64","Ticker
NBIX    0.352501
dtype: float64"
2023-01-31,AMGN,PHARMA,0.0826124355464978,"Ticker
AMGN    0.072347
dtype: float64","Ticker
AMGN    0.234188
dtype: float64"
2023-01-31,FANG,ENERGY,0.03965962729787725,"Ticker
FANG    0.311581
dtype: float64","Ticker
FANG    0.460193
dtype: float64"
2023-01-31,AXON,DEFENSE,0.010288629891199113,"Ticker
AXON    0.570636
dtype: float64","Ticker
AXON    0.465215
dtype: float64"
2023-01-31,HRL,CONSUMER_STAPLES,0.28990874984957027,"Ticker
HRL   -0.09012
dtype: float64","Ticker
HRL    0.222784
dtype: float64"
2023-01-31,SJM,CONSUMER_STAPLES,0.1930551520954111,"Ticker
SJM    0.028171
dtype: float64","Ticker
SJM    0.234754
dtype: float64"
2023-01-31,CHD,CONSUMER_STAPLES,0.029526955554182208,"Ticker
CHD    0.004064
dtype: float64","Ticker
CHD    0.200843
dtype: float64"
2023-01-31,KMB,CONSUMER_STAPLES,0.12215033048185732,"Ticker
KMB    0.000848
dtype: float64","Ticker
KMB    0.18668
dtype: float64"
2023-01-31,GIS,CONSUMER_STAPLES,0.052904188443623955,"Ticker
GIS   -0.017836
dtype: float64","Ticker
GIS    0.204798
dtype: float64"
2023-01-31,MTB,FINANCIALS,0.009155455901438311,"Ticker
MTB    0.160556
dtype: float64","Ticker
MTB    0.346238
dtype: float64"
2023-01-31,CF,MATERIALS,0.0455571911951985,"Ticker
CF    0.228013
dtype: float64","Ticker
CF    0.374392
dtype: float64"
2023-01-31,NEM,MATERIALS,0.0015986037303969457,"Ticker
NEM    0.03605
dtype: float64","Ticker
NEM    0.345062
dtype: float64"
2023-02-28,NTNX,TECH,0.05443072145557779,"Ticker
NTNX    0.26669
dtype: float64","Ticker
NTNX    0.503963
dtype: float64"
2023-02-28,BMRN,PHARMA,0.05100989931357882,"Ticker
BMRN   -0.136475
dtype: float64","Ticker
BMRN    0.355326
dtype: float64"
2023-02-28,NBIX,PHARMA,0.043102052672099204,"Ticker
NBIX    0.026498
dtype: float64","Ticker
NBIX    0.352501
dtype: float64"
2023-02-28,AMGN,PHARMA,0.047411968890583175,"Ticker
AMGN    0.072347
dtype: float64","Ticker
AMGN    0.234188
dtype: float64"
2023-02-28,REGN,PHARMA,0.00039130569821355684,"Ticker
REGN   -0.012848
dtype: float64","Ticker
REGN    0.300165
dtype: float64"
2023-02-28,FANG,ENERGY,0.06229437117672429,"Ticker
FANG    0.311581
dtype: float64","Ticker
FANG    0.460193
dtype: float64"
2023-02-28,AXON,DEFENSE,0.009345828733379222,"Ticker
AXON    0.570636
dtype: float64","Ticker
AXON    0.465215
dtype: float64"
2023-02-28,HRL,CONSUMER_STAPLES,0.31618075363380727,"Ticker
HRL   -0.09012
dtype: float64","Ticker
HRL    0.222784
dtype: float64"
2023-02-28,SJM,CONSUMER_STAPLES,0.24300216909378672,"Ticker
SJM    0.028171
dtype: float64","Ticker
SJM    0.234754
dtype: float64"
2023-02-28,CHD,CONSUMER_STAPLES,0.03547739846667189,"Ticker
CHD    0.004064
dtype: float64","Ticker
CHD    0.200843
dtype: float64"
2023-02-28,KMB,CONSUMER_STAPLES,0.08450543918704623,"Ticker
KMB    0.000848
dtype: float64","Ticker
KMB    0.18668
dtype: float64"
2023-02-28,GIS,CONSUMER_STAPLES,0.008991209413319967,"Ticker
GIS   -0.017836
dtype: float64","Ticker
GIS    0.204798
dtype: float64"
2023-02-28,MTB,FINANCIALS,0.007908787096596568,"Ticker
MTB    0.160556
dtype: float64","Ticker
MTB    0.346238
dtype: float64"
2023-02-28,CF,MATERIALS,0.03594809516861539,"Ticker
CF    0.228013
dtype: float64","Ticker
CF    0.374392
dtype: float64"
2023-03-31,CDNS,TECH,0.025778954202729562,"Ticker
CDNS    0.262662
dtype: float64","Ticker
CDNS    0.356003
dtype: float64"
2023-03-31,NTNX,TECH,0.04419983888034755,"Ticker
NTNX    0.26669
dtype: float64","Ticker
NTNX    0.503963
dtype: float64"
2023-03-31,BMRN,PHARMA,0.03497589835571903,"Ticker
BMRN   -0.136475
dtype: float64","Ticker
BMRN    0.355326
dtype: float64"
2023-03-31,NBIX,PHARMA,0.05400737432153481,"Ticker
NBIX    0.026498
dtype: float64","Ticker
NBIX    0.352501
dtype: float64"
2023-03-31,AMGN,PHARMA,0.024118154697488042,"Ticker
AMGN    0.072347
dtype: float64","Ticker
AMGN    0.234188
dtype: float64"
2023-03-31,REGN,PHARMA,0.01778396813300492,"Ticker
REGN   -0.012848
dtype: float64","Ticker
REGN    0.300165
dtype: float64"
2023-03-31,FANG,ENERGY,0.028355062470171312,"Ticker
FANG    0.311581
dtype: float64","Ticker
FANG    0.460193
dtype: float64"
2023-03-31,OXY,ENERGY,0.015729178996314225,"Ticker
OXY    0.276342
dtype: float64","Ticker
OXY    0.469472
dtype: float64"
2023-03-31,CTRA,ENERGY,0.011868658460278552,"Ticker
CTRA    0.090614
dtype: float64","Ticker
CTRA    0.352706
dtype: float64"
2023-03-31,AXON,DEFENSE,0.032295157827912514,"Ticker
AXON    0.570636
dtype: float64","Ticker
AXON    0.465215
dtype: float64"
2023-03-31,HRL,CONSUMER_STAPLES,0.23558954282100436,"Ticker
HRL   -0.09012
dtype: float64","Ticker
HRL    0.222784
dtype: float64"
2023-03-31,SJM,CONSUMER_STAPLES,0.31398523193679556,"Ticker
SJM    0.028171
dtype: float64","Ticker
SJM    0.234754
dtype: float64"
2023-03-31,CHD,CONSUMER_STAPLES,0.06185250666167927,"Ticker
CHD    0.004064
dtype: float64","Ticker
CHD    0.200843
dtype: float64"
2023-03-31,KMB,CONSUMER_STAPLES,0.02339746447349969,"Ticker
KMB    0.000848
dtype: float64","Ticker
KMB    0.18668
dtype: float64"
2023-03-31,GIS,CONSUMER_STAPLES,0.04928654428790584,"Ticker
GIS   -0.017836
dtype: float64","Ticker
GIS    0.204798
dtype: float64"
2023-03-31,CF,MATERIALS,0.015325303988969214,"Ticker
CF    0.228013
dtype: float64","Ticker
CF    0.374392
dtype: float64"
2023-03-31,NEM,MATERIALS,0.011451159484645772,"Ticker
NEM    0.03605
dtype: float64","Ticker
NEM    0.345062
dtype: float64"
2023-04-30,CDNS,TECH,0.031835438477585874,"Ticker
CDNS    0.262662
dtype: float64","Ticker
CDNS    0.356003
dtype: float64"
2023-04-30,NTNX,TECH,0.050476215796228685,"Ticker
NTNX    0.26669
dtype: float64","Ticker
NTNX    0.503963
dtype: float64"
2023-04-30,BMRN,PHARMA,0.021683872459530254,"Ticker
BMRN   -0.136475
dtype: float64","Ticker
BMRN    0.355326
dtype: float64"
2023-04-30,NBIX,PHARMA,0.07129145026109707,"Ticker
NBIX    0.026498
dtype: float64","Ticker
NBIX    0.352501
dtype: float64"
2023-04-30,AMGN,PHARMA,0.008887733588870992,"Ticker
AMGN    0.072347
dtype: float64","Ticker
AMGN    0.234188
dtype: float64"
2023-04-30,REGN,PHARMA,0.017318588001296743,"Ticker
REGN   -0.012848
dtype: float64","Ticker
REGN    0.300165
dtype: float64"
2023-04-30,FANG,ENERGY,0.014618457993556174,"Ticker
FANG    0.311581
dtype: float64","Ticker
FANG    0.460193
dtype: float64"
2023-04-30,OXY,ENERGY,0.026557242857971248,"Ticker
OXY    0.276342
dtype: float64","Ticker
OXY    0.469472
dtype: float64"
2023-04-30,CTRA,ENERGY,0.012697272328924425,"Ticker
CTRA    0.090614
dtype: float64","Ticker
CTRA    0.352706
dtype: float64"
2023-04-30,AXON,DEFENSE,0.049626354893288975,"Ticker
AXON    0.570636
dtype: float64","Ticker
AXON    0.465215
dtype: float64"
2023-04-30,DECK,CONSUMER_DISCRETIONARY,5.3923853030108686e-05,"Ticker
DECK    0.23937
dtype: float64","Ticker
DECK    0.426866
dtype: float64"
2023-04-30,HRL,CONSUMER_STAPLES,0.2419154227802092,"Ticker
HRL   -0.09012
dtype: float64","Ticker
HRL    0.222784
dtype: float64"
2023-04-30,SJM,CONSUMER_STAPLES,0.31083071121799777,"Ticker
SJM    0.028171
dtype: float64","Ticker
SJM    0.234754
dtype: float64"
2023-04-30,CHD,CONSUMER_STAPLES,0.019756695066933207,"Ticker
CHD    0.004064
dtype: float64","Ticker
CHD    0.200843
dtype: float64"
2023-04-30,KMB,CONSUMER_STAPLES,0.046189110197374796,"Ticker
KMB    0.000848
dtype: float64","Ticker
KMB    0.18668
dtype: float64"
2023-04-30,GIS,CONSUMER_STAPLES,0.05971466829144154,"Ticker
GIS   -0.017836
dtype: float64","Ticker
GIS    0.204798
dtype: float64"
2023-04-30,CF,MATERIALS,0.016546841934662982,"Ticker
CF    0.228013
dtype: float64","Ticker
CF    0.374392
dtype: float64"
2023-05-31,CDNS,TECH,0.0320235236370494,"Ticker
CDNS    0.262662
dtype: float64","Ticker
CDNS    0.356003
dtype: float64"
2023-05-31,NTNX,TECH,0.06332011735986187,"Ticker
NTNX    0.26669
dtype: float64","Ticker
NTNX    0.503963
dtype: float64"
2023-05-31,BMRN,PHARMA,0.014027556030665007,"Ticker
BMRN   -0.136475
dtype: float64","Ticker
BMRN    0.355326
dtype: float64"
2023-05-31,NBIX,PHARMA,0.056552460720423914,"Ticker
NBIX    0.026498
dtype: float64","Ticker
NBIX    0.352501
dtype: float64"
2023-05-31,AMGN,PHARMA,0.006124018957093362,"Ticker
AMGN    0.072347
dtype: float64","Ticker
AMGN    0.234188
dtype: float64"
2023-05-31,REGN,PHARMA,0.0065513195624838,"Ticker
REGN   -0.012848
dtype: float64","Ticker
REGN    0.300165
dtype: float64"
2023-05-31,OXY,ENERGY,0.03612205681327332,"Ticker
OXY    0.276342
dtype: float64","Ticker
OXY    0.469472
dtype: float64"
2023-05-31,CTRA,ENERGY,0.020539563173158252,"Ticker
CTRA    0.090614
dtype: float64","Ticker
CTRA    0.352706
dtype: float64"
2023-05-31,AXON,DEFENSE,0.05263181548294898,"Ticker
AXON    0.570636
dtype: float64","Ticker
AXON    0.465215
dtype: float64"
2023-05-31,DECK,CONSUMER_DISCRETIONARY,0.019034652989490298,"Ticker
DECK    0.23937
dtype: float64","Ticker
DECK    0.426866
dtype: float64"
2023-05-31,HRL,CONSUMER_STAPLES,0.2081101891130265,"Ticker
HRL   -0.09012
dtype: float64","Ticker
HRL    0.222784
dtype: float64"
2023-05-31,SJM,CONSUMER_STAPLES,0.35929641823365355,"Ticker
SJM    0.028171
dtype: float64","Ticker
SJM    0.234754
dtype: float64"
2023-05-31,CHD,CONSUMER_STAPLES,0.06319547871325079,"Ticker
CHD    0.004064
dtype: float64","Ticker
CHD    0.200843
dtype: float64"
2023-05-31,GIS,CONSUMER_STAPLES,0.053855294766057646,"Ticker
GIS   -0.017836
dtype: float64","Ticker
GIS    0.204798
dtype: float64"
2023-05-31,CF,MATERIALS,0.00861553444756326,"Ticker
CF    0.228013
dtype: float64","Ticker
CF    0.374392
dtype: float64"
2023-06-30,CDNS,TECH,0.028648397193370857,"Ticker
CDNS    0.262662
dtype: float64","Ticker
CDNS    0.356003
dtype: float64"
2023-06-30,KEYS,TECH,0.0015866995847472196,"Ticker
KEYS    0.097949
dtype: float64","Ticker
KEYS    0.30031
dtype: float64"
2023-06-30,NTNX,TECH,0.0478658199993214,"Ticker
NTNX    0.26669
dtype: float64","Ticker
NTNX    0.503963
dtype: float64"
2023-06-30,NBIX,PHARMA,0.033942021734079245,"Ticker
NBIX    0.026498
dtype: float64","Ticker
NBIX    0.352501
dtype: float64"
2023-06-30,TECH,PHARMA,0.010608159740376646,"Ticker
TECH   -0.0363
dtype: float64","Ticker
TECH    0.37036
dtype: float64"
2023-06-30,AMGN,PHARMA,0.051907065344108744,"Ticker
AMGN    0.072347
dtype: float64","Ticker
AMGN    0.234188
dtype: float64"
2023-06-30,REGN,PHARMA,0.011284422828677377,"Ticker
REGN   -0.012848
dtype: float64","Ticker
REGN    0.300165
dtype: float64"
2023-06-30,FANG,ENERGY,0.04033730688445285,"Ticker
FANG    0.311581
dtype: float64","Ticker
FANG    0.460193
dtype: float64"
2023-06-30,CTRA,ENERGY,0.016592288480045802,"Ticker
CTRA    0.090614
dtype: float64","Ticker
CTRA    0.352706
dtype: float64"
2023-06-30,AXON,DEFENSE,0.037303092536759244,"Ticker
AXON    0.570636
dtype: float64","Ticker
AXON    0.465215
dtype: float64"
2023-06-30,DECK,CONSUMER_DISCRETIONARY,0.053185786013790225,"Ticker
DECK    0.23937
dtype: float64","Ticker
DECK    0.426866
dtype: float64"
2023-06-30,SKX,CONSUMER_DISCRETIONARY,0.011299410530559901,"Ticker
SKX    0.163586
dtype: float64","Ticker
SKX    0.398741
dtype: float64"
2023-06-30,HRL,CONSUMER_STAPLES,0.20228821752009093,"Ticker
HRL   -0.09012
dtype: float64","Ticker
HRL    0.222784
dtype: float64"
2023-06-30,CPB,CONSUMER_STAPLES,0.0027990741249558477,"Ticker
CPB   -0.060124
dtype: float64","Ticker
CPB    0.229926
dtype: float64"
2023-06-30,SJM,CONSUMER_STAPLES,0.23459757917776083,"Ticker
SJM    0.028171
dtype: float64","Ticker
SJM    0.234754
dtype: float64"
2023-06-30,CHD,CONSUMER_STAPLES,0.07311245973909457,"Ticker
CHD    0.004064
dtype: float64","Ticker
CHD    0.200843
dtype: float64"
2023-06-30,CLX,CONSUMER_STAPLES,0.0020747803708847006,"Ticker
CLX   -0.089311
dtype: float64","Ticker
CLX    0.254725
dtype: float64"
2023-06-30,KMB,CONSUMER_STAPLES,0.010555490457926803,"Ticker
KMB    0.000848
dtype: float64","Ticker
KMB    0.18668
dtype: float64"
2023-06-30,GIS,CONSUMER_STAPLES,0.04340952413710693,"Ticker
GIS   -0.017836
dtype: float64","Ticker
GIS    0.204798
dtype: float64"
2023-06-30,ED,UTILITIES,0.06173485092329927,"Ticker
ED    0.104254
dtype: float64","Ticker
ED    0.192212
dtype: float64"
2023-06-30,CF,MATERIALS,0.02486755267859056,"Ticker
CF    0.228013
dtype: float64","Ticker
CF    0.374392
dtype: float64"
2023-07-31,SNPS,TECH,0.043863383210782786,"Ticker
SNPS    0.253943
dtype: float64","Ticker
SNPS    0.35592
dtype: float64"
2023-07-31,CDNS,TECH,0.007092446709048661,"Ticker
CDNS    0.262662
dtype: float64","Ticker
CDNS    0.356003
dtype: float64"
2023-07-31,KEYS,TECH,0.012304923239294198,"Ticker
KEYS    0.097949
dtype: float64","Ticker
KEYS    0.30031
dtype: float64"
2023-07-31,NTNX,TECH,0.01814691623304002,"Ticker
NTNX    0.26669
dtype: float64","Ticker
NTNX    0.503963
dtype: float64"
2023-07-31,NBIX,PHARMA,0.010658954182007963,"Ticker
NBIX    0.026498
dtype: float64","Ticker
NBIX    0.352501
dtype: float64"
2023-07-31,HRMY,PHARMA,0.001098097476630117,"Ticker
HRMY   -0.000762
dtype: float64","Ticker
HRMY    0.536614
dtype: float64"
2023-07-31,AMGN,PHARMA,0.08399278008178873,"Ticker
AMGN    0.072347
dtype: float64","Ticker
AMGN    0.234188
dtype: float64"
2023-07-31,REGN,PHARMA,0.003877470296203187,"Ticker
REGN   -0.012848
dtype: float64","Ticker
REGN    0.300165
dtype: float64"
2023-07-31,FANG,ENERGY,0.008645012777261247,"Ticker
FANG    0.311581
dtype: float64","Ticker
FANG    0.460193
dtype: float64"
2023-07-31,OXY,ENERGY,0.005107293132939717,"Ticker
OXY    0.276342
dtype: float64","Ticker
OXY    0.469472
dtype: float64"
2023-07-31,HII,DEFENSE,0.02192875708680653,"Ticker
HII    0.129626
dtype: float64","Ticker
HII    0.298074
dtype: float64"
2023-07-31,KTOS,DEFENSE,0.0032112002655261818,"Ticker
KTOS    0.285773
dtype: float64","Ticker
KTOS    0.465002
dtype: float64"
2023-07-31,BWXT,DEFENSE,0.03365140031658654,"Ticker
BWXT    0.260323
dtype: float64","Ticker
BWXT    0.294112
dtype: float64"
2023-07-31,AXON,DEFENSE,0.03170635651793307,"Ticker
AXON    0.570636
dtype: float64","Ticker
AXON    0.465215
dtype: float64"
2023-07-31,DECK,CONSUMER_DISCRETIONARY,0.07885542531935216,"Ticker
DECK    0.23937
dtype: float64","Ticker
DECK    0.426866
dtype: float64"
2023-07-31,HRL,CONSUMER_STAPLES,0.15087697824747845,"Ticker
HRL   -0.09012
dtype: float64","Ticker
HRL    0.222784
dtype: float64"
2023-07-31,CAG,CONSUMER_STAPLES,0.017934930220755776,"Ticker
CAG   -0.090587
dtype: float64","Ticker
CAG    0.221318
dtype: float64"
2023-07-31,SJM,CONSUMER_STAPLES,0.1061285196881825,"Ticker
SJM    0.028171
dtype: float64","Ticker
SJM    0.234754
dtype: float64"
2023-07-31,CHD,CONSUMER_STAPLES,0.02767005068826887,"Ticker
CHD    0.004064
dtype: float64","Ticker
CHD    0.200843
dtype: float64"
2023-07-31,CLX,CONSUMER_STAPLES,0.06043715729371258,"Ticker
CLX   -0.089311
dtype: float64","Ticker
CLX    0.254725
dtype: float64"
2023-07-31,KMB,CONSUMER_STAPLES,0.0908575650023662,"Ticker
KMB    0.000848
dtype: float64","Ticker
KMB    0.18668
dtype: float64"
2023-07-31,KHC,CONSUMER_STAPLES,0.06398915594774005,"Ticker
KHC   -0.007182
dtype: float64","Ticker
KHC    0.222246
dtype: float64"
2023-07-31,EXC,UTILITIES,0.0032724064166574154,"Ticker
EXC    0.149184
dtype: float64","Ticker
EXC    0.213214
dtype: float64"
2023-07-31,ED,UTILITIES,0.06666324608345015,"Ticker
ED    0.104254
dtype: float64","Ticker
ED    0.192212
dtype: float64"
2023-07-31,CF,MATERIALS,0.032600414789217574,"Ticker
CF    0.228013
dtype: float64","Ticker
CF    0.374392
dtype: float64"
2023-07-31,NEM,MATERIALS,0.015429158776969461,"Ticker
NEM    0.03605
dtype: float64","Ticker
NEM    0.345062
dtype: float64"
2023-08-31,SNPS,TECH,0.06730719612725158,"Ticker
SNPS    0.253943
dtype: float64","Ticker
SNPS    0.35592
dtype: float64"
2023-08-31,KEYS,TECH,0.017960180537224053,"Ticker
KEYS    0.097949
dtype: float64","Ticker
KEYS    0.30031
dtype: float64"
2023-08-31,NTNX,TECH,0.01975803553850303,"Ticker
NTNX    0.26669
dtype: float64","Ticker
NTNX    0.503963
dtype: float64"
2023-08-31,BMRN,PHARMA,0.003473367498500471,"Ticker
BMRN   -0.136475
dtype: float64","Ticker
BMRN    0.355326
dtype: float64"
2023-08-31,NBIX,PHARMA,0.048151206460444615,"Ticker
NBIX    0.026498
dtype: float64","Ticker
NBIX    0.352501
dtype: float64"
2023-08-31,TECH,PHARMA,0.013451647047270851,"Ticker
TECH   -0.0363
dtype: float64","Ticker
TECH    0.37036
dtype: float64"
2023-08-31,HRMY,PHARMA,0.002279987237468616,"Ticker
HRMY   -0.000762
dtype: float64","Ticker
HRMY    0.536614
dtype: float64"
2023-08-31,AMGN,PHARMA,0.062141559451617,"Ticker
AMGN    0.072347
dtype: float64","Ticker
AMGN    0.234188
dtype: float64"
2023-08-31,OXY,ENERGY,0.02113456652762906,"Ticker
OXY    0.276342
dtype: float64","Ticker
OXY    0.469472
dtype: float64"
2023-08-31,HII,DEFENSE,0.01951895282138865,"Ticker
HII    0.129626
dtype: float64","Ticker
HII    0.298074
dtype: float64"
2023-08-31,KTOS,DEFENSE,0.005503848693323427,"Ticker
KTOS    0.285773
dtype: float64","Ticker
KTOS    0.465002
dtype: float64"
2023-08-31,BWXT,DEFENSE,0.01767950282364256,"Ticker
BWXT    0.260323
dtype: float64","Ticker
BWXT    0.294112
dtype: float64"
2023-08-31,AXON,DEFENSE,0.013706594615209827,"Ticker
AXON    0.570636
dtype: float64","Ticker
AXON    0.465215
dtype: float64"
2023-08-31,AVAV,DEFENSE,0.008035324754662104,"Ticker
AVAV    0.247544
dtype: float64","Ticker
AVAV    0.524691
dtype: float64"
2023-08-31,DKS,CONSUMER_DISCRETIONARY,0.017771659376763956,"Ticker
DKS    0.418027
dtype: float64","Ticker
DKS    0.445978
dtype: float64"
2023-08-31,DECK,CONSUMER_DISCRETIONARY,0.07780979019676469,"Ticker
DECK    0.23937
dtype: float64","Ticker
DECK    0.426866
dtype: float64"
2023-08-31,HRL,CONSUMER_STAPLES,0.08722934694367214,"Ticker
HRL   -0.09012
dtype: float64","Ticker
HRL    0.222784
dtype: float64"
2023-08-31,CPB,CONSUMER_STAPLES,0.017775674572938806,"Ticker
CPB   -0.060124
dtype: float64","Ticker
CPB    0.229926
dtype: float64"
2023-08-31,CAG,CONSUMER_STAPLES,0.02633321266246493,"Ticker
CAG   -0.090587
dtype: float64","Ticker
CAG    0.221318
dtype: float64"
2023-08-31,SJM,CONSUMER_STAPLES,0.028362458789086067,"Ticker
SJM    0.028171
dtype: float64","Ticker
SJM    0.234754
dtype: float64"
2023-08-31,CHD,CONSUMER_STAPLES,0.053818339681435914,"Ticker
CHD    0.004064
dtype: float64","Ticker
CHD    0.200843
dtype: float64"
2023-08-31,CLX,CONSUMER_STAPLES,0.04863442536135293,"Ticker
CLX   -0.089311
dtype: float64","Ticker
CLX    0.254725
dtype: float64"
2023-08-31,KMB,CONSUMER_STAPLES,0.11000144708534974,"Ticker
KMB    0.000848
dtype: float64","Ticker
KMB    0.18668
dtype: float64"
2023-08-31,GIS,CONSUMER_STAPLES,0.056094561494282186,"Ticker
GIS   -0.017836
dtype: float64","Ticker
GIS    0.204798
dtype: float64"
2023-08-31,KHC,CONSUMER_STAPLES,0.027472678476351372,"Ticker
KHC   -0.007182
dtype: float64","Ticker
KHC    0.222246
dtype: float64"
2023-08-31,DUK,UTILITIES,0.008687662450575808,"Ticker
DUK    0.12405
dtype: float64","Ticker
DUK    0.185694
dtype: float64"
2023-08-31,EXC,UTILITIES,0.006494419703029974,"Ticker
EXC    0.149184
dtype: float64","Ticker
EXC    0.213214
dtype: float64"
2023-08-31,ED,UTILITIES,0.058787682122709725,"Ticker
ED    0.104254
dtype: float64","Ticker
ED    0.192212
dtype: float64"
2023-08-31,ALB,MATERIALS,0.00894598011131134,"Ticker
ALB   -0.01055
dtype: float64","Ticker
ALB    0.527728
dtype: float64"
2023-08-31,CF,MATERIALS,0.0279206023041316,"Ticker
CF    0.228013
dtype: float64","Ticker
CF    0.374392
dtype: float64"
2023-08-31,NEM,MATERIALS,0.017758088533643048,"Ticker
NEM    0.03605
dtype: float64","Ticker
NEM    0.345062
dtype: float64"
2023-09-30,SNPS,TECH,0.06455108869731872,"Ticker
SNPS    0.253943
dtype: float64","Ticker
SNPS    0.35592
dtype: float64"
2023-09-30,MPWR,TECH,0.0013793802100566526,"Ticker
MPWR    0.250549
dtype: float64","Ticker
MPWR    0.531304
dtype: float64"
2023-09-30,KEYS,TECH,0.02512121497527432,"Ticker
KEYS    0.097949
dtype: float64","Ticker
KEYS    0.30031
dtype: float64"
2023-09-30,NTNX,TECH,0.018995973127205003,"Ticker
NTNX    0.26669
dtype: float64","Ticker
NTNX    0.503963
dtype: float64"
2023-09-30,BMRN,PHARMA,0.009175810032516265,"Ticker
BMRN   -0.136475
dtype: float64","Ticker
BMRN    0.355326
dtype: float64"
2023-09-30,NBIX,PHARMA,0.06192533129709048,"Ticker
NBIX    0.026498
dtype: float64","Ticker
NBIX    0.352501
dtype: float64"
2023-09-30,TECH,PHARMA,0.004736072884212837,"Ticker
TECH   -0.0363
dtype: float64","Ticker
TECH    0.37036
dtype: float64"
2023-09-30,HRMY,PHARMA,0.0018091316644424727,"Ticker
HRMY   -0.000762
dtype: float64","Ticker
HRMY    0.536614
dtype: float64"
2023-09-30,AMGN,PHARMA,0.04696435450716588,"Ticker
AMGN    0.072347
dtype: float64","Ticker
AMGN    0.234188
dtype: float64"
2023-09-30,REGN,PHARMA,0.007002925538277169,"Ticker
REGN   -0.012848
dtype: float64","Ticker
REGN    0.300165
dtype: float64"
2023-09-30,OXY,ENERGY,0.03793459013678952,"Ticker
OXY    0.276342
dtype: float64","Ticker
OXY    0.469472
dtype: float64"
2023-09-30,HEI,DEFENSE,0.020003204375505085,"Ticker
HEI    0.24198
dtype: float64","Ticker
HEI    0.270262
dtype: float64"
2023-09-30,KTOS,DEFENSE,0.006063788084269303,"Ticker
KTOS    0.285773
dtype: float64","Ticker
KTOS    0.465002
dtype: float64"
2023-09-30,BWXT,DEFENSE,0.01740055634648226,"Ticker
BWXT    0.260323
dtype: float64","Ticker
BWXT    0.294112
dtype: float64"
2023-09-30,AXON,DEFENSE,0.0010481129561981848,"Ticker
AXON    0.570636
dtype: float64","Ticker
AXON    0.465215
dtype: float64"
2023-09-30,AVAV,DEFENSE,0.016069376460800797,"Ticker
AVAV    0.247544
dtype: float64","Ticker
AVAV    0.524691
dtype: float64"
2023-09-30,DKS,CONSUMER_DISCRETIONARY,0.022745116118495355,"Ticker
DKS    0.418027
dtype: float64","Ticker
DKS    0.445978
dtype: float64"
2023-09-30,DECK,CONSUMER_DISCRETIONARY,0.0386811182874503,"Ticker
DECK    0.23937
dtype: float64","Ticker
DECK    0.426866
dtype: float64"
2023-09-30,HRL,CONSUMER_STAPLES,0.07321529844121877,"Ticker
HRL   -0.09012
dtype: float64","Ticker
HRL    0.222784
dtype: float64"
2023-09-30,SJM,CONSUMER_STAPLES,0.04047357864636464,"Ticker
SJM    0.028171
dtype: float64","Ticker
SJM    0.234754
dtype: float64"
2023-09-30,CHD,CONSUMER_STAPLES,0.09037951706948369,"Ticker
CHD    0.004064
dtype: float64","Ticker
CHD    0.200843
dtype: float64"
2023-09-30,CLX,CONSUMER_STAPLES,0.042307894914046525,"Ticker
CLX   -0.089311
dtype: float64","Ticker
CLX    0.254725
dtype: float64"
2023-09-30,KMB,CONSUMER_STAPLES,0.11737053154678447,"Ticker
KMB    0.000848
dtype: float64","Ticker
KMB    0.18668
dtype: float64"
2023-09-30,GIS,CONSUMER_STAPLES,0.04199711407156787,"Ticker
GIS   -0.017836
dtype: float64","Ticker
GIS    0.204798
dtype: float64"
2023-09-30,KHC,CONSUMER_STAPLES,0.13403052770702745,"Ticker
KHC   -0.007182
dtype: float64","Ticker
KHC    0.222246
dtype: float64"
2023-09-30,ED,UTILITIES,0.03551318761843842,"Ticker
ED    0.104254
dtype: float64","Ticker
ED    0.192212
dtype: float64"
2023-09-30,ALB,MATERIALS,0.010056318579781953,"Ticker
ALB   -0.01055
dtype: float64","Ticker
ALB    0.527728
dtype: float64"
2023-09-30,CF,MATERIALS,0.003579374982538568,"Ticker
CF    0.228013
dtype: float64","Ticker
CF    0.374392
dtype: float64"
2023-09-30,NEM,MATERIALS,0.009469510723196994,"Ticker
NEM    0.03605
dtype: float64","Ticker
NEM    0.345062
dtype: float64"
2023-10-31,SNPS,TECH,0.06918500507747605,"Ticker
SNPS    0.253943
dtype: float64","Ticker
SNPS    0.35592
dtype: float64"
2023-10-31,KEYS,TECH,0.016672860686717802,"Ticker
KEYS    0.097949
dtype: float64","Ticker
KEYS    0.30031
dtype: float64"
2023-10-31,NTNX,TECH,0.01171093700769508,"Ticker
NTNX    0.26669
dtype: float64","Ticker
NTNX    0.503963
dtype: float64"
2023-10-31,BMRN,PHARMA,0.01901461967007162,"Ticker
BMRN   -0.136475
dtype: float64","Ticker
BMRN    0.355326
dtype: float64"
2023-10-31,NBIX,PHARMA,0.0512192341106071,"Ticker
NBIX    0.026498
dtype: float64","Ticker
NBIX    0.352501
dtype: float64"
2023-10-31,TECH,PHARMA,0.018744027694058456,"Ticker
TECH   -0.0363
dtype: float64","Ticker
TECH    0.37036
dtype: float64"
2023-10-31,INSM,PHARMA,0.00801236689915604,"Ticker
INSM    0.358294
dtype: float64","Ticker
INSM    0.73158
dtype: float64"
2023-10-31,HRMY,PHARMA,0.00104759634596764,"Ticker
HRMY   -0.000762
dtype: float64","Ticker
HRMY    0.536614
dtype: float64"
2023-10-31,AMGN,PHARMA,0.05091264685609508,"Ticker
AMGN    0.072347
dtype: float64","Ticker
AMGN    0.234188
dtype: float64"
2023-10-31,REGN,PHARMA,0.03914315547453576,"Ticker
REGN   -0.012848
dtype: float64","Ticker
REGN    0.300165
dtype: float64"
2023-10-31,FANG,ENERGY,0.03101157842903307,"Ticker
FANG    0.311581
dtype: float64","Ticker
FANG    0.460193
dtype: float64"
2023-10-31,OXY,ENERGY,0.012461927517021703,"Ticker
OXY    0.276342
dtype: float64","Ticker
OXY    0.469472
dtype: float64"
2023-10-31,KTOS,DEFENSE,0.006945000337327388,"Ticker
KTOS    0.285773
dtype: float64","Ticker
KTOS    0.465002
dtype: float64"
2023-10-31,BWXT,DEFENSE,0.0028242047358813327,"Ticker
BWXT    0.260323
dtype: float64","Ticker
BWXT    0.294112
dtype: float64"
2023-10-31,AVAV,DEFENSE,0.013417404304464605,"Ticker
AVAV    0.247544
dtype: float64","Ticker
AVAV    0.524691
dtype: float64"
2023-10-31,IEX,INDUSTRIALS,0.03166127132347019,"Ticker
IEX    0.00007
dtype: float64","Ticker
IEX    0.240761
dtype: float64"
2023-10-31,AME,INDUSTRIALS,0.008955531608914,"Ticker
AME    0.131255
dtype: float64","Ticker
AME    0.217337
dtype: float64"
2023-10-31,DKS,CONSUMER_DISCRETIONARY,0.011678441362266307,"Ticker
DKS    0.418027
dtype: float64","Ticker
DKS    0.445978
dtype: float64"
2023-10-31,DECK,CONSUMER_DISCRETIONARY,0.050325812464584806,"Ticker
DECK    0.23937
dtype: float64","Ticker
DECK    0.426866
dtype: float64"
2023-10-31,HRL,CONSUMER_STAPLES,0.010891444733291303,"Ticker
HRL   -0.09012
dtype: float64","Ticker
HRL    0.222784
dtype: float64"
2023-10-31,SJM,CONSUMER_STAPLES,0.033076398850978156,"Ticker
SJM    0.028171
dtype: float64","Ticker
SJM    0.234754
dtype: float64"
2023-10-31,CHD,CONSUMER_STAPLES,0.12486338068192825,"Ticker
CHD    0.004064
dtype: float64","Ticker
CHD    0.200843
dtype: float64"
2023-10-31,CLX,CONSUMER_STAPLES,0.020524989553646338,"Ticker
CLX   -0.089311
dtype: float64","Ticker
CLX    0.254725
dtype: float64"
2023-10-31,KMB,CONSUMER_STAPLES,0.14036381247303742,"Ticker
KMB    0.000848
dtype: float64","Ticker
KMB    0.18668
dtype: float64"
2023-10-31,GIS,CONSUMER_STAPLES,0.08726418620797097,"Ticker
GIS   -0.017836
dtype: float64","Ticker
GIS    0.204798
dtype: float64"
2023-10-31,KHC,CONSUMER_STAPLES,0.08505906139798375,"Ticker
KHC   -0.007182
dtype: float64","Ticker
KHC    0.222246
dtype: float64"
2023-10-31,ED,UTILITIES,0.016123300011282555,"Ticker
ED    0.104254
dtype: float64","Ticker
ED    0.192212
dtype: float64"
2023-10-31,CF,MATERIALS,8.28633173170877e-06,"Ticker
CF    0.228013
dtype: float64","Ticker
CF    0.374392
dtype: float64"
2023-10-31,NEM,MATERIALS,0.026881517852805726,"Ticker
NEM    0.03605
dtype: float64","Ticker
NEM    0.345062
dtype: float64"
2023-11-30,SNPS,TECH,0.08907989882036602,"Ticker
SNPS    0.253943
dtype: float64","Ticker
SNPS    0.35592
dtype: float64"
2023-11-30,KEYS,TECH,0.021415559986345964,"Ticker
KEYS    0.097949
dtype: float64","Ticker
KEYS    0.30031
dtype: float64"
2023-11-30,BMRN,PHARMA,0.06168478519148167,"Ticker
BMRN   -0.136475
dtype: float64","Ticker
BMRN    0.355326
dtype: float64"
2023-11-30,NBIX,PHARMA,0.021181558257516726,"Ticker
NBIX    0.026498
dtype: float64","Ticker
NBIX    0.352501
dtype: float64"
2023-11-30,TECH,PHARMA,0.007596059481525139,"Ticker
TECH   -0.0363
dtype: float64","Ticker
TECH    0.37036
dtype: float64"
2023-11-30,INSM,PHARMA,0.01661757495621122,"Ticker
INSM    0.358294
dtype: float64","Ticker
INSM    0.73158
dtype: float64"
2023-11-30,HRMY,PHARMA,0.0007617413802951804,"Ticker
HRMY   -0.000762
dtype: float64","Ticker
HRMY    0.536614
dtype: float64"
2023-11-30,AMGN,PHARMA,0.048573367610267704,"Ticker
AMGN    0.072347
dtype: float64","Ticker
AMGN    0.234188
dtype: float64"
2023-11-30,REGN,PHARMA,0.042494476300092975,"Ticker
REGN   -0.012848
dtype: float64","Ticker
REGN    0.300165
dtype: float64"
2023-11-30,VRTX,PHARMA,0.004104515074395919,"Ticker
VRTX    0.075121
dtype: float64","Ticker
VRTX    0.301151
dtype: float64"
2023-11-30,FANG,ENERGY,0.002470998495370394,"Ticker
FANG    0.311581
dtype: float64","Ticker
FANG    0.460193
dtype: float64"
2023-11-30,OXY,ENERGY,0.046558434621249034,"Ticker
OXY    0.276342
dtype: float64","Ticker
OXY    0.469472
dtype: float64"
2023-11-30,TDG,DEFENSE,0.030379644040837955,"Ticker
TDG    0.262196
dtype: float64","Ticker
TDG    0.287537
dtype: float64"
2023-11-30,AVAV,DEFENSE,0.018986746990555987,"Ticker
AVAV    0.247544
dtype: float64","Ticker
AVAV    0.524691
dtype: float64"
2023-11-30,EMR,INDUSTRIALS,0.012596065153988725,"Ticker
EMR    0.162415
dtype: float64","Ticker
EMR    0.263963
dtype: float64"
2023-11-30,IEX,INDUSTRIALS,0.002032266818401763,"Ticker
IEX    0.00007
dtype: float64","Ticker
IEX    0.240761
dtype: float64"
2023-11-30,AME,INDUSTRIALS,0.013395258664309814,"Ticker
AME    0.131255
dtype: float64","Ticker
AME    0.217337
dtype: float64"
2023-11-30,DECK,CONSUMER_DISCRETIONARY,0.057693252336582186,"Ticker
DECK    0.23937
dtype: float64","Ticker
DECK    0.426866
dtype: float64"
2023-11-30,CPB,CONSUMER_STAPLES,0.0010280885663379708,"Ticker
CPB   -0.060124
dtype: float64","Ticker
CPB    0.229926
dtype: float64"
2023-11-30,SJM,CONSUMER_STAPLES,0.06042463669374557,"Ticker
SJM    0.028171
dtype: float64","Ticker
SJM    0.234754
dtype: float64"
2023-11-30,CHD,CONSUMER_STAPLES,0.04179339741708146,"Ticker
CHD    0.004064
dtype: float64","Ticker
CHD    0.200843
dtype: float64"
2023-11-30,KMB,CONSUMER_STAPLES,0.2048137276729952,"Ticker
KMB    0.000848
dtype: float64","Ticker
KMB    0.18668
dtype: float64"
2023-11-30,GIS,CONSUMER_STAPLES,0.1061726973966335,"Ticker
GIS   -0.017836
dtype: float64","Ticker
GIS    0.204798
dtype: float64"
2023-11-30,KHC,CONSUMER_STAPLES,0.028454975155856658,"Ticker
KHC   -0.007182
dtype: float64","Ticker
KHC    0.222246
dtype: float64"
2023-11-30,ED,UTILITIES,0.03453782443613059,"Ticker
ED    0.104254
dtype: float64","Ticker
ED    0.192212
dtype: float64"
2023-11-30,CF,MATERIALS,0.012382919466743516,"Ticker
CF    0.228013
dtype: float64","Ticker
CF    0.374392
dtype: float64"
2023-11-30,NEM,MATERIALS,0.012769529014681327,"Ticker
NEM    0.03605
dtype: float64","Ticker
NEM    0.345062
dtype: float64"
2023-12-31,SNPS,TECH,0.07818618075576757,"Ticker
SNPS    0.253943
dtype: float64","Ticker
SNPS    0.35592
dtype: float64"
2023-12-31,KEYS,TECH,0.029638346720584664,"Ticker
KEYS    0.097949
dtype: float64","Ticker
KEYS    0.30031
dtype: float64"
2023-12-31,BMRN,PHARMA,0.040135577597546074,"Ticker
BMRN   -0.136475
dtype: float64","Ticker
BMRN    0.355326
dtype: float64"
2023-12-31,VTRS,PHARMA,0.0076384991189300065,"Ticker
VTRS   -0.048485
dtype: float64","Ticker
VTRS    0.341892
dtype: float64"
2023-12-31,NBIX,PHARMA,0.016764114173650445,"Ticker
NBIX    0.026498
dtype: float64","Ticker
NBIX    0.352501
dtype: float64"
2023-12-31,INSM,PHARMA,0.011427905701042351,"Ticker
INSM    0.358294
dtype: float64","Ticker
INSM    0.73158
dtype: float64"
2023-12-31,AMGN,PHARMA,0.025012855664850883,"Ticker
AMGN    0.072347
dtype: float64","Ticker
AMGN    0.234188
dtype: float64"
2023-12-31,REGN,PHARMA,0.05634748421498614,"Ticker
REGN   -0.012848
dtype: float64","Ticker
REGN    0.300165
dtype: float64"
2023-12-31,FANG,ENERGY,0.042649622422878425,"Ticker
FANG    0.311581
dtype: float64","Ticker
FANG    0.460193
dtype: float64"
2023-12-31,OXY,ENERGY,0.046508977096407694,"Ticker
OXY    0.276342
dtype: float64","Ticker
OXY    0.469472
dtype: float64"
2023-12-31,AVAV,DEFENSE,0.014149395372217759,"Ticker
AVAV    0.247544
dtype: float64","Ticker
AVAV    0.524691
dtype: float64"
2023-12-31,EMR,INDUSTRIALS,0.016295430375823684,"Ticker
EMR    0.162415
dtype: float64","Ticker
EMR    0.263963
dtype: float64"
2023-12-31,IEX,INDUSTRIALS,0.019537089481522885,"Ticker
IEX    0.00007
dtype: float64","Ticker
IEX    0.240761
dtype: float64"
2023-12-31,AME,INDUSTRIALS,0.05314990089539303,"Ticker
AME    0.131255
dtype: float64","Ticker
AME    0.217337
dtype: float64"
2023-12-31,DKS,CONSUMER_DISCRETIONARY,0.0006921719264109137,"Ticker
DKS    0.418027
dtype: float64","Ticker
DKS    0.445978
dtype: float64"
2023-12-31,DECK,CONSUMER_DISCRETIONARY,0.04635180559294225,"Ticker
DECK    0.23937
dtype: float64","Ticker
DECK    0.426866
dtype: float64"
2023-12-31,SKX,CONSUMER_DISCRETIONARY,0.002278727794402395,"Ticker
SKX    0.163586
dtype: float64","Ticker
SKX    0.398741
dtype: float64"
2023-12-31,SJM,CONSUMER_STAPLES,0.037349727911191156,"Ticker
SJM    0.028171
dtype: float64","Ticker
SJM    0.234754
dtype: float64"
2023-12-31,CHD,CONSUMER_STAPLES,0.07326656228525613,"Ticker
CHD    0.004064
dtype: float64","Ticker
CHD    0.200843
dtype: float64"
2023-12-31,KMB,CONSUMER_STAPLES,0.2013465174437344,"Ticker
KMB    0.000848
dtype: float64","Ticker
KMB    0.18668
dtype: float64"
2023-12-31,GIS,CONSUMER_STAPLES,0.07588438228741226,"Ticker
GIS   -0.017836
dtype: float64","Ticker
GIS    0.204798
dtype: float64"
2023-12-31,KHC,CONSUMER_STAPLES,0.03311690849094397,"Ticker
KHC   -0.007182
dtype: float64","Ticker
KHC    0.222246
dtype: float64"
2023-12-31,ED,UTILITIES,0.052563411184868694,"Ticker
ED    0.104254
dtype: float64","Ticker
ED    0.192212
dtype: float64"
2023-12-31,CF,MATERIALS,0.008563875330428341,"Ticker
CF    0.228013
dtype: float64","Ticker
CF    0.374392
dtype: float64"
2023-12-31,NEM,MATERIALS,0.003108966817701814,"Ticker
NEM    0.03605
dtype: float64","Ticker
NEM    0.345062
dtype: float64"
2023-12-31,VMC,MATERIALS,0.008035563343106095,"Ticker
VMC    0.186418
dtype: float64","Ticker
VMC    0.26907
dtype: float64"
2024-01-31,SNPS,TECH,0.06865301152548413,"Ticker
SNPS    0.253943
dtype: float64","Ticker
SNPS    0.35592
dtype: float64"
2024-01-31,KEYS,TECH,0.048057546481855055,"Ticker
KEYS    0.097949
dtype: float64","Ticker
KEYS    0.30031
dtype: float64"
2024-01-31,NTNX,TECH,0.000861150398512231,"Ticker
NTNX    0.26669
dtype: float64","Ticker
NTNX    0.503963
dtype: float64"
2024-01-31,BMRN,PHARMA,0.03483219348444755,"Ticker
BMRN   -0.136475
dtype: float64","Ticker
BMRN    0.355326
dtype: float64"
2024-01-31,VTRS,PHARMA,0.03849979034729028,"Ticker
VTRS   -0.048485
dtype: float64","Ticker
VTRS    0.341892
dtype: float64"
2024-01-31,NBIX,PHARMA,0.032184543835015865,"Ticker
NBIX    0.026498
dtype: float64","Ticker
NBIX    0.352501
dtype: float64"
2024-01-31,AMGN,PHARMA,0.00956121139850314,"Ticker
AMGN    0.072347
dtype: float64","Ticker
AMGN    0.234188
dtype: float64"
2024-01-31,REGN,PHARMA,0.0842741831434959,"Ticker
REGN   -0.012848
dtype: float64","Ticker
REGN    0.300165
dtype: float64"
2024-01-31,FANG,ENERGY,0.1331523970931033,"Ticker
FANG    0.311581
dtype: float64","Ticker
FANG    0.460193
dtype: float64"
2024-01-31,OXY,ENERGY,0.0014930667447481077,"Ticker
OXY    0.276342
dtype: float64","Ticker
OXY    0.469472
dtype: float64"
2024-01-31,TDG,DEFENSE,0.032317981261536205,"Ticker
TDG    0.262196
dtype: float64","Ticker
TDG    0.287537
dtype: float64"
2024-01-31,EMR,INDUSTRIALS,0.011940587030158573,"Ticker
EMR    0.162415
dtype: float64","Ticker
EMR    0.263963
dtype: float64"
2024-01-31,AME,INDUSTRIALS,0.04636209307817411,"Ticker
AME    0.131255
dtype: float64","Ticker
AME    0.217337
dtype: float64"
2024-01-31,DECK,CONSUMER_DISCRETIONARY,0.03608675130902154,"Ticker
DECK    0.23937
dtype: float64","Ticker
DECK    0.426866
dtype: float64"
2024-01-31,CPB,CONSUMER_STAPLES,0.0007047620842634988,"Ticker
CPB   -0.060124
dtype: float64","Ticker
CPB    0.229926
dtype: float64"
2024-01-31,SJM,CONSUMER_STAPLES,0.00914207458323583,"Ticker
SJM    0.028171
dtype: float64","Ticker
SJM    0.234754
dtype: float64"
2024-01-31,CHD,CONSUMER_STAPLES,0.12946656877961593,"Ticker
CHD    0.004064
dtype: float64","Ticker
CHD    0.200843
dtype: float64"
2024-01-31,KMB,CONSUMER_STAPLES,0.12369425982273738,"Ticker
KMB    0.000848
dtype: float64","Ticker
KMB    0.18668
dtype: float64"
2024-01-31,GIS,CONSUMER_STAPLES,0.02960014680829928,"Ticker
GIS   -0.017836
dtype: float64","Ticker
GIS    0.204798
dtype: float64"
2024-01-31,KHC,CONSUMER_STAPLES,0.05086796691697603,"Ticker
KHC   -0.007182
dtype: float64","Ticker
KHC    0.222246
dtype: float64"
2024-01-31,DUK,UTILITIES,0.013585357375984111,"Ticker
DUK    0.12405
dtype: float64","Ticker
DUK    0.185694
dtype: float64"
2024-01-31,SO,UTILITIES,0.00023823708160462397,"Ticker
SO    0.161561
dtype: float64","Ticker
SO    0.189358
dtype: float64"
2024-01-31,ED,UTILITIES,0.05137800239725867,"Ticker
ED    0.104254
dtype: float64","Ticker
ED    0.192212
dtype: float64"
2024-01-31,CF,MATERIALS,0.013046117018678829,"Ticker
CF    0.228013
dtype: float64","Ticker
CF    0.374392
dtype: float64"
2024-02-29,SNPS,TECH,0.04019689942859958,"Ticker
SNPS    0.253943
dtype: float64","Ticker
SNPS    0.35592
dtype: float64"
2024-02-29,KEYS,TECH,0.029777135004493506,"Ticker
KEYS    0.097949
dtype: float64","Ticker
KEYS    0.30031
dtype: float64"
2024-02-29,BMRN,PHARMA,0.05626152327471316,"Ticker
BMRN   -0.136475
dtype: float64","Ticker
BMRN    0.355326
dtype: float64"
2024-02-29,NBIX,PHARMA,0.026217503134949003,"Ticker
NBIX    0.026498
dtype: float64","Ticker
NBIX    0.352501
dtype: float64"
2024-02-29,AMGN,PHARMA,0.028318953344870987,"Ticker
AMGN    0.072347
dtype: float64","Ticker
AMGN    0.234188
dtype: float64"
2024-02-29,REGN,PHARMA,0.07327996217087122,"Ticker
REGN   -0.012848
dtype: float64","Ticker
REGN    0.300165
dtype: float64"
2024-02-29,VRTX,PHARMA,0.00999448182812606,"Ticker
VRTX    0.075121
dtype: float64","Ticker
VRTX    0.301151
dtype: float64"
2024-02-29,FANG,ENERGY,0.07894740081478147,"Ticker
FANG    0.311581
dtype: float64","Ticker
FANG    0.460193
dtype: float64"
2024-02-29,OXY,ENERGY,0.023366830757662903,"Ticker
OXY    0.276342
dtype: float64","Ticker
OXY    0.469472
dtype: float64"
2024-02-29,CTRA,ENERGY,0.00025085602618830054,"Ticker
CTRA    0.090614
dtype: float64","Ticker
CTRA    0.352706
dtype: float64"
2024-02-29,TDG,DEFENSE,0.01412355121399669,"Ticker
TDG    0.262196
dtype: float64","Ticker
TDG    0.287537
dtype: float64"
2024-02-29,CW,DEFENSE,0.016396631624214595,"Ticker
CW    0.363991
dtype: float64","Ticker
CW    0.279377
dtype: float64"
2024-02-29,LDOS,DEFENSE,0.04706759688470148,"Ticker
LDOS    0.156297
dtype: float64","Ticker
LDOS    0.260302
dtype: float64"
2024-02-29,EMR,INDUSTRIALS,0.04354600592001878,"Ticker
EMR    0.162415
dtype: float64","Ticker
EMR    0.263963
dtype: float64"
2024-02-29,IEX,INDUSTRIALS,0.025660469864662413,"Ticker
IEX    0.00007
dtype: float64","Ticker
IEX    0.240761
dtype: float64"
2024-02-29,AME,INDUSTRIALS,0.04739920285497766,"Ticker
AME    0.131255
dtype: float64","Ticker
AME    0.217337
dtype: float64"
2024-02-29,DECK,CONSUMER_DISCRETIONARY,0.033668407236393666,"Ticker
DECK    0.23937
dtype: float64","Ticker
DECK    0.426866
dtype: float64"
2024-02-29,CPB,CONSUMER_STAPLES,0.02656854248533864,"Ticker
CPB   -0.060124
dtype: float64","Ticker
CPB    0.229926
dtype: float64"
2024-02-29,SJM,CONSUMER_STAPLES,0.01710802645094861,"Ticker
SJM    0.028171
dtype: float64","Ticker
SJM    0.234754
dtype: float64"
2024-02-29,CHD,CONSUMER_STAPLES,0.13016943484054078,"Ticker
CHD    0.004064
dtype: float64","Ticker
CHD    0.200843
dtype: float64"
2024-02-29,KMB,CONSUMER_STAPLES,0.103893007074747,"Ticker
KMB    0.000848
dtype: float64","Ticker
KMB    0.18668
dtype: float64"
2024-02-29,GIS,CONSUMER_STAPLES,0.017565997512764053,"Ticker
GIS   -0.017836
dtype: float64","Ticker
GIS    0.204798
dtype: float64"
2024-02-29,KHC,CONSUMER_STAPLES,0.0244958870706567,"Ticker
KHC   -0.007182
dtype: float64","Ticker
KHC    0.222246
dtype: float64"
2024-02-29,SO,UTILITIES,0.01745120570365894,"Ticker
SO    0.161561
dtype: float64","Ticker
SO    0.189358
dtype: float64"
2024-02-29,ED,UTILITIES,0.006313906797548473,"Ticker
ED    0.104254
dtype: float64","Ticker
ED    0.192212
dtype: float64"
2024-02-29,ECL,MATERIALS,0.030940260903681217,"Ticker
ECL    0.087874
dtype: float64","Ticker
ECL    0.245122
dtype: float64"
2024-02-29,CF,MATERIALS,0.03102031977589402,"Ticker
CF    0.228013
dtype: float64","Ticker
CF    0.374392
dtype: float64"
2024-03-31,SNPS,TECH,0.027464364713789095,"Ticker
SNPS    0.253943
dtype: float64","Ticker
SNPS    0.35592
dtype: float64"
2024-03-31,KEYS,TECH,0.025380696984524165,"Ticker
KEYS    0.097949
dtype: float64","Ticker
KEYS    0.30031
dtype: float64"
2024-03-31,NTNX,TECH,0.006356534274463852,"Ticker
NTNX    0.26669
dtype: float64","Ticker
NTNX    0.503963
dtype: float64"
2024-03-31,BMRN,PHARMA,0.04554295948269805,"Ticker
BMRN   -0.136475
dtype: float64","Ticker
BMRN    0.355326
dtype: float64"
2024-03-31,NBIX,PHARMA,0.025053149678769884,"Ticker
NBIX    0.026498
dtype: float64","Ticker
NBIX    0.352501
dtype: float64"
2024-03-31,AMGN,PHARMA,0.025509507938921806,"Ticker
AMGN    0.072347
dtype: float64","Ticker
AMGN    0.234188
dtype: float64"
2024-03-31,REGN,PHARMA,0.11241505718115677,"Ticker
REGN   -0.012848
dtype: float64","Ticker
REGN    0.300165
dtype: float64"
2024-03-31,FANG,ENERGY,0.0782987251222235,"Ticker
FANG    0.311581
dtype: float64","Ticker
FANG    0.460193
dtype: float64"
2024-03-31,OXY,ENERGY,0.02645855392047502,"Ticker
OXY    0.276342
dtype: float64","Ticker
OXY    0.469472
dtype: float64"
2024-03-31,CTRA,ENERGY,0.006532395380232468,"Ticker
CTRA    0.090614
dtype: float64","Ticker
CTRA    0.352706
dtype: float64"
2024-03-31,TDG,DEFENSE,0.006777034007900883,"Ticker
TDG    0.262196
dtype: float64","Ticker
TDG    0.287537
dtype: float64"
2024-03-31,LDOS,DEFENSE,0.04765110830907902,"Ticker
LDOS    0.156297
dtype: float64","Ticker
LDOS    0.260302
dtype: float64"
2024-03-31,AVAV,DEFENSE,0.006422463671090667,"Ticker
AVAV    0.247544
dtype: float64","Ticker
AVAV    0.524691
dtype: float64"
2024-03-31,EMR,INDUSTRIALS,0.04626723357340406,"Ticker
EMR    0.162415
dtype: float64","Ticker
EMR    0.263963
dtype: float64"
2024-03-31,IEX,INDUSTRIALS,0.021005763959748243,"Ticker
IEX    0.00007
dtype: float64","Ticker
IEX    0.240761
dtype: float64"
2024-03-31,AME,INDUSTRIALS,0.0651321034502477,"Ticker
AME    0.131255
dtype: float64","Ticker
AME    0.217337
dtype: float64"
2024-03-31,DECK,CONSUMER_DISCRETIONARY,0.03291121764571247,"Ticker
DECK    0.23937
dtype: float64","Ticker
DECK    0.426866
dtype: float64"
2024-03-31,CPB,CONSUMER_STAPLES,0.01844509770784407,"Ticker
CPB   -0.060124
dtype: float64","Ticker
CPB    0.229926
dtype: float64"
2024-03-31,SJM,CONSUMER_STAPLES,0.01282440915681903,"Ticker
SJM    0.028171
dtype: float64","Ticker
SJM    0.234754
dtype: float64"
2024-03-31,CHD,CONSUMER_STAPLES,0.12210049855333657,"Ticker
CHD    0.004064
dtype: float64","Ticker
CHD    0.200843
dtype: float64"
2024-03-31,KMB,CONSUMER_STAPLES,0.06967477287842323,"Ticker
KMB    0.000848
dtype: float64","Ticker
KMB    0.18668
dtype: float64"
2024-03-31,GIS,CONSUMER_STAPLES,0.041587330521229655,"Ticker
GIS   -0.017836
dtype: float64","Ticker
GIS    0.204798
dtype: float64"
2024-03-31,KHC,CONSUMER_STAPLES,0.03405620828083095,"Ticker
KHC   -0.007182
dtype: float64","Ticker
KHC    0.222246
dtype: float64"
2024-03-31,DUK,UTILITIES,0.020245081076322273,"Ticker
DUK    0.12405
dtype: float64","Ticker
DUK    0.185694
dtype: float64"
2024-03-31,SO,UTILITIES,0.011089702434103252,"Ticker
SO    0.161561
dtype: float64","Ticker
SO    0.189358
dtype: float64"
2024-03-31,ED,UTILITIES,0.003122446440987557,"Ticker
ED    0.104254
dtype: float64","Ticker
ED    0.192212
dtype: float64"
2024-03-31,ECL,MATERIALS,0.04131911244103747,"Ticker
ECL    0.087874
dtype: float64","Ticker
ECL    0.245122
dtype: float64"
2024-03-31,CF,MATERIALS,0.02035647121462849,"Ticker
CF    0.228013
dtype: float64","Ticker
CF    0.374392
dtype: float64"
2024-04-30,SNPS,TECH,0.009662144695475676,"Ticker
SNPS    0.253943
dtype: float64","Ticker
SNPS    0.35592
dtype: float64"
2024-04-30,CDNS,TECH,0.02649751615109186,"Ticker
CDNS    0.262662
dtype: float64","Ticker
CDNS    0.356003
dtype: float64"
2024-04-30,KEYS,TECH,0.004137135824272158,"Ticker
KEYS    0.097949
dtype: float64","Ticker
KEYS    0.30031
dtype: float64"
2024-04-30,NTNX,TECH,0.0028210609672601134,"Ticker
NTNX    0.26669
dtype: float64","Ticker
NTNX    0.503963
dtype: float64"
2024-04-30,BMRN,PHARMA,0.039214245082683924,"Ticker
BMRN   -0.136475
dtype: float64","Ticker
BMRN    0.355326
dtype: float64"
2024-04-30,NBIX,PHARMA,0.002494818487302163,"Ticker
NBIX    0.026498
dtype: float64","Ticker
NBIX    0.352501
dtype: float64"
2024-04-30,REGN,PHARMA,0.1074627616891549,"Ticker
REGN   -0.012848
dtype: float64","Ticker
REGN    0.300165
dtype: float64"
2024-04-30,VRTX,PHARMA,0.00018021975816344903,"Ticker
VRTX    0.075121
dtype: float64","Ticker
VRTX    0.301151
dtype: float64"
2024-04-30,FANG,ENERGY,0.05620043291967112,"Ticker
FANG    0.311581
dtype: float64","Ticker
FANG    0.460193
dtype: float64"
2024-04-30,OXY,ENERGY,0.060852782443151544,"Ticker
OXY    0.276342
dtype: float64","Ticker
OXY    0.469472
dtype: float64"
2024-04-30,LDOS,DEFENSE,0.08535588334401539,"Ticker
LDOS    0.156297
dtype: float64","Ticker
LDOS    0.260302
dtype: float64"
2024-04-30,AVAV,DEFENSE,0.002262028771037953,"Ticker
AVAV    0.247544
dtype: float64","Ticker
AVAV    0.524691
dtype: float64"
2024-04-30,EMR,INDUSTRIALS,0.024709113938926098,"Ticker
EMR    0.162415
dtype: float64","Ticker
EMR    0.263963
dtype: float64"
2024-04-30,AME,INDUSTRIALS,0.1251938724330101,"Ticker
AME    0.131255
dtype: float64","Ticker
AME    0.217337
dtype: float64"
2024-04-30,DECK,CONSUMER_DISCRETIONARY,0.02677834158846262,"Ticker
DECK    0.23937
dtype: float64","Ticker
DECK    0.426866
dtype: float64"
2024-04-30,SKX,CONSUMER_DISCRETIONARY,0.012313465407062152,"Ticker
SKX    0.163586
dtype: float64","Ticker
SKX    0.398741
dtype: float64"
2024-04-30,CPB,CONSUMER_STAPLES,0.0036104207275700698,"Ticker
CPB   -0.060124
dtype: float64","Ticker
CPB    0.229926
dtype: float64"
2024-04-30,CHD,CONSUMER_STAPLES,0.16772256834771954,"Ticker
CHD    0.004064
dtype: float64","Ticker
CHD    0.200843
dtype: float64"
2024-04-30,GIS,CONSUMER_STAPLES,0.06880269194921075,"Ticker
GIS   -0.017836
dtype: float64","Ticker
GIS    0.204798
dtype: float64"
2024-04-30,KHC,CONSUMER_STAPLES,0.04763861195561051,"Ticker
KHC   -0.007182
dtype: float64","Ticker
KHC    0.222246
dtype: float64"
2024-04-30,ED,UTILITIES,0.04113396196377738,"Ticker
ED    0.104254
dtype: float64","Ticker
ED    0.192212
dtype: float64"
2024-04-30,ECL,MATERIALS,0.0366614627082937,"Ticker
ECL    0.087874
dtype: float64","Ticker
ECL    0.245122
dtype: float64"
2024-04-30,CF,MATERIALS,0.02533931048257128,"Ticker
CF    0.228013
dtype: float64","Ticker
CF    0.374392
dtype: float64"
2024-04-30,NEM,MATERIALS,0.02295514836450543,"Ticker
NEM    0.03605
dtype: float64","Ticker
NEM    0.345062
dtype: float64"
2024-05-31,SNPS,TECH,0.008607692113248154,"Ticker
SNPS    0.253943
dtype: float64","Ticker
SNPS    0.35592
dtype: float64"
2024-05-31,CDNS,TECH,0.04150951216036526,"Ticker
CDNS    0.262662
dtype: float64","Ticker
CDNS    0.356003
dtype: float64"
2024-05-31,FTNT,TECH,0.0039249881648079415,"Ticker
FTNT    0.251993
dtype: float64","Ticker
FTNT    0.431959
dtype: float64"
2024-05-31,NTNX,TECH,0.010344173096324715,"Ticker
NTNX    0.26669
dtype: float64","Ticker
NTNX    0.503963
dtype: float64"
2024-05-31,BMRN,PHARMA,0.030435876473957037,"Ticker
BMRN   -0.136475
dtype: float64","Ticker
BMRN    0.355326
dtype: float64"
2024-05-31,VTRS,PHARMA,0.018163870404370366,"Ticker
VTRS   -0.048485
dtype: float64","Ticker
VTRS    0.341892
dtype: float64"
2024-05-31,NBIX,PHARMA,0.0028300939184148256,"Ticker
NBIX    0.026498
dtype: float64","Ticker
NBIX    0.352501
dtype: float64"
2024-05-31,INSM,PHARMA,0.009291936287835978,"Ticker
INSM    0.358294
dtype: float64","Ticker
INSM    0.73158
dtype: float64"
2024-05-31,REGN,PHARMA,0.1029783633785772,"Ticker
REGN   -0.012848
dtype: float64","Ticker
REGN    0.300165
dtype: float64"
2024-05-31,FANG,ENERGY,0.053386659273246595,"Ticker
FANG    0.311581
dtype: float64","Ticker
FANG    0.460193
dtype: float64"
2024-05-31,OXY,ENERGY,0.03851999279356594,"Ticker
OXY    0.276342
dtype: float64","Ticker
OXY    0.469472
dtype: float64"
2024-05-31,CTRA,ENERGY,0.010828761706430049,"Ticker
CTRA    0.090614
dtype: float64","Ticker
CTRA    0.352706
dtype: float64"
2024-05-31,CW,DEFENSE,0.024826927046585286,"Ticker
CW    0.363991
dtype: float64","Ticker
CW    0.279377
dtype: float64"
2024-05-31,LDOS,DEFENSE,0.10683627549985503,"Ticker
LDOS    0.156297
dtype: float64","Ticker
LDOS    0.260302
dtype: float64"
2024-05-31,EMR,INDUSTRIALS,0.011017999775306365,"Ticker
EMR    0.162415
dtype: float64","Ticker
EMR    0.263963
dtype: float64"
2024-05-31,ALLE,INDUSTRIALS,0.004735823587208901,"Ticker
ALLE    0.119645
dtype: float64","Ticker
ALLE    0.264954
dtype: float64"
2024-05-31,AME,INDUSTRIALS,0.10344335449521641,"Ticker
AME    0.131255
dtype: float64","Ticker
AME    0.217337
dtype: float64"
2024-05-31,DKS,CONSUMER_DISCRETIONARY,0.0028137927061455403,"Ticker
DKS    0.418027
dtype: float64","Ticker
DKS    0.445978
dtype: float64"
2024-05-31,DECK,CONSUMER_DISCRETIONARY,0.024064397619779642,"Ticker
DECK    0.23937
dtype: float64","Ticker
DECK    0.426866
dtype: float64"
2024-05-31,SKX,CONSUMER_DISCRETIONARY,0.019994961163351328,"Ticker
SKX    0.163586
dtype: float64","Ticker
SKX    0.398741
dtype: float64"
2024-05-31,CPB,CONSUMER_STAPLES,0.016349447299192035,"Ticker
CPB   -0.060124
dtype: float64","Ticker
CPB    0.229926
dtype: float64"
2024-05-31,CHD,CONSUMER_STAPLES,0.15259326853927674,"Ticker
CHD    0.004064
dtype: float64","Ticker
CHD    0.200843
dtype: float64"
2024-05-31,GIS,CONSUMER_STAPLES,0.08411681494263067,"Ticker
GIS   -0.017836
dtype: float64","Ticker
GIS    0.204798
dtype: float64"
2024-05-31,KHC,CONSUMER_STAPLES,0.024577429544187384,"Ticker
KHC   -0.007182
dtype: float64","Ticker
KHC    0.222246
dtype: float64"
2024-05-31,ED,UTILITIES,0.024882221681210424,"Ticker
ED    0.104254
dtype: float64","Ticker
ED    0.192212
dtype: float64"
2024-05-31,ECL,MATERIALS,0.016447635902558433,"Ticker
ECL    0.087874
dtype: float64","Ticker
ECL    0.245122
dtype: float64"
2024-05-31,CF,MATERIALS,0.01805265103431495,"Ticker
CF    0.228013
dtype: float64","Ticker
CF    0.374392
dtype: float64"
2024-05-31,NEM,MATERIALS,0.01684831133908012,"Ticker
NEM    0.03605
dtype: float64","Ticker
NEM    0.345062
dtype: float64"
2024-05-31,NUE,MATERIALS,0.017576768052956746,"Ticker
NUE    0.280128
dtype: float64","Ticker
NUE    0.389583
dtype: float64"
2024-06-30,SNPS,TECH,0.00013251647228236215,"Ticker
SNPS    0.253943
dtype: float64","Ticker
SNPS    0.35592
dtype: float64"
2024-06-30,CDNS,TECH,0.05194761819733864,"Ticker
CDNS    0.262662
dtype: float64","Ticker
CDNS    0.356003
dtype: float64"
2024-06-30,FTNT,TECH,0.008816310156958504,"Ticker
FTNT    0.251993
dtype: float64","Ticker
FTNT    0.431959
dtype: float64"
2024-06-30,NTNX,TECH,0.007396913113036621,"Ticker
NTNX    0.26669
dtype: float64","Ticker
NTNX    0.503963
dtype: float64"
2024-06-30,BMRN,PHARMA,0.020981278715194642,"Ticker
BMRN   -0.136475
dtype: float64","Ticker
BMRN    0.355326
dtype: float64"
2024-06-30,VTRS,PHARMA,0.009587676163372893,"Ticker
VTRS   -0.048485
dtype: float64","Ticker
VTRS    0.341892
dtype: float64"
2024-06-30,NBIX,PHARMA,0.011427253300505959,"Ticker
NBIX    0.026498
dtype: float64","Ticker
NBIX    0.352501
dtype: float64"
2024-06-30,INSM,PHARMA,0.009636998996127508,"Ticker
INSM    0.358294
dtype: float64","Ticker
INSM    0.73158
dtype: float64"
2024-06-30,REGN,PHARMA,0.07350258777402303,"Ticker
REGN   -0.012848
dtype: float64","Ticker
REGN    0.300165
dtype: float64"
2024-06-30,FANG,ENERGY,0.03442581715342855,"Ticker
FANG    0.311581
dtype: float64","Ticker
FANG    0.460193
dtype: float64"
2024-06-30,OXY,ENERGY,0.04358940020753141,"Ticker
OXY    0.276342
dtype: float64","Ticker
OXY    0.469472
dtype: float64"
2024-06-30,CTRA,ENERGY,0.0002234942219728075,"Ticker
CTRA    0.090614
dtype: float64","Ticker
CTRA    0.352706
dtype: float64"
2024-06-30,TDG,DEFENSE,0.0030996762769939794,"Ticker
TDG    0.262196
dtype: float64","Ticker
TDG    0.287537
dtype: float64"
2024-06-30,CW,DEFENSE,0.04757177626118585,"Ticker
CW    0.363991
dtype: float64","Ticker
CW    0.279377
dtype: float64"
2024-06-30,LDOS,DEFENSE,0.11572317098579323,"Ticker
LDOS    0.156297
dtype: float64","Ticker
LDOS    0.260302
dtype: float64"
2024-06-30,AXON,DEFENSE,0.013880121222085257,"Ticker
AXON    0.570636
dtype: float64","Ticker
AXON    0.465215
dtype: float64"
2024-06-30,AVAV,DEFENSE,0.0039996832667619905,"Ticker
AVAV    0.247544
dtype: float64","Ticker
AVAV    0.524691
dtype: float64"
2024-06-30,EMR,INDUSTRIALS,0.0010596779264590438,"Ticker
EMR    0.162415
dtype: float64","Ticker
EMR    0.263963
dtype: float64"
2024-06-30,ALLE,INDUSTRIALS,0.03115956814817578,"Ticker
ALLE    0.119645
dtype: float64","Ticker
ALLE    0.264954
dtype: float64"
2024-06-30,AME,INDUSTRIALS,0.0619801124660292,"Ticker
AME    0.131255
dtype: float64","Ticker
AME    0.217337
dtype: float64"
2024-06-30,DKS,CONSUMER_DISCRETIONARY,0.007019563175842807,"Ticker
DKS    0.418027
dtype: float64","Ticker
DKS    0.445978
dtype: float64"
2024-06-30,DECK,CONSUMER_DISCRETIONARY,0.02311457172590795,"Ticker
DECK    0.23937
dtype: float64","Ticker
DECK    0.426866
dtype: float64"
2024-06-30,SKX,CONSUMER_DISCRETIONARY,0.0028751407474171585,"Ticker
SKX    0.163586
dtype: float64","Ticker
SKX    0.398741
dtype: float64"
2024-06-30,CPB,CONSUMER_STAPLES,0.05275959144147397,"Ticker
CPB   -0.060124
dtype: float64","Ticker
CPB    0.229926
dtype: float64"
2024-06-30,CHD,CONSUMER_STAPLES,0.13110589171383974,"Ticker
CHD    0.004064
dtype: float64","Ticker
CHD    0.200843
dtype: float64"
2024-06-30,GIS,CONSUMER_STAPLES,0.011695855663355017,"Ticker
GIS   -0.017836
dtype: float64","Ticker
GIS    0.204798
dtype: float64"
2024-06-30,KHC,CONSUMER_STAPLES,0.05304017569490851,"Ticker
KHC   -0.007182
dtype: float64","Ticker
KHC    0.222246
dtype: float64"
2024-06-30,DUK,UTILITIES,0.06628980991694206,"Ticker
DUK    0.12405
dtype: float64","Ticker
DUK    0.185694
dtype: float64"
2024-06-30,XEL,UTILITIES,0.0016629195286503797,"Ticker
XEL    0.036885
dtype: float64","Ticker
XEL    0.210001
dtype: float64"
2024-06-30,ED,UTILITIES,0.0024043312468539414,"Ticker
ED    0.104254
dtype: float64","Ticker
ED    0.192212
dtype: float64"
2024-06-30,ECL,MATERIALS,0.019511667745683966,"Ticker
ECL    0.087874
dtype: float64","Ticker
ECL    0.245122
dtype: float64"
2024-06-30,CF,MATERIALS,0.03610661281849941,"Ticker
CF    0.228013
dtype: float64","Ticker
CF    0.374392
dtype: float64"
2024-06-30,NEM,MATERIALS,0.0071338596179971086,"Ticker
NEM    0.03605
dtype: float64","Ticker
NEM    0.345062
dtype: float64"
2024-06-30,NUE,MATERIALS,0.03513835793737077,"Ticker
NUE    0.280128
dtype: float64","Ticker
NUE    0.389583
dtype: float64"
2024-07-31,CDNS,TECH,0.04785448142763016,"Ticker
CDNS    0.262662
dtype: float64","Ticker
CDNS    0.356003
dtype: float64"
2024-07-31,FTNT,TECH,0.01951898388570406,"Ticker
FTNT    0.251993
dtype: float64","Ticker
FTNT    0.431959
dtype: float64"
2024-07-31,NTNX,TECH,0.01970062197398828,"Ticker
NTNX    0.26669
dtype: float64","Ticker
NTNX    0.503963
dtype: float64"
2024-07-31,VTRS,PHARMA,0.02098887874263141,"Ticker
VTRS   -0.048485
dtype: float64","Ticker
VTRS    0.341892
dtype: float64"
2024-07-31,NBIX,PHARMA,0.03260452589256034,"Ticker
NBIX    0.026498
dtype: float64","Ticker
NBIX    0.352501
dtype: float64"
2024-07-31,INSM,PHARMA,0.010164062619636352,"Ticker
INSM    0.358294
dtype: float64","Ticker
INSM    0.73158
dtype: float64"
2024-07-31,HRMY,PHARMA,0.0069751320745286465,"Ticker
HRMY   -0.000762
dtype: float64","Ticker
HRMY    0.536614
dtype: float64"
2024-07-31,REGN,PHARMA,0.053149201814678144,"Ticker
REGN   -0.012848
dtype: float64","Ticker
REGN    0.300165
dtype: float64"
2024-07-31,VRTX,PHARMA,0.0007992343164557802,"Ticker
VRTX    0.075121
dtype: float64","Ticker
VRTX    0.301151
dtype: float64"
2024-07-31,FANG,ENERGY,0.007415097644228575,"Ticker
FANG    0.311581
dtype: float64","Ticker
FANG    0.460193
dtype: float64"
2024-07-31,OXY,ENERGY,0.09192405044228413,"Ticker
OXY    0.276342
dtype: float64","Ticker
OXY    0.469472
dtype: float64"
2024-07-31,TDG,DEFENSE,0.0026464632560100937,"Ticker
TDG    0.262196
dtype: float64","Ticker
TDG    0.287537
dtype: float64"
2024-07-31,CW,DEFENSE,0.003891673057885531,"Ticker
CW    0.363991
dtype: float64","Ticker
CW    0.279377
dtype: float64"
2024-07-31,LDOS,DEFENSE,0.12101584449466127,"Ticker
LDOS    0.156297
dtype: float64","Ticker
LDOS    0.260302
dtype: float64"
2024-07-31,AXON,DEFENSE,0.03087727278773184,"Ticker
AXON    0.570636
dtype: float64","Ticker
AXON    0.465215
dtype: float64"
2024-07-31,AVAV,DEFENSE,0.008389238168599438,"Ticker
AVAV    0.247544
dtype: float64","Ticker
AVAV    0.524691
dtype: float64"
2024-07-31,AME,INDUSTRIALS,0.04555956772274798,"Ticker
AME    0.131255
dtype: float64","Ticker
AME    0.217337
dtype: float64"
2024-07-31,DKS,CONSUMER_DISCRETIONARY,0.008110913243826996,"Ticker
DKS    0.418027
dtype: float64","Ticker
DKS    0.445978
dtype: float64"
2024-07-31,CPB,CONSUMER_STAPLES,0.03342882884892179,"Ticker
CPB   -0.060124
dtype: float64","Ticker
CPB    0.229926
dtype: float64"
2024-07-31,CHD,CONSUMER_STAPLES,0.12813272715070584,"Ticker
CHD    0.004064
dtype: float64","Ticker
CHD    0.200843
dtype: float64"
2024-07-31,GIS,CONSUMER_STAPLES,0.004453705218248251,"Ticker
GIS   -0.017836
dtype: float64","Ticker
GIS    0.204798
dtype: float64"
2024-07-31,KHC,CONSUMER_STAPLES,0.07431596547938588,"Ticker
KHC   -0.007182
dtype: float64","Ticker
KHC    0.222246
dtype: float64"
2024-07-31,RJF,FINANCIALS,0.052241030088884394,"Ticker
RJF    0.286353
dtype: float64","Ticker
RJF    0.285538
dtype: float64"
2024-07-31,DUK,UTILITIES,0.07768942030383011,"Ticker
DUK    0.12405
dtype: float64","Ticker
DUK    0.185694
dtype: float64"
2024-07-31,SO,UTILITIES,0.031724058319569495,"Ticker
SO    0.161561
dtype: float64","Ticker
SO    0.189358
dtype: float64"
2024-07-31,XEL,UTILITIES,0.029046219341786868,"Ticker
XEL    0.036885
dtype: float64","Ticker
XEL    0.210001
dtype: float64"
2024-07-31,ECL,MATERIALS,0.015923015228448068,"Ticker
ECL    0.087874
dtype: float64","Ticker
ECL    0.245122
dtype: float64"
2024-07-31,CF,MATERIALS,0.012556438304305218,"Ticker
CF    0.228013
dtype: float64","Ticker
CF    0.374392
dtype: float64"
2024-07-31,NUE,MATERIALS,0.00890334815012512,"Ticker
NUE    0.280128
dtype: float64","Ticker
NUE    0.389583
dtype: float64"
2024-08-31,CDNS,TECH,0.016121094793379014,"Ticker
CDNS    0.262662
dtype: float64","Ticker
CDNS    0.356003
dtype: float64"
2024-08-31,MPWR,TECH,0.0062741280945173335,"Ticker
MPWR    0.250549
dtype: float64","Ticker
MPWR    0.531304
dtype: float64"
2024-08-31,FTNT,TECH,0.010640139107007038,"Ticker
FTNT    0.251993
dtype: float64","Ticker
FTNT    0.431959
dtype: float64"
2024-08-31,NTNX,TECH,0.018520034752050885,"Ticker
NTNX    0.26669
dtype: float64","Ticker
NTNX    0.503963
dtype: float64"
2024-08-31,BMRN,PHARMA,0.008363413074624527,"Ticker
BMRN   -0.136475
dtype: float64","Ticker
BMRN    0.355326
dtype: float64"
2024-08-31,NBIX,PHARMA,0.024426819894643,"Ticker
NBIX    0.026498
dtype: float64","Ticker
NBIX    0.352501
dtype: float64"
2024-08-31,INSM,PHARMA,0.013541711312656865,"Ticker
INSM    0.358294
dtype: float64","Ticker
INSM    0.73158
dtype: float64"
2024-08-31,REGN,PHARMA,0.01349405166577469,"Ticker
REGN   -0.012848
dtype: float64","Ticker
REGN    0.300165
dtype: float64"
2024-08-31,VRTX,PHARMA,0.07740138946839344,"Ticker
VRTX    0.075121
dtype: float64","Ticker
VRTX    0.301151
dtype: float64"
2024-08-31,FANG,ENERGY,0.003857432845793911,"Ticker
FANG    0.311581
dtype: float64","Ticker
FANG    0.460193
dtype: float64"
2024-08-31,OXY,ENERGY,0.04782782126170621,"Ticker
OXY    0.276342
dtype: float64","Ticker
OXY    0.469472
dtype: float64"
2024-08-31,HII,DEFENSE,5.970225620650888e-05,"Ticker
HII    0.129626
dtype: float64","Ticker
HII    0.298074
dtype: float64"
2024-08-31,TDG,DEFENSE,0.013367863329406808,"Ticker
TDG    0.262196
dtype: float64","Ticker
TDG    0.287537
dtype: float64"
2024-08-31,KTOS,DEFENSE,0.0018240610367967068,"Ticker
KTOS    0.285773
dtype: float64","Ticker
KTOS    0.465002
dtype: float64"
2024-08-31,LDOS,DEFENSE,0.1309686177802806,"Ticker
LDOS    0.156297
dtype: float64","Ticker
LDOS    0.260302
dtype: float64"
2024-08-31,AXON,DEFENSE,0.021997023205866845,"Ticker
AXON    0.570636
dtype: float64","Ticker
AXON    0.465215
dtype: float64"
2024-08-31,AVAV,DEFENSE,0.008386553244664018,"Ticker
AVAV    0.247544
dtype: float64","Ticker
AVAV    0.524691
dtype: float64"
2024-08-31,AME,INDUSTRIALS,0.06421287471411617,"Ticker
AME    0.131255
dtype: float64","Ticker
AME    0.217337
dtype: float64"
2024-08-31,DKS,CONSUMER_DISCRETIONARY,0.013419970134499613,"Ticker
DKS    0.418027
dtype: float64","Ticker
DKS    0.445978
dtype: float64"
2024-08-31,CPB,CONSUMER_STAPLES,0.06402794074236651,"Ticker
CPB   -0.060124
dtype: float64","Ticker
CPB    0.229926
dtype: float64"
2024-08-31,CHD,CONSUMER_STAPLES,0.1366999387427827,"Ticker
CHD    0.004064
dtype: float64","Ticker
CHD    0.200843
dtype: float64"
2024-08-31,CLX,CONSUMER_STAPLES,0.006354225784194624,"Ticker
CLX   -0.089311
dtype: float64","Ticker
CLX    0.254725
dtype: float64"
2024-08-31,GIS,CONSUMER_STAPLES,0.040076784380281553,"Ticker
GIS   -0.017836
dtype: float64","Ticker
GIS    0.204798
dtype: float64"
2024-08-31,KHC,CONSUMER_STAPLES,0.04217258524101973,"Ticker
KHC   -0.007182
dtype: float64","Ticker
KHC    0.222246
dtype: float64"
2024-08-31,RJF,FINANCIALS,0.030735104609015334,"Ticker
RJF    0.286353
dtype: float64","Ticker
RJF    0.285538
dtype: float64"
2024-08-31,DUK,UTILITIES,0.03869573356229917,"Ticker
DUK    0.12405
dtype: float64","Ticker
DUK    0.185694
dtype: float64"
2024-08-31,SO,UTILITIES,0.044752611272962414,"Ticker
SO    0.161561
dtype: float64","Ticker
SO    0.189358
dtype: float64"
2024-08-31,XEL,UTILITIES,0.024556196378224412,"Ticker
XEL    0.036885
dtype: float64","Ticker
XEL    0.210001
dtype: float64"
2024-08-31,ED,UTILITIES,0.048024683459086406,"Ticker
ED    0.104254
dtype: float64","Ticker
ED    0.192212
dtype: float64"
2024-08-31,NUE,MATERIALS,0.029199493855383132,"Ticker
NUE    0.280128
dtype: float64","Ticker
NUE    0.389583
dtype: float64"
2024-09-30,CDNS,TECH,0.03067165189005889,"Ticker
CDNS    0.262662
dtype: float64","Ticker
CDNS    0.356003
dtype: float64"
2024-09-30,MPWR,TECH,0.004485646564189678,"Ticker
MPWR    0.250549
dtype: float64","Ticker
MPWR    0.531304
dtype: float64"
2024-09-30,FTNT,TECH,0.014841684876725974,"Ticker
FTNT    0.251993
dtype: float64","Ticker
FTNT    0.431959
dtype: float64"
2024-09-30,NTNX,TECH,0.015662406647839647,"Ticker
NTNX    0.26669
dtype: float64","Ticker
NTNX    0.503963
dtype: float64"
2024-09-30,BMRN,PHARMA,0.016629393669674107,"Ticker
BMRN   -0.136475
dtype: float64","Ticker
BMRN    0.355326
dtype: float64"
2024-09-30,NBIX,PHARMA,0.030608104924478362,"Ticker
NBIX    0.026498
dtype: float64","Ticker
NBIX    0.352501
dtype: float64"
2024-09-30,INSM,PHARMA,0.01295431159853635,"Ticker
INSM    0.358294
dtype: float64","Ticker
INSM    0.73158
dtype: float64"
2024-09-30,VRTX,PHARMA,0.06131415865044341,"Ticker
VRTX    0.075121
dtype: float64","Ticker
VRTX    0.301151
dtype: float64"
2024-09-30,OXY,ENERGY,0.036339533470770985,"Ticker
OXY    0.276342
dtype: float64","Ticker
OXY    0.469472
dtype: float64"
2024-09-30,TDG,DEFENSE,0.006673268027465381,"Ticker
TDG    0.262196
dtype: float64","Ticker
TDG    0.287537
dtype: float64"
2024-09-30,KTOS,DEFENSE,0.008396709418641592,"Ticker
KTOS    0.285773
dtype: float64","Ticker
KTOS    0.465002
dtype: float64"
2024-09-30,LDOS,DEFENSE,0.12218257430580542,"Ticker
LDOS    0.156297
dtype: float64","Ticker
LDOS    0.260302
dtype: float64"
2024-09-30,AXON,DEFENSE,0.01834828314197098,"Ticker
AXON    0.570636
dtype: float64","Ticker
AXON    0.465215
dtype: float64"
2024-09-30,AVAV,DEFENSE,0.0035057116906722966,"Ticker
AVAV    0.247544
dtype: float64","Ticker
AVAV    0.524691
dtype: float64"
2024-09-30,AME,INDUSTRIALS,0.06927910487413132,"Ticker
AME    0.131255
dtype: float64","Ticker
AME    0.217337
dtype: float64"
2024-09-30,DKS,CONSUMER_DISCRETIONARY,0.01824729175532472,"Ticker
DKS    0.418027
dtype: float64","Ticker
DKS    0.445978
dtype: float64"
2024-09-30,HRL,CONSUMER_STAPLES,0.007004728580520146,"Ticker
HRL   -0.09012
dtype: float64","Ticker
HRL    0.222784
dtype: float64"
2024-09-30,CPB,CONSUMER_STAPLES,0.05195979515880266,"Ticker
CPB   -0.060124
dtype: float64","Ticker
CPB    0.229926
dtype: float64"
2024-09-30,CHD,CONSUMER_STAPLES,0.1334267247826637,"Ticker
CHD    0.004064
dtype: float64","Ticker
CHD    0.200843
dtype: float64"
2024-09-30,CLX,CONSUMER_STAPLES,0.005878367044795542,"Ticker
CLX   -0.089311
dtype: float64","Ticker
CLX    0.254725
dtype: float64"
2024-09-30,GIS,CONSUMER_STAPLES,0.07057709792797015,"Ticker
GIS   -0.017836
dtype: float64","Ticker
GIS    0.204798
dtype: float64"
2024-09-30,KHC,CONSUMER_STAPLES,0.04429719787081016,"Ticker
KHC   -0.007182
dtype: float64","Ticker
KHC    0.222246
dtype: float64"
2024-09-30,RJF,FINANCIALS,0.02900495535052038,"Ticker
RJF    0.286353
dtype: float64","Ticker
RJF    0.285538
dtype: float64"
2024-09-30,DUK,UTILITIES,0.04562200329720392,"Ticker
DUK    0.12405
dtype: float64","Ticker
DUK    0.185694
dtype: float64"
2024-09-30,SO,UTILITIES,0.04539014283809451,"Ticker
SO    0.161561
dtype: float64","Ticker
SO    0.189358
dtype: float64"
2024-09-30,XEL,UTILITIES,0.029273462397101435,"Ticker
XEL    0.036885
dtype: float64","Ticker
XEL    0.210001
dtype: float64"
2024-09-30,ED,UTILITIES,0.0350332509875054,"Ticker
ED    0.104254
dtype: float64","Ticker
ED    0.192212
dtype: float64"
2024-09-30,WEC,UTILITIES,0.009288888914147959,"Ticker
WEC    0.066018
dtype: float64","Ticker
WEC    0.197577
dtype: float64"
2024-09-30,NUE,MATERIALS,0.023103549343135004,"Ticker
NUE    0.280128
dtype: float64","Ticker
NUE    0.389583
dtype: float64"
2024-10-31,CDNS,TECH,0.015669845638663353,"Ticker
CDNS    0.262662
dtype: float64","Ticker
CDNS    0.356003
dtype: float64"
2024-10-31,MPWR,TECH,0.004145618975509839,"Ticker
MPWR    0.250549
dtype: float64","Ticker
MPWR    0.531304
dtype: float64"
2024-10-31,FTNT,TECH,0.017799162530014713,"Ticker
FTNT    0.251993
dtype: float64","Ticker
FTNT    0.431959
dtype: float64"
2024-10-31,NTNX,TECH,0.018701952363279373,"Ticker
NTNX    0.26669
dtype: float64","Ticker
NTNX    0.503963
dtype: float64"
2024-10-31,BMRN,PHARMA,0.025673298667769087,"Ticker
BMRN   -0.136475
dtype: float64","Ticker
BMRN    0.355326
dtype: float64"
2024-10-31,NBIX,PHARMA,0.027430034259731135,"Ticker
NBIX    0.026498
dtype: float64","Ticker
NBIX    0.352501
dtype: float64"
2024-10-31,INSM,PHARMA,0.012219289491827703,"Ticker
INSM    0.358294
dtype: float64","Ticker
INSM    0.73158
dtype: float64"
2024-10-31,VRTX,PHARMA,0.06325380429687023,"Ticker
VRTX    0.075121
dtype: float64","Ticker
VRTX    0.301151
dtype: float64"
2024-10-31,FANG,ENERGY,0.03618571772057754,"Ticker
FANG    0.311581
dtype: float64","Ticker
FANG    0.460193
dtype: float64"
2024-10-31,OXY,ENERGY,0.034393256598340756,"Ticker
OXY    0.276342
dtype: float64","Ticker
OXY    0.469472
dtype: float64"
2024-10-31,EQT,ENERGY,0.012807732166154311,"Ticker
EQT    0.269255
dtype: float64","Ticker
EQT    0.467437
dtype: float64"
2024-10-31,TDG,DEFENSE,0.0001371379296494726,"Ticker
TDG    0.262196
dtype: float64","Ticker
TDG    0.287537
dtype: float64"
2024-10-31,KTOS,DEFENSE,0.0054288540448976285,"Ticker
KTOS    0.285773
dtype: float64","Ticker
KTOS    0.465002
dtype: float64"
2024-10-31,LDOS,DEFENSE,0.08982313722083736,"Ticker
LDOS    0.156297
dtype: float64","Ticker
LDOS    0.260302
dtype: float64"
2024-10-31,AXON,DEFENSE,0.013763371487937465,"Ticker
AXON    0.570636
dtype: float64","Ticker
AXON    0.465215
dtype: float64"
2024-10-31,AVAV,DEFENSE,0.0020453989202070264,"Ticker
AVAV    0.247544
dtype: float64","Ticker
AVAV    0.524691
dtype: float64"
2024-10-31,AME,INDUSTRIALS,0.08216487389857992,"Ticker
AME    0.131255
dtype: float64","Ticker
AME    0.217337
dtype: float64"
2024-10-31,DKS,CONSUMER_DISCRETIONARY,0.011493338859251306,"Ticker
DKS    0.418027
dtype: float64","Ticker
DKS    0.445978
dtype: float64"
2024-10-31,MKC,CONSUMER_STAPLES,0.022918772812090298,"Ticker
MKC   -0.053936
dtype: float64","Ticker
MKC    0.227252
dtype: float64"
2024-10-31,HRL,CONSUMER_STAPLES,0.012738447298556792,"Ticker
HRL   -0.09012
dtype: float64","Ticker
HRL    0.222784
dtype: float64"
2024-10-31,CPB,CONSUMER_STAPLES,0.06038956941923731,"Ticker
CPB   -0.060124
dtype: float64","Ticker
CPB    0.229926
dtype: float64"
2024-10-31,CHD,CONSUMER_STAPLES,0.13648530277320983,"Ticker
CHD    0.004064
dtype: float64","Ticker
CHD    0.200843
dtype: float64"
2024-10-31,GIS,CONSUMER_STAPLES,0.07421715320596081,"Ticker
GIS   -0.017836
dtype: float64","Ticker
GIS    0.204798
dtype: float64"
2024-10-31,KHC,CONSUMER_STAPLES,0.022874321005236488,"Ticker
KHC   -0.007182
dtype: float64","Ticker
KHC    0.222246
dtype: float64"
2024-10-31,RJF,FINANCIALS,0.0014302623619821795,"Ticker
RJF    0.286353
dtype: float64","Ticker
RJF    0.285538
dtype: float64"
2024-10-31,DUK,UTILITIES,0.026853901552663647,"Ticker
DUK    0.12405
dtype: float64","Ticker
DUK    0.185694
dtype: float64"
2024-10-31,XEL,UTILITIES,0.043948199464413217,"Ticker
XEL    0.036885
dtype: float64","Ticker
XEL    0.210001
dtype: float64"
2024-10-31,ED,UTILITIES,0.03344643893424958,"Ticker
ED    0.104254
dtype: float64","Ticker
ED    0.192212
dtype: float64"
2024-10-31,PEG,UTILITIES,0.01756227361669133,"Ticker
PEG    0.131176
dtype: float64","Ticker
PEG    0.208917
dtype: float64"
2024-10-31,WEC,UTILITIES,0.014108465033576333,"Ticker
WEC    0.066018
dtype: float64","Ticker
WEC    0.197577
dtype: float64"
2024-10-31,APD,MATERIALS,0.03978519228051574,"Ticker
APD    0.024946
dtype: float64","Ticker
APD    0.262719
dtype: float64"
2024-10-31,ECL,MATERIALS,9.112938023674542e-05,"Ticker
ECL    0.087874
dtype: float64","Ticker
ECL    0.245122
dtype: float64"
2024-10-31,NUE,MATERIALS,0.02001474579128161,"Ticker
NUE    0.280128
dtype: float64","Ticker
NUE    0.389583
dtype: float64"
2024-11-30,CDNS,TECH,0.041145755877449744,"Ticker
CDNS    0.262662
dtype: float64","Ticker
CDNS    0.356003
dtype: float64"
2024-11-30,MPWR,TECH,0.007535225324736084,"Ticker
MPWR    0.250549
dtype: float64","Ticker
MPWR    0.531304
dtype: float64"
2024-11-30,FTNT,TECH,0.017150043946141755,"Ticker
FTNT    0.251993
dtype: float64","Ticker
FTNT    0.431959
dtype: float64"
2024-11-30,NTNX,TECH,0.020051138917375765,"Ticker
NTNX    0.26669
dtype: float64","Ticker
NTNX    0.503963
dtype: float64"
2024-11-30,BMRN,PHARMA,0.03127634959268465,"Ticker
BMRN   -0.136475
dtype: float64","Ticker
BMRN    0.355326
dtype: float64"
2024-11-30,VTRS,PHARMA,0.005288236345687638,"Ticker
VTRS   -0.048485
dtype: float64","Ticker
VTRS    0.341892
dtype: float64"
2024-11-30,NBIX,PHARMA,0.018675547089248498,"Ticker
NBIX    0.026498
dtype: float64","Ticker
NBIX    0.352501
dtype: float64"
2024-11-30,INSM,PHARMA,0.010599743980465412,"Ticker
INSM    0.358294
dtype: float64","Ticker
INSM    0.73158
dtype: float64"
2024-11-30,REGN,PHARMA,0.00016042053725618842,"Ticker
REGN   -0.012848
dtype: float64","Ticker
REGN    0.300165
dtype: float64"
2024-11-30,VRTX,PHARMA,0.02127893951937292,"Ticker
VRTX    0.075121
dtype: float64","Ticker
VRTX    0.301151
dtype: float64"
2024-11-30,FANG,ENERGY,0.039846127284054,"Ticker
FANG    0.311581
dtype: float64","Ticker
FANG    0.460193
dtype: float64"
2024-11-30,OXY,ENERGY,0.04423878501519785,"Ticker
OXY    0.276342
dtype: float64","Ticker
OXY    0.469472
dtype: float64"
2024-11-30,HII,DEFENSE,0.00017380378328330512,"Ticker
HII    0.129626
dtype: float64","Ticker
HII    0.298074
dtype: float64"
2024-11-30,TDG,DEFENSE,0.00012956562158041021,"Ticker
TDG    0.262196
dtype: float64","Ticker
TDG    0.287537
dtype: float64"
2024-11-30,LDOS,DEFENSE,0.01662354993284804,"Ticker
LDOS    0.156297
dtype: float64","Ticker
LDOS    0.260302
dtype: float64"
2024-11-30,BWXT,DEFENSE,0.004067033748760945,"Ticker
BWXT    0.260323
dtype: float64","Ticker
BWXT    0.294112
dtype: float64"
2024-11-30,AME,INDUSTRIALS,0.09643548448908493,"Ticker
AME    0.131255
dtype: float64","Ticker
AME    0.217337
dtype: float64"
2024-11-30,COLM,CONSUMER_DISCRETIONARY,0.00699315994019679,"Ticker
COLM   -0.068556
dtype: float64","Ticker
COLM    0.326117
dtype: float64"
2024-11-30,MKC,CONSUMER_STAPLES,0.02569085831589956,"Ticker
MKC   -0.053936
dtype: float64","Ticker
MKC    0.227252
dtype: float64"
2024-11-30,HRL,CONSUMER_STAPLES,0.014949987896296922,"Ticker
HRL   -0.09012
dtype: float64","Ticker
HRL    0.222784
dtype: float64"
2024-11-30,CPB,CONSUMER_STAPLES,0.032972713431831585,"Ticker
CPB   -0.060124
dtype: float64","Ticker
CPB    0.229926
dtype: float64"
2024-11-30,CHD,CONSUMER_STAPLES,0.1351261862466499,"Ticker
CHD    0.004064
dtype: float64","Ticker
CHD    0.200843
dtype: float64"
2024-11-30,CLX,CONSUMER_STAPLES,0.027200839220902637,"Ticker
CLX   -0.089311
dtype: float64","Ticker
CLX    0.254725
dtype: float64"
2024-11-30,GIS,CONSUMER_STAPLES,0.09259110154034421,"Ticker
GIS   -0.017836
dtype: float64","Ticker
GIS    0.204798
dtype: float64"
2024-11-30,RJF,FINANCIALS,0.007253268307264083,"Ticker
RJF    0.286353
dtype: float64","Ticker
RJF    0.285538
dtype: float64"
2024-11-30,DUK,UTILITIES,0.02745130311573776,"Ticker
DUK    0.12405
dtype: float64","Ticker
DUK    0.185694
dtype: float64"
2024-11-30,SO,UTILITIES,0.027004527394319123,"Ticker
SO    0.161561
dtype: float64","Ticker
SO    0.189358
dtype: float64"
2024-11-30,EXC,UTILITIES,0.03542346975308038,"Ticker
EXC    0.149184
dtype: float64","Ticker
EXC    0.213214
dtype: float64"
2024-11-30,XEL,UTILITIES,0.02670635288336588,"Ticker
XEL    0.036885
dtype: float64","Ticker
XEL    0.210001
dtype: float64"
2024-11-30,ED,UTILITIES,0.0667411608097044,"Ticker
ED    0.104254
dtype: float64","Ticker
ED    0.192212
dtype: float64"
2024-11-30,WEC,UTILITIES,0.008868799825500531,"Ticker
WEC    0.066018
dtype: float64","Ticker
WEC    0.197577
dtype: float64"
2024-11-30,APD,MATERIALS,0.05255935415818432,"Ticker
APD    0.024946
dtype: float64","Ticker
APD    0.262719
dtype: float64"
2024-11-30,ECL,MATERIALS,0.02621337110576597,"Ticker
ECL    0.087874
dtype: float64","Ticker
ECL    0.245122
dtype: float64"
2024-11-30,FCX,MATERIALS,0.011577795049727741,"Ticker
FCX    0.262964
dtype: float64","Ticker
FCX    0.453626
dtype: float64"
2024-12-31,CDNS,TECH,0.04136068379325766,"Ticker
CDNS    0.262662
dtype: float64","Ticker
CDNS    0.356003
dtype: float64"
2024-12-31,TER,TECH,0.006078183585682736,"Ticker
TER    0.039757
dtype: float64","Ticker
TER    0.452637
dtype: float64"
2024-12-31,MPWR,TECH,0.011153821496878954,"Ticker
MPWR    0.250549
dtype: float64","Ticker
MPWR    0.531304
dtype: float64"
2024-12-31,FTNT,TECH,0.011831381471264564,"Ticker
FTNT    0.251993
dtype: float64","Ticker
FTNT    0.431959
dtype: float64"
2024-12-31,NTNX,TECH,0.01042374088332632,"Ticker
NTNX    0.26669
dtype: float64","Ticker
NTNX    0.503963
dtype: float64"
2024-12-31,BMRN,PHARMA,0.01641765629050657,"Ticker
BMRN   -0.136475
dtype: float64","Ticker
BMRN    0.355326
dtype: float64"
2024-12-31,VTRS,PHARMA,0.0023891394868908364,"Ticker
VTRS   -0.048485
dtype: float64","Ticker
VTRS    0.341892
dtype: float64"
2024-12-31,NBIX,PHARMA,0.03192481705582266,"Ticker
NBIX    0.026498
dtype: float64","Ticker
NBIX    0.352501
dtype: float64"
2024-12-31,INSM,PHARMA,0.008708032349480862,"Ticker
INSM    0.358294
dtype: float64","Ticker
INSM    0.73158
dtype: float64"
2024-12-31,HRMY,PHARMA,0.005956947582814611,"Ticker
HRMY   -0.000762
dtype: float64","Ticker
HRMY    0.536614
dtype: float64"
2024-12-31,VRTX,PHARMA,0.003724018588755649,"Ticker
VRTX    0.075121
dtype: float64","Ticker
VRTX    0.301151
dtype: float64"
2024-12-31,FANG,ENERGY,0.03278387834628624,"Ticker
FANG    0.311581
dtype: float64","Ticker
FANG    0.460193
dtype: float64"
2024-12-31,OXY,ENERGY,0.047445174821642226,"Ticker
OXY    0.276342
dtype: float64","Ticker
OXY    0.469472
dtype: float64"
2024-12-31,EQT,ENERGY,0.006644371092955759,"Ticker
EQT    0.269255
dtype: float64","Ticker
EQT    0.467437
dtype: float64"
2024-12-31,TDG,DEFENSE,0.007885380789305584,"Ticker
TDG    0.262196
dtype: float64","Ticker
TDG    0.287537
dtype: float64"
2024-12-31,LDOS,DEFENSE,0.006852243801242702,"Ticker
LDOS    0.156297
dtype: float64","Ticker
LDOS    0.260302
dtype: float64"
2024-12-31,AME,INDUSTRIALS,0.09730380084201272,"Ticker
AME    0.131255
dtype: float64","Ticker
AME    0.217337
dtype: float64"
2024-12-31,DKS,CONSUMER_DISCRETIONARY,0.004286393898879626,"Ticker
DKS    0.418027
dtype: float64","Ticker
DKS    0.445978
dtype: float64"
2024-12-31,SKX,CONSUMER_DISCRETIONARY,0.010950692423638456,"Ticker
SKX    0.163586
dtype: float64","Ticker
SKX    0.398741
dtype: float64"
2024-12-31,COLM,CONSUMER_DISCRETIONARY,0.00523872605297714,"Ticker
COLM   -0.068556
dtype: float64","Ticker
COLM    0.326117
dtype: float64"
2024-12-31,MKC,CONSUMER_STAPLES,0.006769000970403832,"Ticker
MKC   -0.053936
dtype: float64","Ticker
MKC    0.227252
dtype: float64"
2024-12-31,HRL,CONSUMER_STAPLES,0.04939706098726044,"Ticker
HRL   -0.09012
dtype: float64","Ticker
HRL    0.222784
dtype: float64"
2024-12-31,CPB,CONSUMER_STAPLES,0.0031804967644974277,"Ticker
CPB   -0.060124
dtype: float64","Ticker
CPB    0.229926
dtype: float64"
2024-12-31,CHD,CONSUMER_STAPLES,0.14720707793872387,"Ticker
CHD    0.004064
dtype: float64","Ticker
CHD    0.200843
dtype: float64"
2024-12-31,CLX,CONSUMER_STAPLES,0.031516372359508917,"Ticker
CLX   -0.089311
dtype: float64","Ticker
CLX    0.254725
dtype: float64"
2024-12-31,KMB,CONSUMER_STAPLES,0.030451598238075618,"Ticker
KMB    0.000848
dtype: float64","Ticker
KMB    0.18668
dtype: float64"
2024-12-31,GIS,CONSUMER_STAPLES,0.09773309710776545,"Ticker
GIS   -0.017836
dtype: float64","Ticker
GIS    0.204798
dtype: float64"
2024-12-31,RJF,FINANCIALS,0.009493710531718205,"Ticker
RJF    0.286353
dtype: float64","Ticker
RJF    0.285538
dtype: float64"
2024-12-31,SO,UTILITIES,0.022417177234857668,"Ticker
SO    0.161561
dtype: float64","Ticker
SO    0.189358
dtype: float64"
2024-12-31,AEP,UTILITIES,0.02106937180686197,"Ticker
AEP    0.106617
dtype: float64","Ticker
AEP    0.199842
dtype: float64"
2024-12-31,EXC,UTILITIES,0.11801674383739773,"Ticker
EXC    0.149184
dtype: float64","Ticker
EXC    0.213214
dtype: float64"
2024-12-31,ED,UTILITIES,0.038366238099334087,"Ticker
ED    0.104254
dtype: float64","Ticker
ED    0.192212
dtype: float64"
2024-12-31,WEC,UTILITIES,0.015833187603492976,"Ticker
WEC    0.066018
dtype: float64","Ticker
WEC    0.197577
dtype: float64"
2024-12-31,APD,MATERIALS,0.039189781866480033,"Ticker
APD    0.024946
dtype: float64","Ticker
APD    0.262719
dtype: float64"
2025-01-31,CDNS,TECH,0.036961073461951904,"Ticker
CDNS    0.262662
dtype: float64","Ticker
CDNS    0.356003
dtype: float64"
2025-01-31,TER,TECH,0.03455226960857282,"Ticker
TER    0.039757
dtype: float64","Ticker
TER    0.452637
dtype: float64"
2025-01-31,FTNT,TECH,0.012366641555644006,"Ticker
FTNT    0.251993
dtype: float64","Ticker
FTNT    0.431959
dtype: float64"
2025-01-31,NTNX,TECH,0.01557788577030818,"Ticker
NTNX    0.26669
dtype: float64","Ticker
NTNX    0.503963
dtype: float64"
2025-01-31,BMRN,PHARMA,0.03141449889561488,"Ticker
BMRN   -0.136475
dtype: float64","Ticker
BMRN    0.355326
dtype: float64"
2025-01-31,NBIX,PHARMA,0.02820244704981675,"Ticker
NBIX    0.026498
dtype: float64","Ticker
NBIX    0.352501
dtype: float64"
2025-01-31,INSM,PHARMA,0.007648342709056252,"Ticker
INSM    0.358294
dtype: float64","Ticker
INSM    0.73158
dtype: float64"
2025-01-31,VRTX,PHARMA,0.009842697968667536,"Ticker
VRTX    0.075121
dtype: float64","Ticker
VRTX    0.301151
dtype: float64"
2025-01-31,BIIB,PHARMA,0.016245612264365432,"Ticker
BIIB   -0.137279
dtype: float64","Ticker
BIIB    0.443025
dtype: float64"
2025-01-31,FANG,ENERGY,0.009880546606077381,"Ticker
FANG    0.311581
dtype: float64","Ticker
FANG    0.460193
dtype: float64"
2025-01-31,OXY,ENERGY,0.04845300361751719,"Ticker
OXY    0.276342
dtype: float64","Ticker
OXY    0.469472
dtype: float64"
2025-01-31,MUR,ENERGY,0.020862032032052325,"Ticker
MUR    0.121507
dtype: float64","Ticker
MUR    0.524949
dtype: float64"
2025-01-31,EQT,ENERGY,0.014990367132770913,"Ticker
EQT    0.269255
dtype: float64","Ticker
EQT    0.467437
dtype: float64"
2025-01-31,AR,ENERGY,0.016020942738380062,"Ticker
AR    0.48945
dtype: float64","Ticker
AR    0.555105
dtype: float64"
2025-01-31,AME,INDUSTRIALS,0.07856269262486562,"Ticker
AME    0.131255
dtype: float64","Ticker
AME    0.217337
dtype: float64"
2025-01-31,COLM,CONSUMER_DISCRETIONARY,0.005665014939139545,"Ticker
COLM   -0.068556
dtype: float64","Ticker
COLM    0.326117
dtype: float64"
2025-01-31,HRL,CONSUMER_STAPLES,0.04197959084598241,"Ticker
HRL   -0.09012
dtype: float64","Ticker
HRL    0.222784
dtype: float64"
2025-01-31,CHD,CONSUMER_STAPLES,0.10375926483255501,"Ticker
CHD    0.004064
dtype: float64","Ticker
CHD    0.200843
dtype: float64"
2025-01-31,CLX,CONSUMER_STAPLES,0.08253826336950759,"Ticker
CLX   -0.089311
dtype: float64","Ticker
CLX    0.254725
dtype: float64"
2025-01-31,KMB,CONSUMER_STAPLES,0.037987916052265716,"Ticker
KMB    0.000848
dtype: float64","Ticker
KMB    0.18668
dtype: float64"
2025-01-31,GIS,CONSUMER_STAPLES,0.07014446067368023,"Ticker
GIS   -0.017836
dtype: float64","Ticker
GIS    0.204798
dtype: float64"
2025-01-31,RJF,FINANCIALS,0.01993657202917043,"Ticker
RJF    0.286353
dtype: float64","Ticker
RJF    0.285538
dtype: float64"
2025-01-31,AEP,UTILITIES,0.0881857224138277,"Ticker
AEP    0.106617
dtype: float64","Ticker
AEP    0.199842
dtype: float64"
2025-01-31,EXC,UTILITIES,0.06062006422013156,"Ticker
EXC    0.149184
dtype: float64","Ticker
EXC    0.213214
dtype: float64"
2025-01-31,ED,UTILITIES,0.05251602047605824,"Ticker
ED    0.104254
dtype: float64","Ticker
ED    0.192212
dtype: float64"
2025-01-31,APD,MATERIALS,0.049019265637257746,"Ticker
APD    0.024946
dtype: float64","Ticker
APD    0.262719
dtype: float64"
2025-01-31,CF,MATERIALS,0.006066790474762529,"Ticker
CF    0.228013
dtype: float64","Ticker
CF    0.374392
dtype: float64"
2025-02-28,CDNS,TECH,0.048033748430023324,"Ticker
CDNS    0.262662
dtype: float64","Ticker
CDNS    0.356003
dtype: float64"
2025-02-28,TER,TECH,0.024614432131080145,"Ticker
TER    0.039757
dtype: float64","Ticker
TER    0.452637
dtype: float64"
2025-02-28,MPWR,TECH,0.007747742742286155,"Ticker
MPWR    0.250549
dtype: float64","Ticker
MPWR    0.531304
dtype: float64"
2025-02-28,FTNT,TECH,0.014153738045322505,"Ticker
FTNT    0.251993
dtype: float64","Ticker
FTNT    0.431959
dtype: float64"
2025-02-28,NTNX,TECH,0.024158704988346574,"Ticker
NTNX    0.26669
dtype: float64","Ticker
NTNX    0.503963
dtype: float64"
2025-02-28,BMRN,PHARMA,0.02605928257752947,"Ticker
BMRN   -0.136475
dtype: float64","Ticker
BMRN    0.355326
dtype: float64"
2025-02-28,NBIX,PHARMA,0.01948973290332496,"Ticker
NBIX    0.026498
dtype: float64","Ticker
NBIX    0.352501
dtype: float64"
2025-02-28,OXY,ENERGY,0.043154373430753123,"Ticker
OXY    0.276342
dtype: float64","Ticker
OXY    0.469472
dtype: float64"
2025-02-28,MUR,ENERGY,0.043055381443130085,"Ticker
MUR    0.121507
dtype: float64","Ticker
MUR    0.524949
dtype: float64"
2025-02-28,AR,ENERGY,0.004152166869025162,"Ticker
AR    0.48945
dtype: float64","Ticker
AR    0.555105
dtype: float64"
2025-02-28,LDOS,DEFENSE,0.006046022759960294,"Ticker
LDOS    0.156297
dtype: float64","Ticker
LDOS    0.260302
dtype: float64"
2025-02-28,AME,INDUSTRIALS,0.07728151344360404,"Ticker
AME    0.131255
dtype: float64","Ticker
AME    0.217337
dtype: float64"
2025-02-28,COLM,CONSUMER_DISCRETIONARY,0.014669204065316719,"Ticker
COLM   -0.068556
dtype: float64","Ticker
COLM    0.326117
dtype: float64"
2025-02-28,HRL,CONSUMER_STAPLES,0.0540225959183721,"Ticker
HRL   -0.09012
dtype: float64","Ticker
HRL    0.222784
dtype: float64"
2025-02-28,CAG,CONSUMER_STAPLES,0.014363346170422724,"Ticker
CAG   -0.090587
dtype: float64","Ticker
CAG    0.221318
dtype: float64"
2025-02-28,CHD,CONSUMER_STAPLES,0.10403873706528226,"Ticker
CHD    0.004064
dtype: float64","Ticker
CHD    0.200843
dtype: float64"
2025-02-28,CLX,CONSUMER_STAPLES,0.046676853880575506,"Ticker
CLX   -0.089311
dtype: float64","Ticker
CLX    0.254725
dtype: float64"
2025-02-28,KMB,CONSUMER_STAPLES,0.05496356356911783,"Ticker
KMB    0.000848
dtype: float64","Ticker
KMB    0.18668
dtype: float64"
2025-02-28,GIS,CONSUMER_STAPLES,0.04728739696237426,"Ticker
GIS   -0.017836
dtype: float64","Ticker
GIS    0.204798
dtype: float64"
2025-02-28,RJF,FINANCIALS,0.02522683516152421,"Ticker
RJF    0.286353
dtype: float64","Ticker
RJF    0.285538
dtype: float64"
2025-02-28,AEP,UTILITIES,0.08864244422055369,"Ticker
AEP    0.106617
dtype: float64","Ticker
AEP    0.199842
dtype: float64"
2025-02-28,EXC,UTILITIES,0.08853766276048433,"Ticker
EXC    0.149184
dtype: float64","Ticker
EXC    0.213214
dtype: float64"
2025-02-28,SRE,UTILITIES,0.01496553957739174,"Ticker
SRE    0.080924
dtype: float64","Ticker
SRE    0.232915
dtype: float64"
2025-02-28,ED,UTILITIES,0.03528603955508267,"Ticker
ED    0.104254
dtype: float64","Ticker
ED    0.192212
dtype: float64"
2025-02-28,APD,MATERIALS,0.051095758559738365,"Ticker
APD    0.024946
dtype: float64","Ticker
APD    0.262719
dtype: float64"
2025-02-28,CF,MATERIALS,0.022277182769377773,"Ticker
CF    0.228013
dtype: float64","Ticker
CF    0.374392
dtype: float64"
2025-03-31,CDNS,TECH,0.049881876823984296,"Ticker
CDNS    0.262662
dtype: float64","Ticker
CDNS    0.356003
dtype: float64"
2025-03-31,FTNT,TECH,0.016992241484259634,"Ticker
FTNT    0.251993
dtype: float64","Ticker
FTNT    0.431959
dtype: float64"
2025-03-31,NTNX,TECH,0.012467245362518482,"Ticker
NTNX    0.26669
dtype: float64","Ticker
NTNX    0.503963
dtype: float64"
2025-03-31,BMRN,PHARMA,0.0341728996971117,"Ticker
BMRN   -0.136475
dtype: float64","Ticker
BMRN    0.355326
dtype: float64"
2025-03-31,NBIX,PHARMA,0.01541923049420316,"Ticker
NBIX    0.026498
dtype: float64","Ticker
NBIX    0.352501
dtype: float64"
2025-03-31,REGN,PHARMA,0.0017321760953100027,"Ticker
REGN   -0.012848
dtype: float64","Ticker
REGN    0.300165
dtype: float64"
2025-03-31,VRTX,PHARMA,0.009184160998214426,"Ticker
VRTX    0.075121
dtype: float64","Ticker
VRTX    0.301151
dtype: float64"
2025-03-31,BIIB,PHARMA,0.015006391556858496,"Ticker
BIIB   -0.137279
dtype: float64","Ticker
BIIB    0.443025
dtype: float64"
2025-03-31,FANG,ENERGY,0.015331372945755616,"Ticker
FANG    0.311581
dtype: float64","Ticker
FANG    0.460193
dtype: float64"
2025-03-31,OXY,ENERGY,0.051665030751900896,"Ticker
OXY    0.276342
dtype: float64","Ticker
OXY    0.469472
dtype: float64"
2025-03-31,EQT,ENERGY,0.00565906483461471,"Ticker
EQT    0.269255
dtype: float64","Ticker
EQT    0.467437
dtype: float64"
2025-03-31,AR,ENERGY,0.011672116879568878,"Ticker
AR    0.48945
dtype: float64","Ticker
AR    0.555105
dtype: float64"
2025-03-31,LDOS,DEFENSE,0.006399274550263632,"Ticker
LDOS    0.156297
dtype: float64","Ticker
LDOS    0.260302
dtype: float64"
2025-03-31,AME,INDUSTRIALS,0.10387484308881031,"Ticker
AME    0.131255
dtype: float64","Ticker
AME    0.217337
dtype: float64"
2025-03-31,TPR,CONSUMER_DISCRETIONARY,0.0070826832107065765,"Ticker
TPR    0.484475
dtype: float64","Ticker
TPR    0.412307
dtype: float64"
2025-03-31,COLM,CONSUMER_DISCRETIONARY,0.0022677033172295953,"Ticker
COLM   -0.068556
dtype: float64","Ticker
COLM    0.326117
dtype: float64"
2025-03-31,HRL,CONSUMER_STAPLES,0.0709355742927786,"Ticker
HRL   -0.09012
dtype: float64","Ticker
HRL    0.222784
dtype: float64"
2025-03-31,CHD,CONSUMER_STAPLES,0.12147108031608901,"Ticker
CHD    0.004064
dtype: float64","Ticker
CHD    0.200843
dtype: float64"
2025-03-31,CLX,CONSUMER_STAPLES,0.05175886852634481,"Ticker
CLX   -0.089311
dtype: float64","Ticker
CLX    0.254725
dtype: float64"
2025-03-31,KMB,CONSUMER_STAPLES,0.025490675373086802,"Ticker
KMB    0.000848
dtype: float64","Ticker
KMB    0.18668
dtype: float64"
2025-03-31,GIS,CONSUMER_STAPLES,0.021786005125243407,"Ticker
GIS   -0.017836
dtype: float64","Ticker
GIS    0.204798
dtype: float64"
2025-03-31,DUK,UTILITIES,0.022466632383683127,"Ticker
DUK    0.12405
dtype: float64","Ticker
DUK    0.185694
dtype: float64"
2025-03-31,AEP,UTILITIES,0.0826726385631673,"Ticker
AEP    0.106617
dtype: float64","Ticker
AEP    0.199842
dtype: float64"
2025-03-31,EXC,UTILITIES,0.048812767544454794,"Ticker
EXC    0.149184
dtype: float64","Ticker
EXC    0.213214
dtype: float64"
2025-03-31,SRE,UTILITIES,0.012582532072847461,"Ticker
SRE    0.080924
dtype: float64","Ticker
SRE    0.232915
dtype: float64"
2025-03-31,ED,UTILITIES,0.05735786882288198,"Ticker
ED    0.104254
dtype: float64","Ticker
ED    0.192212
dtype: float64"
2025-03-31,PEG,UTILITIES,0.015805631996050135,"Ticker
PEG    0.131176
dtype: float64","Ticker
PEG    0.208917
dtype: float64"
2025-03-31,APD,MATERIALS,0.04878852154281533,"Ticker
APD    0.024946
dtype: float64","Ticker
APD    0.262719
dtype: float64"
2025-03-31,CF,MATERIALS,0.017370936483297406,"Ticker
CF    0.228013
dtype: float64","Ticker
CF    0.374392
dtype: float64"
2025-03-31,VMC,MATERIALS,0.016659000727909715,"Ticker
VMC    0.186418
dtype: float64","Ticker
VMC    0.26907
dtype: float64"
2025-03-31,FCX,MATERIALS,0.027232954138039733,"Ticker
FCX    0.262964
dtype: float64","Ticker
FCX    0.453626
dtype: float64"
2025-04-30,CDNS,TECH,0.0424068788425113,"Ticker
CDNS    0.262662
dtype: float64","Ticker
CDNS    0.356003
dtype: float64"
2025-04-30,NTNX,TECH,0.0024221324581371237,"Ticker
NTNX    0.26669
dtype: float64","Ticker
NTNX    0.503963
dtype: float64"
2025-04-30,NBIX,PHARMA,0.00012077406637781447,"Ticker
NBIX    0.026498
dtype: float64","Ticker
NBIX    0.352501
dtype: float64"
2025-04-30,VRTX,PHARMA,0.06718529930269806,"Ticker
VRTX    0.075121
dtype: float64","Ticker
VRTX    0.301151
dtype: float64"
2025-04-30,CTRA,ENERGY,0.02147376535099122,"Ticker
CTRA    0.090614
dtype: float64","Ticker
CTRA    0.352706
dtype: float64"
2025-04-30,LDOS,DEFENSE,0.035148014977529334,"Ticker
LDOS    0.156297
dtype: float64","Ticker
LDOS    0.260302
dtype: float64"
2025-04-30,MRCY,DEFENSE,0.009244071690375572,"Ticker
MRCY   -0.030587
dtype: float64","Ticker
MRCY    0.438757
dtype: float64"
2025-04-30,AME,INDUSTRIALS,0.06690789276273952,"Ticker
AME    0.131255
dtype: float64","Ticker
AME    0.217337
dtype: float64"
2025-04-30,CROX,CONSUMER_DISCRETIONARY,0.012340554280860077,"Ticker
CROX    0.158313
dtype: float64","Ticker
CROX    0.556687
dtype: float64"
2025-04-30,SKX,CONSUMER_DISCRETIONARY,0.019322978414214764,"Ticker
SKX    0.163586
dtype: float64","Ticker
SKX    0.398741
dtype: float64"
2025-04-30,TPR,CONSUMER_DISCRETIONARY,0.0261380107929228,"Ticker
TPR    0.484475
dtype: float64","Ticker
TPR    0.412307
dtype: float64"
2025-04-30,HRL,CONSUMER_STAPLES,0.10140772468720108,"Ticker
HRL   -0.09012
dtype: float64","Ticker
HRL    0.222784
dtype: float64"
2025-04-30,CAG,CONSUMER_STAPLES,0.010903339441312016,"Ticker
CAG   -0.090587
dtype: float64","Ticker
CAG    0.221318
dtype: float64"
2025-04-30,CHD,CONSUMER_STAPLES,0.07528354288468216,"Ticker
CHD    0.004064
dtype: float64","Ticker
CHD    0.200843
dtype: float64"
2025-04-30,CLX,CONSUMER_STAPLES,0.048609939431435184,"Ticker
CLX   -0.089311
dtype: float64","Ticker
CLX    0.254725
dtype: float64"
2025-04-30,KMB,CONSUMER_STAPLES,0.11514923025189713,"Ticker
KMB    0.000848
dtype: float64","Ticker
KMB    0.18668
dtype: float64"
2025-04-30,DUK,UTILITIES,0.07732230354070449,"Ticker
DUK    0.12405
dtype: float64","Ticker
DUK    0.185694
dtype: float64"
2025-04-30,EXC,UTILITIES,0.13189380523509261,"Ticker
EXC    0.149184
dtype: float64","Ticker
EXC    0.213214
dtype: float64"
2025-04-30,ED,UTILITIES,0.04768544219065113,"Ticker
ED    0.104254
dtype: float64","Ticker
ED    0.192212
dtype: float64"
2025-04-30,CF,MATERIALS,0.060441698188895575,"Ticker
CF    0.228013
dtype: float64","Ticker
CF    0.374392
dtype: float64"
2025-04-30,VMC,MATERIALS,0.02859260120877083,"Ticker
VMC    0.186418
dtype: float64","Ticker
VMC    0.26907
dtype: float64"
2025-05-31,CDNS,TECH,0.019866545427909717,"Ticker
CDNS    0.262662
dtype: float64","Ticker
CDNS    0.356003
dtype: float64"
2025-05-31,NTNX,TECH,0.028270092408508047,"Ticker
NTNX    0.26669
dtype: float64","Ticker
NTNX    0.503963
dtype: float64"
2025-05-31,VRTX,PHARMA,0.04610498444778991,"Ticker
VRTX    0.075121
dtype: float64","Ticker
VRTX    0.301151
dtype: float64"
2025-05-31,EQT,ENERGY,0.01432807885702054,"Ticker
EQT    0.269255
dtype: float64","Ticker
EQT    0.467437
dtype: float64"
2025-05-31,CTRA,ENERGY,0.0013579576089069938,"Ticker
CTRA    0.090614
dtype: float64","Ticker
CTRA    0.352706
dtype: float64"
2025-05-31,LDOS,DEFENSE,0.0356078125142783,"Ticker
LDOS    0.156297
dtype: float64","Ticker
LDOS    0.260302
dtype: float64"
2025-05-31,BWXT,DEFENSE,0.00720743628239152,"Ticker
BWXT    0.260323
dtype: float64","Ticker
BWXT    0.294112
dtype: float64"
2025-05-31,MRCY,DEFENSE,0.005993514089248048,"Ticker
MRCY   -0.030587
dtype: float64","Ticker
MRCY    0.438757
dtype: float64"
2025-05-31,AME,INDUSTRIALS,0.05613255562115973,"Ticker
AME    0.131255
dtype: float64","Ticker
AME    0.217337
dtype: float64"
2025-05-31,CROX,CONSUMER_DISCRETIONARY,0.0075790656803724115,"Ticker
CROX    0.158313
dtype: float64","Ticker
CROX    0.556687
dtype: float64"
2025-05-31,SKX,CONSUMER_DISCRETIONARY,0.023429776432402547,"Ticker
SKX    0.163586
dtype: float64","Ticker
SKX    0.398741
dtype: float64"
2025-05-31,TPR,CONSUMER_DISCRETIONARY,0.02514665312942043,"Ticker
TPR    0.484475
dtype: float64","Ticker
TPR    0.412307
dtype: float64"
2025-05-31,HRL,CONSUMER_STAPLES,0.08863189129585654,"Ticker
HRL   -0.09012
dtype: float64","Ticker
HRL    0.222784
dtype: float64"
2025-05-31,CAG,CONSUMER_STAPLES,0.03357197095325902,"Ticker
CAG   -0.090587
dtype: float64","Ticker
CAG    0.221318
dtype: float64"
2025-05-31,CHD,CONSUMER_STAPLES,0.0267225138063308,"Ticker
CHD    0.004064
dtype: float64","Ticker
CHD    0.200843
dtype: float64"
2025-05-31,CLX,CONSUMER_STAPLES,0.05329980451251828,"Ticker
CLX   -0.089311
dtype: float64","Ticker
CLX    0.254725
dtype: float64"
2025-05-31,KMB,CONSUMER_STAPLES,0.11480350742630066,"Ticker
KMB    0.000848
dtype: float64","Ticker
KMB    0.18668
dtype: float64"
2025-05-31,DUK,UTILITIES,0.08816186695291481,"Ticker
DUK    0.12405
dtype: float64","Ticker
DUK    0.185694
dtype: float64"
2025-05-31,EXC,UTILITIES,0.1263503982403778,"Ticker
EXC    0.149184
dtype: float64","Ticker
EXC    0.213214
dtype: float64"
2025-05-31,ED,UTILITIES,0.07705660198420128,"Ticker
ED    0.104254
dtype: float64","Ticker
ED    0.192212
dtype: float64"
2025-05-31,CF,MATERIALS,0.07571142656698722,"Ticker
CF    0.228013
dtype: float64","Ticker
CF    0.374392
dtype: float64"
2025-05-31,NEM,MATERIALS,0.0023446722404127643,"Ticker
NEM    0.03605
dtype: float64","Ticker
NEM    0.345062
dtype: float64"
2025-05-31,VMC,MATERIALS,0.04232087352143282,"Ticker
VMC    0.186418
dtype: float64","Ticker
VMC    0.26907
dtype: float64"
2025-06-30,CDNS,TECH,0.018410008851283632,"Ticker
CDNS    0.262662
dtype: float64","Ticker
CDNS    0.356003
dtype: float64"
2025-06-30,NTNX,TECH,0.021183004812089415,"Ticker
NTNX    0.26669
dtype: float64","Ticker
NTNX    0.503963
dtype: float64"
2025-06-30,VRTX,PHARMA,0.04771089454975777,"Ticker
VRTX    0.075121
dtype: float64","Ticker
VRTX    0.301151
dtype: float64"
2025-06-30,EQT,ENERGY,0.003394736908092672,"Ticker
EQT    0.269255
dtype: float64","Ticker
EQT    0.467437
dtype: float64"
2025-06-30,CTRA,ENERGY,0.0091834855897647,"Ticker
CTRA    0.090614
dtype: float64","Ticker
CTRA    0.352706
dtype: float64"
2025-06-30,LDOS,DEFENSE,0.03846884840022573,"Ticker
LDOS    0.156297
dtype: float64","Ticker
LDOS    0.260302
dtype: float64"
2025-06-30,BWXT,DEFENSE,0.007293202491691915,"Ticker
BWXT    0.260323
dtype: float64","Ticker
BWXT    0.294112
dtype: float64"
2025-06-30,MRCY,DEFENSE,0.005308951327013695,"Ticker
MRCY   -0.030587
dtype: float64","Ticker
MRCY    0.438757
dtype: float64"
2025-06-30,AVAV,DEFENSE,0.016352379799109414,"Ticker
AVAV    0.247544
dtype: float64","Ticker
AVAV    0.524691
dtype: float64"
2025-06-30,AME,INDUSTRIALS,0.038118344262388935,"Ticker
AME    0.131255
dtype: float64","Ticker
AME    0.217337
dtype: float64"
2025-06-30,CROX,CONSUMER_DISCRETIONARY,0.013894291583254914,"Ticker
CROX    0.158313
dtype: float64","Ticker
CROX    0.556687
dtype: float64"
2025-06-30,SKX,CONSUMER_DISCRETIONARY,0.024971041301144702,"Ticker
SKX    0.163586
dtype: float64","Ticker
SKX    0.398741
dtype: float64"
2025-06-30,TPR,CONSUMER_DISCRETIONARY,0.02617882201621556,"Ticker
TPR    0.484475
dtype: float64","Ticker
TPR    0.412307
dtype: float64"
2025-06-30,HRL,CONSUMER_STAPLES,0.06479003150742958,"Ticker
HRL   -0.09012
dtype: float64","Ticker
HRL    0.222784
dtype: float64"
2025-06-30,CAG,CONSUMER_STAPLES,0.04001501442677338,"Ticker
CAG   -0.090587
dtype: float64","Ticker
CAG    0.221318
dtype: float64"
2025-06-30,CHD,CONSUMER_STAPLES,0.0721990154675355,"Ticker
CHD    0.004064
dtype: float64","Ticker
CHD    0.200843
dtype: float64"
2025-06-30,CLX,CONSUMER_STAPLES,0.025531304635855474,"Ticker
CLX   -0.089311
dtype: float64","Ticker
CLX    0.254725
dtype: float64"
2025-06-30,KMB,CONSUMER_STAPLES,0.07635755919023655,"Ticker
KMB    0.000848
dtype: float64","Ticker
KMB    0.18668
dtype: float64"
2025-06-30,DUK,UTILITIES,0.22061384584098417,"Ticker
DUK    0.12405
dtype: float64","Ticker
DUK    0.185694
dtype: float64"
2025-06-30,EXC,UTILITIES,0.06737316205870816,"Ticker
EXC    0.149184
dtype: float64","Ticker
EXC    0.213214
dtype: float64"
2025-06-30,ED,UTILITIES,0.034044530797498904,"Ticker
ED    0.104254
dtype: float64","Ticker
ED    0.192212
dtype: float64"
2025-06-30,CF,MATERIALS,0.08438231068817043,"Ticker
CF    0.228013
dtype: float64","Ticker
CF    0.374392
dtype: float64"
2025-06-30,VMC,MATERIALS,0.04422521349477477,"Ticker
VMC    0.186418
dtype: float64","Ticker
VMC    0.26907
dtype: float64"
2025-07-31,NTNX,TECH,0.02116553605841225,"Ticker
NTNX    0.26669
dtype: float64","Ticker
NTNX    0.503963
dtype: float64"
2025-07-31,VRTX,PHARMA,0.06433482821745258,"Ticker
VRTX    0.075121
dtype: float64","Ticker
VRTX    0.301151
dtype: float64"
2025-07-31,EQT,ENERGY,0.008756312583913786,"Ticker
EQT    0.269255
dtype: float64","Ticker
EQT    0.467437
dtype: float64"
2025-07-31,CTRA,ENERGY,0.005914002936489251,"Ticker
CTRA    0.090614
dtype: float64","Ticker
CTRA    0.352706
dtype: float64"
2025-07-31,CW,DEFENSE,0.011383963953604028,"Ticker
CW    0.363991
dtype: float64","Ticker
CW    0.279377
dtype: float64"
2025-07-31,LDOS,DEFENSE,0.03965297978047687,"Ticker
LDOS    0.156297
dtype: float64","Ticker
LDOS    0.260302
dtype: float64"
2025-07-31,MRCY,DEFENSE,0.010634796914525124,"Ticker
MRCY   -0.030587
dtype: float64","Ticker
MRCY    0.438757
dtype: float64"
2025-07-31,AXON,DEFENSE,0.018293159652193202,"Ticker
AXON    0.570636
dtype: float64","Ticker
AXON    0.465215
dtype: float64"
2025-07-31,AVAV,DEFENSE,0.025052469561257545,"Ticker
AVAV    0.247544
dtype: float64","Ticker
AVAV    0.524691
dtype: float64"
2025-07-31,AME,INDUSTRIALS,0.019505372613558454,"Ticker
AME    0.131255
dtype: float64","Ticker
AME    0.217337
dtype: float64"
2025-07-31,CROX,CONSUMER_DISCRETIONARY,0.03361869244794827,"Ticker
CROX    0.158313
dtype: float64","Ticker
CROX    0.556687
dtype: float64"
2025-07-31,SKX,CONSUMER_DISCRETIONARY,0.023981960899077143,"Ticker
SKX    0.163586
dtype: float64","Ticker
SKX    0.398741
dtype: float64"
2025-07-31,TPR,CONSUMER_DISCRETIONARY,0.020266831988726156,"Ticker
TPR    0.484475
dtype: float64","Ticker
TPR    0.412307
dtype: float64"
2025-07-31,HRL,CONSUMER_STAPLES,0.023132956677864733,"Ticker
HRL   -0.09012
dtype: float64","Ticker
HRL    0.222784
dtype: float64"
2025-07-31,CAG,CONSUMER_STAPLES,0.03973266666411185,"Ticker
CAG   -0.090587
dtype: float64","Ticker
CAG    0.221318
dtype: float64"
2025-07-31,CHD,CONSUMER_STAPLES,0.03315859545048519,"Ticker
CHD    0.004064
dtype: float64","Ticker
CHD    0.200843
dtype: float64"
2025-07-31,KMB,CONSUMER_STAPLES,0.14467084659198792,"Ticker
KMB    0.000848
dtype: float64","Ticker
KMB    0.18668
dtype: float64"
2025-07-31,DUK,UTILITIES,0.3107718455503275,"Ticker
DUK    0.12405
dtype: float64","Ticker
DUK    0.185694
dtype: float64"
2025-07-31,EXC,UTILITIES,0.05083951641328792,"Ticker
EXC    0.149184
dtype: float64","Ticker
EXC    0.213214
dtype: float64"
2025-07-31,CF,MATERIALS,0.07710182114387286,"Ticker
CF    0.228013
dtype: float64","Ticker
CF    0.374392
dtype: float64"
2025-07-31,VMC,MATERIALS,0.018030843900427154,"Ticker
VMC    0.186418
dtype: float64","Ticker
VMC    0.26907
dtype: float64"
