Date,equity_strategy,equity_benchmark,daily_ret_strategy,daily_ret_benchmark
2020-10-02,102065.23610119821,99050.56394709698,-0.005935200974280951,-0.009494360529030299
2020-10-05,103464.94335173235,100807.05696616316,0.013713849141997083,0.017733296501010853
2020-10-06,102382.73946271896,99373.94850138747,-0.010459619016408397,-0.014216350599906336
2020-10-07,105980.5668038083,101103.73817745082,0.03514095598506052,0.017406872748336077
2020-10-08,107912.8568823521,101999.78691565248,0.01823249428473883,0.008862666745605097
2020-10-09,108468.43402053262,102910.65470165768,0.005148386895049966,0.0089300949889084
2020-10-12,108930.33297693651,104566.22322522529,0.0042583721298719715,0.016087435536846773
2020-10-13,110613.28406608413,103883.82060235068,0.015449792937876409,-0.006526032994466857
2020-10-14,110348.57058229906,103231.07544638748,-0.0023931436989695545,-0.006283414993580316
2020-10-15,112367.73092742791,103103.49603614684,0.018298019942387417,-0.001235862454100789
2020-10-16,112598.41935427963,103041.16886450254,0.002052977531429598,-0.0006045107493002355
2020-10-19,112130.65707429823,101474.61148427775,-0.004154252632176313,-0.015203218262059948
2020-10-20,112095.68091703672,101881.08924844179,-0.0003119232346809565,0.004005708996747792
2020-10-21,109860.9510370949,101688.22854264831,-0.0199359142266664,-0.0018929980746786867
2020-10-22,111498.5158456004,102246.04462179948,0.014905794943943042,0.005485552134652405
2020-10-23,111342.59181183332,102593.17839518427,-0.0013984404418710052,0.003395082662305704
2020-10-26,109400.18354319023,100697.24104198243,-0.01744533010265937,-0.018480150267874196
2020-10-27,108538.97362866112,100350.09758294548,-0.007872106669630221,-0.003447397917210271
2020-10-28,106215.21788491501,96920.27255425174,-0.02140941328316083,-0.03417859186294048
2020-10-29,105126.87290674554,97905.30337883973,-0.010246601191824651,0.01016331050902286
2020-10-30,103739.21994135145,96884.65841126244,-0.013199793040786481,-0.010424817985885237
2020-11-02,104837.42998067063,97970.58467439256,0.010586256961832343,0.011208443947033464
2020-11-03,107705.1754175792,99700.3356078473,0.027354213446832008,0.017655819235983916
2020-11-04,107389.10010661336,101928.56831532609,-0.0029346343826135513,0.022349299968689396
2020-11-05,110423.26198587647,103916.45156447495,0.028253909160714265,0.019502709417041464
2020-11-06,112420.14533748594,103892.72171668497,0.018083901124609784,-0.0002283550624826436
2020-11-09,113487.1310684266,105198.20234295925,0.009491054541315203,0.0125656600838151
2020-11-10,113523.56436607674,105043.93896102009,0.00032103461693944353,-0.001466407015551896
2020-11-11,114288.09662888016,105824.25384157179,0.006734568871869097,0.007428461730107694
2020-11-12,113171.93462361337,104797.65219791661,-0.00976621396444476,-0.009701005264748486
2020-11-13,115223.0585032495,106248.52414875226,0.018123962327389134,0.01384450815840399
2020-11-16,116788.0778587403,107574.79018456012,0.013582518775499049,0.012482677255366115
2020-11-17,118097.51405807196,106996.20806717969,0.011212070815271584,-0.005378417344693687
2020-11-18,117525.84555324921,105708.51029826967,-0.0048406480812260184,-0.012034985091261552
2020-11-19,118862.32386086124,106153.5950719402,0.011371782107336565,0.004210491401446026
2020-11-20,119936.05457729677,105426.64813478554,0.009033398317977002,-0.006848067054742613
2020-11-23,121545.01017134279,106058.66599512812,0.01341511190873016,0.005994858714796214
2020-11-24,123666.13868374385,107767.64120470143,0.01745138290260468,0.016113489581811358
2020-11-25,123187.47844392521,107601.4838419108,-0.003870584502057866,-0.0015418112610910972
2020-11-27,122240.23157319125,107901.12886275917,-0.00768947365998026,0.0027847666235589763
2020-11-30,120016.99741611593,107423.44218392088,-0.018187417746702805,-0.004427077676322333
2020-12-01,120691.72490233391,108598.3795903938,0.00562193273239966,0.010937439562412221
2020-12-02,120943.4049360989,108826.85443917655,0.002085313089763486,0.002103851361728415
2020-12-03,122952.0834712281,108797.17760096084,0.016608417269139097,-0.00027269774881066855
2020-12-04,123598.40508759554,109734.7681012732,0.005256695113415458,0.008617783300879367
2020-12-07,123310.84394455077,109509.27643335548,-0.002326576486492514,-0.0020548789760928
2020-12-08,124461.0337770088,109829.70686373743,0.009327564354155441,0.002926057415573835
2020-12-09,123127.31786127378,108844.66635349728,-0.01071593152700762,-0.008968798500593955
2020-12-10,123602.06991625983,108809.05221050799,0.0038557816675659925,-0.0003272015449394816
2020-12-11,122692.57538360292,108681.47280026734,-0.007358246777526391,-0.001172507320381877
2020-12-14,123036.1264441336,108194.88500709475,0.0028000965784323816,-0.004477191747914833
2020-12-15,125421.38194722519,109657.60251052106,0.01938662709911195,0.013519285161497141
2020-12-16,120481.79420740153,109829.7068637374,-0.03938393647984312,0.0015694703265087817
2020-12-17,121686.5484252713,110443.8643814985,0.009999471088518785,0.005591907101446081
2020-12-18,121987.92386369905,110002.90569564777,0.0024766536838114568,-0.003992604644179609
2020-12-21,123412.48456558937,109609.57136146369,0.011677882996697458,-0.0035756722215349868
2020-12-22,123554.49109310255,109424.84660348392,0.0011506658180738794,-0.0016852976951309273
2020-12-23,125418.20147775256,109523.16565855172,0.015084116879617526,0.0008985075887202321
2020-12-24,125188.18655568757,109949.23749703376,-0.0018339835793752962,0.003890244003815324
2020-12-28,122240.47201073052,110893.81135255289,-0.023546267631617226,0.008590999601471694
2020-12-29,120183.71244779053,110682.23796678788,-0.016825520460682038,-0.0019078917315986654
2020-12-30,122370.85570029308,110840.16252524323,0.018198333267934633,0.0014268283814673488
2020-12-31,121348.19018187516,111403.32508438623,-0.008357100328877182,0.005080852881416131
2021-01-04,120811.20258791975,109886.68755538981,-0.004425180080152658,-0.013613934124924842
2021-01-05,123703.71328876249,110643.4953581512,0.023942404668455607,0.006887165493817404
2021-01-06,126435.35432384785,111305.01571497062,0.02208212641692403,0.005978845432152102
2021-01-07,128769.1284661865,112958.68585071505,0.018458240219432664,0.014857103474825717
2021-01-08,128870.99388308419,113602.30712234431,0.0007910701742803725,0.00569784666652251
2021-01-11,130872.85783625524,112836.54977698787,0.015533859814778953,-0.006740684804330321
2021-01-12,135365.89499054977,112860.36679564728,0.03433131383068075,0.00021107538919329372
2021-01-13,135471.0752696884,113164.30256040217,0.0007770072302623462,0.0026930247826078
2021-01-14,137055.7433563076,112768.00441665742,0.011697464447407163,-0.0035019713352912873
2021-01-15,136027.44194878446,111945.61506312629,-0.0075027969083341405,-0.007292754339187968
2021-01-19,138703.37078691705,112824.62673917996,0.01967197794648022,0.007852131372524163
2021-01-20,142325.5749132587,114385.95386723882,0.02611475197604427,0.013838531295726986
2021-01-21,140813.8587948103,114490.22959838448,-0.010621535302911758,0.0009116130750344009
2021-01-22,143024.12469736525,114085.02065465329,0.0156963662630372,-0.003539244747369441
2021-01-25,143217.2174142611,114534.93856875123,0.001350070956941141,0.003943707171337518
2021-01-26,141223.28066283854,114356.17048684937,-0.013922465381065304,-0.0015608170234846508
2021-01-27,134589.33353219277,111561.24964284165,-0.04697488331604387,-0.024440490024358885
2021-01-28,137931.99905704628,112520.70066007727,0.02483603594079727,0.00860021755141016
2021-01-29,135466.78430793266,110268.06010915738,-0.01787268194448535,-0.020019787805313105
2021-02-01,137653.47893148017,112103.55899288596,0.016141924640190125,0.01664578919690407
2021-02-02,139708.64954353156,113688.72251090854,0.014930030305113771,0.014140171215466735
2021-02-03,142067.42099643312,113778.12108033772,0.016883503352214627,0.0007863450961074214
2021-02-04,145864.5023317689,115071.27187141335,0.02672731938613206,0.011365548831330674
2021-02-05,148668.45768047863,115524.17296637634,0.019223013851115956,0.003935831138366819
2021-02-08,152011.5410700859,116358.47567206327,0.022486837098910986,0.0072218885819659295
2021-02-09,152849.90792231172,116281.00982609419,0.005515152641201617,-0.0006657516396777474
2021-02-10,155388.35508149705,116230.35386530172,0.016607449711226213,-0.0004356339944779908
2021-02-11,159337.64517573544,116418.07148979868,0.025415611692182934,0.0016150482060348637
2021-02-12,157622.74135173683,116993.16677240182,-0.010762703453457234,0.0049399141838002425
2021-02-16,153501.10208751625,116891.86453646903,-0.0261487601907843,-0.0008658816470014097
2021-02-17,152900.10858257467,116918.65505034129,-0.003915239022837281,0.00022919057693626677
2021-02-18,149402.62163600998,116421.04498501158,-0.02287432611387473,-0.004256036516289585
2021-02-19,151718.3024341172,116215.45733228096,0.01549959948995365,-0.0017658976756057543
2021-02-22,151285.19258286967,115321.54912320647,-0.0028546974511240056,-0.00769181853768941
2021-02-23,150343.6377482151,115461.6133390803,-0.00622370781025938,0.0012145537147110197
2021-02-24,151340.45761970794,116733.91092105725,0.006630276388298245,0.011019225742503247
2021-02-25,149165.4132095295,113921.12973446799,-0.01437186357427259,-0.024095664784943516
2021-02-26,150677.23999719313,113334.12109970908,0.010135236816191414,-0.005152763461239607
2021-03-01,154042.48046952608,116081.35947813721,0.022334099512279607,0.02424017014268065
2021-03-02,152670.06602964373,115175.55728821125,-0.008909324464908695,-0.00780316662380709
2021-03-03,149035.39232947666,113649.98958792406,-0.023807376224369483,-0.013245585575676011
2021-03-04,144992.4285921521,112243.59415180337,-0.02712754114396312,-0.012374795996199062
2021-03-05,146932.109009228,114308.48802126983,0.013377804868225132,0.018396540890109225
2021-03-08,147808.59873552306,113739.37847170109,0.005965270165965022,-0.004978716448973186
2021-03-09,149216.4111171809,115363.28459836036,0.009524563480754304,0.01427743098722245
2021-03-10,148897.1215917658,116081.35947813721,-0.002139774861388088,0.006224466321991695
2021-03-11,154148.06344320596,117258.35024286788,0.03526556991368025,0.010139360617605009
2021-03-12,155230.2747755553,117416.25543001891,0.007020596355062774,0.0013466434315676512
2021-03-15,158587.624988932,118116.46996721423,0.02162819216954317,0.005963522977554536
2021-03-16,154279.40392548568,117967.47558004965,-0.02716618691872705,-0.0012614192348106013
2021-03-17,155419.01259677645,118369.75945682879,0.007386654616848215,0.00341012533158902
2021-03-18,151726.9869620381,116647.52458944957,-0.023755302347191115,-0.014549618714122081
2021-03-19,153700.16789525538,116431.67983108238,0.013004811950236343,-0.0018504015333962176
2021-03-22,152497.02714888882,117361.39589618935,-0.007827842759329247,0.007985078171643512
2021-03-23,146000.64164525864,116437.65587846459,-0.042600079654585704,-0.007870901761783955
2021-03-24,143397.0518619837,115845.76567501748,-0.01783272836294068,-0.00508332290771063
2021-03-25,146970.77256199013,116497.45509489533,0.024921856158145246,0.005625491929554416
2021-03-26,149910.90494139938,118374.79599595156,0.020004878032257218,0.01611486619623581
2021-03-29,145158.0281724548,118315.0258364773,-0.03170467665979673,-0.0005049230198994614
2021-03-30,148479.13945226136,118001.13322130279,0.022879280750913302,-0.0026530241020134016
2021-03-31,150293.73710530868,118479.41072492278,0.012221229593203053,0.004053160258410626
2021-04-01,152010.67723195395,119758.88537514966,0.01142389669532426,0.010799130772159993
2021-04-05,154003.82010591496,121477.81743514261,0.01311186102354939,0.014353273701640745
2021-04-06,154444.4794644374,121406.06612394746,0.0028613534275927525,-0.0005906536082891378
2021-04-07,154650.82040885548,121546.57587982061,0.0013360202004861464,0.0011573536673998852
2021-04-08,155138.38951314622,122123.52112198612,0.003152709458648607,0.004746700908596413
2021-04-09,156943.8637342343,123011.3854841133,0.011637830112546573,0.007270215876270969
2021-04-12,157236.27009129903,123056.21068230597,0.0018631270449661064,0.0003643987750909794
2021-04-13,156919.58214881553,123420.90454305534,-0.002014089639111756,0.0029636363636362795
2021-04-14,158223.40277402336,122999.42370369674,0.008308845890064361,-0.003414987444137374
2021-04-15,160108.98329594184,124320.7306855991,0.01191720370602518,0.010742383517872156
2021-04-16,160080.3503426675,124736.27422018415,-0.00017883414587317606,0.003342512003375653
2021-04-19,158791.73281643607,124123.42426546456,-0.008049817004229616,-0.004913165464905389
2021-04-20,156502.8957634683,123214.68732293436,-0.014414081969957837,-0.007321236486246607
2021-04-21,158554.73756447306,124380.52021637768,0.013110567641546006,0.009461801338567444
2021-04-22,158173.91526311866,123244.53850288897,-0.0024018348943976274,-0.009133115953466997
2021-04-23,160138.2383555579,124580.81950302942,0.012418754945602893,0.010842516969700178
2021-04-26,161123.2843601983,124840.8889491554,0.006151222935607106,0.0020875560713393693
2021-04-27,162616.59625372343,124813.99189310937,0.009268132160133455,-0.00021545069305761722
2021-04-28,163455.60154472274,124778.12592316396,0.0051594075286770635,-0.00028735536297996855
2021-04-29,164383.66611174025,125573.29859412783,0.005677777685481163,0.006372692850456163
2021-04-30,161984.50389183557,124748.23600060074,-0.014594894229173802,-0.006570366493228841
2021-05-03,162702.7089448188,125017.26467497397,0.004433788638589845,0.0021565729744821294
2021-05-04,162097.6280432706,124245.99619353893,-0.003718935630957487,-0.0061692957643907365
2021-05-05,163020.44417723414,124284.88408695803,0.005692965067429532,0.00031299111931559764
2021-05-06,161799.4315309452,125277.36317805645,-0.00748993570991293,0.007985517292706357
2021-05-07,164909.6239734326,126189.13172971245,0.01922251773729223,0.007277999221296794
2021-05-10,161844.74199173116,124939.54700204877,-0.018585222061965247,-0.009902475043097936
2021-05-11,160516.62082434836,123824.48629722385,-0.00820614343745987,-0.00892480188684075
2021-05-12,155271.42616241652,121193.82442818354,-0.03267695666027979,-0.02124508607066422
2021-05-13,157588.95942352834,122649.6457472725,0.014925690569027306,0.012012339126665994
2021-05-14,161165.6751605746,124533.00143831958,0.022696486797870407,0.015355573834496372
2021-05-17,161364.54176414895,124216.09658532358,0.00123392653786988,-0.002544745965614381
2021-05-18,158867.04528921706,123145.89982129997,-0.015477356100835693,-0.008615604526652443
2021-05-19,156690.03068082823,122823.0286065739,-0.013703374443866405,-0.002621859235220958
2021-05-20,156797.45857157145,124144.36464543272,0.0006856076948637194,0.010758048013058907
2021-05-21,156014.33159481268,124042.71372602221,-0.004994513201253829,-0.0008188121925699621
2021-05-24,157606.59404888583,125307.23372931534,0.010205872997670753,0.010194230401038507
2021-05-25,157082.19525036964,125029.2167697384,-0.003327264329775004,-0.0022186824439640596
2021-05-26,160073.44862912834,125277.36317805642,0.019042599793000183,0.001984707372637784
2021-05-27,161024.79778975138,125343.12875621722,0.005943204002727572,0.0005249597891625601
2021-05-28,161390.31778374544,125567.3225467456,0.0022699608942921196,0.0017886404524369848
2021-06-01,162103.6259817615,125456.72208473999,0.004419770701312119,-0.0008808060868259471
2021-06-02,163025.92285050702,125654.00913357019,0.0056895511322447145,0.0015725506417818558
2021-06-03,163396.27975153955,125187.67403906243,0.002271766934710891,-0.0037112631560528575
2021-06-04,164698.5960264765,126332.63435210273,0.007970293307272787,0.009145950844034578
2021-06-07,165653.9920133989,126210.05273837624,0.005800875113524673,-0.0009703083795818968
2021-06-08,165677.740882094,126236.94979442225,0.00014336430053045728,0.00021311342054319837
2021-06-09,164577.92434630694,126048.61228818711,-0.006638287858896698,-0.0014919364460393991
2021-06-10,163826.54544550093,126634.55550120852,-0.004565490200404779,0.0046485494951880035
2021-06-11,166351.4424509906,126843.81401610747,0.01541201396039708,0.0016524598208658148
2021-06-14,165468.96809256563,127127.79733741446,-0.005304879509445544,0.002238842497048532
2021-06-15,165800.2444904244,126894.63463298666,0.0020020454691750036,-0.0018340812104921111
2021-06-16,164161.9914925031,126186.12917754309,-0.00988088409010721,-0.005583415386259394
2021-06-17,161892.13808631393,126144.27747456329,-0.013826911976106252,-0.0003316664299995997
2021-06-18,158483.1565238621,124442.54713280505,-0.021057116193216992,-0.0134903491131525
2021-06-21,161736.2677745879,126224.06787705056,0.02052654251769663,0.014316009960357645
2021-06-22,162004.45657022594,126898.87694863237,0.0016581858808055391,0.005346120458097792
2021-06-23,162190.174563667,126745.94050103902,0.001146375830473337,-0.001205183617623895
2021-06-24,163890.98056747715,127495.71652033285,0.010486492220541349,0.005915582119079277
2021-06-25,165663.74302656006,127948.59824399152,0.0108167176311024,0.0035521328560590426
2021-06-28,164960.95576816934,128206.51747533817,-0.0042422514761002615,0.002015803493640611
2021-06-29,163325.15058410692,128275.52774697231,-0.009916317327606356,0.0005382742858404121
2021-06-30,164468.06114495956,128383.4743402863,0.006997762174197967,0.0008415213346610884
2021-07-01,165360.56514263994,129094.28498094378,0.0054266098321286895,0.005536621004456066
2021-07-02,165771.35885130233,130081.03016596395,0.0024842301930209877,0.0076436008392302135
2021-07-06,163556.1356705143,129844.09005719406,-0.013363123739457717,-0.0018214808759400292
2021-07-07,163039.32009907972,130302.96719953924,-0.0031598666067516688,0.0035340625987909657
2021-07-08,162702.2420520865,129241.26475245923,-0.002067464748922975,-0.00814795295838644
2021-07-09,165518.80397633286,130620.87936035982,0.01731114389526786,0.010674722276534654
2021-07-12,165121.5457576818,131088.73510225659,-0.0024000790792799904,0.003581783740760347
2021-07-13,164001.90339366833,130641.86816858876,-0.006780716343684146,-0.003408888897426854
2021-07-14,162177.84073196922,130836.82097524863,-0.011122204218085395,0.0014922689746619255
2021-07-15,161357.4480041794,130389.93467027649,-0.005058599399813571,-0.0034156004528470563
2021-07-16,159103.29466115526,129367.21697313714,-0.01396993675163824,-0.007843532552766042
2021-07-19,157458.35482935605,127456.72208474006,-0.010338816900696365,-0.014767998671516458
2021-07-20,159924.04502772356,129283.23268326494,0.015659316401722193,0.014330437568530252
2021-07-21,161589.67831540888,130329.96111210686,0.010415152314316074,0.008096397399083743
2021-07-22,161772.11470186306,130602.88341864808,0.001129010146910931,0.002094087224551844
2021-07-23,162760.48869949777,131946.53520008165,0.006109668526348016,0.010288071337035465
2021-07-26,163970.78793361882,132270.42340828443,0.0074360752034582185,0.0024546927868294155
2021-07-27,162486.8896312488,131667.60778920175,-0.009049772347076724,-0.004557448321019897
2021-07-28,162942.37657023754,131613.6005927622,0.0028032227093669664,-0.00041017830692280377
2021-07-29,163801.40510189623,132159.46457714893,0.005271977429937685,0.004147473983906469
2021-07-30,163477.90514072243,131517.63515116912,-0.0019749522964870227,-0.004856477196191644
2021-08-02,166164.50542027235,131241.71029245856,0.016434026832172006,-0.0020980065402894654
2021-08-03,170260.2930194404,132309.42752952944,0.024648992206902254,0.008135502308614928
2021-08-04,169692.2681229275,131658.6098183459,-0.0033362147241696727,-0.004918906561199421
2021-08-05,169460.20143107173,132492.38949881622,-0.0013675737523151867,0.006332891419867925
2021-08-06,170464.06693024855,132711.31429457004,0.0059239012505550035,0.0016523575171520921
2021-08-09,169671.79544893498,132603.34832995172,-0.0046477330711446885,-0.0008135400149731353
2021-08-10,171681.91186825885,132768.29498622246,0.011847086394089932,0.0012439101904146987
2021-08-11,172322.1221500767,133098.23672702472,0.003729049116770659,0.0024850943580807527
2021-08-12,173963.38505402397,133497.11125424382,0.00952438887978579,0.0029968430613935837
2021-08-13,174616.32184094618,133740.04678170022,0.003753300079320958,0.0018197811561160293
2021-08-16,173408.54883944296,134054.97576165575,-0.006916724557990557,0.0023547844309459443
2021-08-17,171878.7124805832,133176.1965412539,-0.008822150748036101,-0.006555364434694955
2021-08-18,168923.52869933416,131718.6027478198,-0.01719342516940767,-0.010944852243040204
2021-08-19,168755.49277747647,131922.52446837904,-0.000994745510892086,0.001548161886819166
2021-08-20,169430.51261077708,132972.2554493903,0.003999987331913082,0.007957177784775338
2021-08-23,172301.8814470362,134141.9529180451,0.016947176703970425,0.008796552819997805
2021-08-24,171125.67265802744,134354.87260946023,-0.0068264419351122246,0.0015872714447895397
2021-08-25,172737.88216410787,134636.83162946595,0.009421201863160741,0.0020986140251519902
2021-08-26,172326.7565849929,133842.0076419798,-0.0023800545309708263,-0.005903466219953635
2021-08-27,175069.65294882396,135038.68933755008,0.015916833915911588,0.008941002280624222
2021-08-30,175548.80495885704,135632.53604273338,0.002736922144771278,0.004397604183634218
2021-08-31,174507.45919104607,135431.587817387,-0.005931944498596897,-0.0014815635776586067
2021-09-01,174660.76152189166,135503.56189858183,0.0008784858341084389,0.0005314423492683851
2021-09-02,175700.48472806156,135920.451738817,0.005952815029033347,0.0030765969129815662
2021-09-03,176411.04155070247,135887.472093215,0.004044136951247834,-0.00024263931718948584
2021-09-07,173201.0376288061,135401.6010383022,-0.018196162177149165,-0.0035755397273083966
2021-09-08,172586.76393054487,135236.65438203147,-0.003546593638646229,-0.0012182031453532582
2021-09-09,172394.01602511894,134657.81075204274,-0.0011168174258339503,-0.004280227373516188
2021-09-10,171775.23599509968,133596.0889336584,-0.0035893358962593705,-0.00788459141326292
2021-09-13,169113.13906204296,133938.00214052942,-0.015497559456897793,0.002559305512609633
2021-09-14,169020.81830284913,133215.18129119457,-0.0005459112148581838,-0.005396682329011027
2021-09-15,171700.90989319157,134327.8883825448,0.015856576824402148,0.008352704853645587
2021-09-16,171725.55135786172,134114.96869112967,0.00014351388519424544,-0.0015850743578188498
2021-09-17,169316.4141739722,132808.5194996395,-0.014028996645170528,-0.00974126306884493
2021-09-20,166925.16836801494,130594.04041822675,-0.014122941462132884,-0.01667422458857215
2021-09-21,166949.7770255718,130470.65489537104,0.0001474232903129112,-0.0009448020940356905
2021-09-22,167998.54383825077,131743.39801734732,0.006281929999333511,0.009755014435981257
2021-09-23,170410.93346074675,133344.08763578103,0.014359586502241693,0.01215005565761218
2021-09-24,169813.18341441182,133563.73885544678,-0.0035076977409588296,0.0016472512847041099
2021-09-27,168429.25574323736,133181.62050646302,-0.00814970689170282,-0.0028609437880239286
2021-09-28,164994.4742189814,130497.76503576453,-0.020393022038238562,-0.020151845731357865
2021-09-29,165533.8274542789,130717.39688412596,0.0032689169613137857,0.0016830314933073964
2021-09-30,163772.10603731137,129119.74856047021,-0.010642667085397545,-0.0122221552887255
2021-10-01,165876.09707938612,130654.22706074383,0.01284706591973255,0.011884150313032693
2021-10-04,166008.78974049917,128969.2916398296,0.000799950465735417,-0.012896141661998262
2021-10-05,168131.6744589134,130311.22906083101,0.012787785042784088,0.010405092591723397
2021-10-06,168445.27291456453,130852.80230131123,0.0018651955775753652,0.004155998254205651
2021-10-07,170942.44613139454,131984.1252161114,0.014824834046228122,0.00864576757168023
2021-10-08,169473.8639021211,131743.39801734727,-0.008591091694947465,-0.0018239102495845039
2021-10-11,168090.6021952032,130789.61310662476,-0.008162094585374178,-0.007239716942756491
2021-10-12,168196.35794728238,130467.66202885381,0.0006291592194808894,-0.0024615951536494096
2021-10-13,169544.41074406487,130937.03841813953,0.008014756164964047,0.0035976454393880086
2021-10-14,171368.41048150815,133139.46854826625,0.010758241627892486,0.016820528070089713
2021-10-15,171266.20713037418,134153.45947281018,-0.0005963955133085015,0.007616005498597422
2021-10-18,174233.52420562127,134550.60995394498,0.0173257592666152,0.0029604192295560328
2021-10-19,175666.86278939957,135588.66003845228,0.008226537288465376,0.0077149414994299725
2021-10-20,176680.31305557722,136121.19656546798,0.005769160159663408,0.003927588980263463
2021-10-21,177079.29031228754,136476.24351666681,0.002258187399661252,0.002608314944014367
2021-10-22,178869.19730317043,136334.83299514288,0.010107940842355338,-0.0010361548492260342
2021-10-25,180023.25231533888,137065.97381968243,0.006451949410900529,0.005362832142579599
2021-10-26,178411.5888158738,137189.3302855817,-0.008952529624573094,0.0008999787654193625
2021-10-27,175793.4854433403,136581.5556125935,-0.014674514082352897,-0.004430189080469993
2021-10-28,178001.04837330454,137899.42418797937,0.01255770613112823,0.009648949812256724
2021-10-29,179992.03347943796,138179.22330755362,0.011185243706868181,0.0020290086142260577
2021-11-01,179629.93241604342,138416.94795414837,-0.0020117616118600218,0.0017204080389541243
2021-11-02,180274.96542579765,138976.55587894897,0.003590899362252544,0.004042914780825635
2021-11-03,181383.03805677785,139825.05775070123,0.0061465696491078475,0.006105359759320361
2021-11-04,182624.0695405571,140483.97266708984,0.006842048170958443,0.004712423702791568
2021-11-05,183225.848210692,140971.37405504382,0.003295177200074733,0.003469444796446508
2021-11-08,185005.84276531287,141091.7570257302,0.009714756798800881,0.0008539533043026015
2021-11-09,185111.19368658794,140625.40255991815,0.0005694464547731709,-0.0033053275091543544
2021-11-10,181359.91164216865,139494.07964511798,-0.02026502001154288,-0.008044939919856442
2021-11-11,182236.2826297495,139539.19541287542,0.004832219974334747,0.0003234242476255478
2021-11-12,183132.682382233,140592.30668649022,0.004918887389207301,0.00754706425315721
2021-11-15,182893.62159914032,140640.42500641703,-0.0013053966118058294,0.00034225428873635444
2021-11-16,183446.85072223295,141197.07880730907,0.003024868326492034,0.00395799288054377
2021-11-17,181792.25319009443,140854.08080739624,-0.009019492706603162,-0.0024292145617326177
2021-11-18,182667.23041277792,141332.46485319003,0.004813061103151297,0.0033963094505433666
2021-11-19,181196.9758170996,141079.72744574852,-0.008048814187175068,-0.001788247362019879
2021-11-22,180897.71561023206,140682.5672789616,-0.001651573959874432,-0.0028151469667366813
2021-11-23,181574.76584994642,140869.11293954728,0.00374272409925361,0.001326004096980915
2021-11-24,182617.34374073448,141245.18744158366,0.005741865539012387,0.002669673246241011
2021-11-26,178329.73086770266,138094.98719072528,-0.02347867286427619,-0.022303062553272857
2021-11-29,182266.179438968,139788.95932510402,0.0220739893012325,0.012266717053524667
2021-11-30,176080.26014897673,137068.99574315615,-0.03393893101304983,-0.019457642399512642
2021-12-01,170024.06997669145,135546.52745155987,-0.03439448673668076,-0.011107313388719176
2021-12-02,172913.22484929537,137622.59856361803,0.016992622709243437,0.015316298772759529
2021-12-03,170706.0561690247,136425.10327326637,-0.012764603067199487,-0.008701298353976927
2021-12-06,168805.45034077455,138040.8347095033,-0.011133792619333099,0.011843358718230501
2021-12-07,176599.40009595192,140896.1940229843,0.04617119731290303,0.020684888783017552
2021-12-08,178025.90912404988,141269.28534415568,0.008077655005186278,0.0026479872203681865
2021-12-09,175883.6122810804,140315.50043343316,-0.012033623945583811,-0.006751537734468793
2021-12-10,179476.11642290305,141636.33281837974,0.020425462584208694,0.009413303454475885
2021-12-13,177262.14037962514,140381.67280898467,-0.012335769724708501,-0.008858320350640048
2021-12-14,174076.56195370684,139415.8486326283,-0.017971002827202962,-0.006879987658150677
2021-12-15,177184.7018463116,141594.2292884438,0.017855016538247944,0.01562505753241661
2021-12-16,172046.51367348287,140345.58406903956,-0.028999050816957958,-0.008818475340973131
2021-12-17,171318.09288019434,138851.89185000822,-0.004233859656528572,-0.010642958443897732
2021-12-20,168510.31190397206,137375.42072051586,-0.01638928457011129,-0.010633424649966305
2021-12-21,173579.38817982815,139815.0912146294,0.03008169778206081,0.017759148480257947
2021-12-22,176467.15666213445,141213.0504477195,0.016636586363091593,0.009998629053169061
2021-12-23,174388.9862490581,142091.69406899114,-0.011776528008864867,0.006222113455419898
2021-12-27,180270.63286858378,144102.59042767022,0.03372716790225307,0.01415210348398488
2021-12-28,180574.30182071065,143984.82258306682,0.001684517035829345,-0.0008172500178788011
2021-12-29,182168.20389814308,144169.02431583,0.008826848900210496,0.0012793135377646703
2021-12-30,180656.80817160042,143770.47910078432,-0.008296704332594246,-0.0027644302715997826
2021-12-31,180502.68661449858,143408.10011090097,-0.000853117901626175,-0.0025205382367078366
2022-01-03,178539.19858635595,144238.43169920263,-0.010877888107760381,0.005789990855882943
2022-01-04,178307.35961270495,144190.13903753698,-0.001298532621892864,-0.00033481133354495984
2022-01-05,175199.90160382845,141421.36945435902,-0.017427536449567335,-0.01920221175774839
2022-01-06,177218.18112949704,141288.53073499593,0.01151986677613799,-0.0009393115048708101
2022-01-07,177561.6147333865,140729.9301180199,0.0019379140543064042,-0.00395361615037082
2022-01-10,178368.5557971876,140554.81352698203,0.004544569303521746,-0.0012443450436663284
2022-01-11,177986.09901355242,141835.0339724252,-0.0021441939804123502,0.009108335839365544
2022-01-12,178781.01336021838,142218.4889414069,0.004466159722987252,0.0027035278819493858
2022-01-13,177269.07673236972,140258.91685351927,-0.008456919442571447,-0.013778602926198591
2022-01-14,178471.3698656607,140316.29465691024,0.006782306059539787,0.00040908488870528004
2022-01-18,176523.73657640434,137831.3534246047,-0.010912861209741394,-0.01770956992829309
2022-01-19,175486.06534587633,136400.15303330435,-0.0058783665622149685,-0.010383707013972177
2022-01-20,173965.4541277516,134890.46011690603,-0.008665139395128946,-0.011068117467798455
2022-01-21,171394.446393311,132242.49967310947,-0.014778840703353769,-0.0196304500815081
2022-01-24,172330.85374804892,132804.08347095054,0.00546346380785924,0.004246621163614295
2022-01-25,170169.67692654615,131182.68592820052,-0.012540858322807566,-0.01220894343286294
2022-01-26,168485.46204769198,130853.5868391361,-0.009897267887399079,-0.0025087082699658536
2022-01-27,168363.70145894875,130207.42792664113,-0.0007226771215950289,-0.004938029809525402
2022-01-28,173409.52447047,133441.17661302458,0.029969779517775342,0.024835362604699762
2022-01-31,175534.55275430574,135844.6033967585,0.012254391967943059,0.01801113303057722
2022-02-01,176806.1613118656,136762.4932805791,0.0072442065542489146,0.00675691091783559
2022-02-02,180143.04495515174,138091.0063876879,0.01887311855269723,0.009714016432730954
2022-02-03,179387.32081546684,134845.18937871413,-0.004195133594378002,-0.023504912404369027
2022-02-04,178548.12861760988,135479.27028296664,-0.0046781020756770176,0.004702287913821435
2022-02-07,179266.79247180672,135044.4813575413,0.004025042770042126,-0.003209265332749456
2022-02-08,178512.22536850636,136155.5903162853,-0.004209185052602803,0.00822772576542552
2022-02-09,179334.8130099925,138148.38419107886,0.004608018525275117,0.014636151700891498
2022-02-10,176623.05442895816,135666.464882247,-0.015121205612672873,-0.017965605051152966
2022-02-11,176209.41398366538,132991.28775588312,-0.0023419391462236945,-0.01971877964599289
2022-02-14,174840.2592778183,132556.50851610999,-0.007770042898922646,-0.00326923099332066
2022-02-15,174770.90787027587,134694.21911850915,-0.00039665582646048825,0.01612678718178029
2022-02-16,175552.2027202004,134845.1893787142,0.0044703941831352265,0.0011208369683053387
2022-02-17,175355.64398998732,131964.69579788015,-0.0011196597203987245,-0.02136148567187024
2022-02-18,175544.90645186335,131110.22756439782,0.0010793063603177868,-0.006474975964716023
2022-02-22,172319.61875241797,129703.18318958243,-0.018373006455358446,-0.010731766704655255
2022-02-23,171099.19243592836,127402.4146330836,-0.007082341089920038,-0.01773872082334238
2022-02-24,172468.5037224551,129319.71853494857,0.008003026005160748,0.015049195946456484
2022-02-25,178287.11989112172,132173.0535471283,0.033737268214666105,0.022064191327547666
2022-02-28,180619.71807220817,131834.8693163386,0.013083380238072907,-0.0025586473317659175
2022-03-01,179000.18060234998,129826.98519548101,-0.008966559615660218,-0.015230296288606615
2022-03-02,181215.81093260896,132215.32173315092,0.012377810585460003,0.01839630284931748
2022-03-03,182866.6679847383,131557.09449806562,0.009109895232835334,-0.004978448991061701
2022-03-04,186055.91980884076,130488.21498273566,0.017440312437740725,-0.008124833703633372
2022-03-07,184740.52139953006,126641.54854206755,-0.007069908932014533,-0.02947903334547919
2022-03-08,182146.98876354168,125681.40984352863,-0.014038785948749419,-0.007581545784873134
2022-03-09,183245.5322414672,129051.0191727488,0.00603108228899454,0.02681072191516054
2022-03-10,184348.23350387337,128468.27222493992,0.006017616085466907,-0.004515632278957793
2022-03-11,182868.07309071912,126834.79667394739,-0.008029154307698542,-0.012715011439808466
2022-03-14,180326.87910831659,125907.8410197058,-0.013896323942462502,-0.0073083702465697176
2022-03-15,182538.73339763848,128676.61060288375,0.012265804744468076,0.021990446033814726
2022-03-16,181084.4344765914,131529.90687245483,-0.007967070297781974,0.022174164024080456
2022-03-17,184356.20136789614,133175.46043168986,0.018067631824687104,0.012510869948617387
2022-03-18,185049.57934278884,134634.11964686148,0.0037610775756276183,0.01095291287481448
2022-03-21,188352.38311270415,134594.73778518228,0.01784821009399403,-0.00029251026249887957
2022-03-22,188100.01282205057,136169.6926258291,-0.001339883714147412,0.011701459258834479
2022-03-23,188410.55207427696,134416.04718849767,0.0016509262682514792,-0.012878382872979932
2022-03-24,191384.54326743068,136442.2856201969,0.015784631807571496,0.015074378945675537
2022-03-25,194689.84330834408,137108.61974613945,0.017270464920956352,0.004883633566483692
2022-03-28,195148.0360979434,138083.8583763945,0.002353449886307868,0.007112890728976362
2022-03-29,197135.65126765065,139792.08779075154,0.010185166140794042,0.01237095656539866
2022-03-30,196879.2393119783,138928.8927846738,-0.0013006878970065999,-0.006174848803816579
2022-03-31,197177.4577112547,136790.5816718408,0.001514727506661465,-0.015391406855499667
2022-04-01,197336.622285507,137178.27895646825,0.0008072148616773688,0.002834239608378253
2022-04-04,197049.78404038557,138353.42944728865,-0.0014535479618497976,0.008566593047820259
2022-04-05,196841.04018235518,136605.8278569046,-0.0010593457843507455,-0.01263142950171614
2022-04-06,199979.1447911715,135239.86033289626,0.01594232892647383,-0.009999335646493579
2022-04-07,202246.76615012315,135921.3331331636,0.01133928921098046,0.005038993670873904
2022-04-08,203899.64057802458,135557.88872154278,0.008172562950522265,-0.002673932069697793
2022-04-11,199086.26587735338,133240.90638332948,-0.023606587471297128,-0.01709219847007759
2022-04-12,201014.51218465134,132747.1996358199,0.009685481310327237,-0.0037053691761087526
2022-04-13,203486.55035872842,134267.63394046272,0.012297809482562448,0.0114536073741216
2022-04-14,203671.6473418708,132595.75477865906,0.0009096276034758169,-0.012451840497502253
2022-04-18,204495.01535523642,132650.28500031523,0.004042624607359004,0.0004112516403498301
2022-04-19,204241.60842147213,134791.6180366219,-0.0012391839151877533,0.01614269457695916
2022-04-20,205441.09290627812,134691.65242068705,0.005872870342514796,-0.0007416308030939733
2022-04-21,199645.731601239,132677.54042549114,-0.028209357840999018,-0.014953502752384273
2022-04-22,194598.90465216295,129036.99434842239,-0.025278912344373544,-0.027439053101178
2022-04-25,193516.26340549873,129785.08506424054,-0.005563449848802629,0.005797490243752534
2022-04-26,191683.31855649973,126026.40308778634,-0.009471787108446728,-0.028960816064447892
2022-04-27,191276.98108519282,126380.7623576819,-0.002119837419170826,0.0028117859528904443
2022-04-28,194217.65069600896,129573.06613847624,0.015373881342817652,0.025259412281115168
2022-04-29,189750.28809211153,124784.61531011082,-0.023001836279493405,-0.03695560328292258
2022-05-02,187079.0311552614,125535.74732070691,-0.014077749044330302,0.006019428025878071
2022-05-03,191486.92000541044,126111.20097243992,0.023561640355571692,0.004583982363707939
2022-05-04,195807.9078753208,129951.65891007402,0.022565446610077932,0.030452948731123364
2022-05-05,191489.75943247433,125332.80385101575,-0.02205298289380625,-0.035542871078348526
2022-05-06,189673.24215642715,124584.73250650195,-0.009486237182765483,-0.005968679559766654
2022-05-09,179901.1328928957,120595.86132083282,-0.05152075829163208,-0.032017335554827664
2022-05-10,181378.5462966691,120874.48847649578,0.008212362979687339,0.0023104205452100235
2022-05-11,182544.49787087727,118954.24982202658,0.006428277202647059,-0.01588621948826363
2022-05-12,182330.99928620775,118830.09913265028,-0.0011695700892641638,-0.0010436843539599616
2022-05-13,186817.66690822234,121671.0461957184,0.02460726722048964,0.02390763858487377
2022-05-16,190635.87406423394,121177.3685051653,0.02043814816447389,-0.004057478800330028
2022-05-17,194839.7482468058,123670.048573546,0.022051852534090123,0.020570508331136494
2022-05-18,187366.4334388278,118684.68843678456,-0.0383562126066363,-0.04031178279837622
2022-05-19,187615.52988059548,117957.80929919504,0.0013294614045638367,-0.006124455876856394
2022-05-20,186912.52322063074,118009.2982260732,-0.0037470600670006515,0.00043650290882868426
2022-05-23,194094.61120750743,120217.25886358286,0.03842486240688645,0.01871005650147839
2022-05-24,195840.41401112243,119299.56269280544,0.00899459697903988,-0.007633647443407332
2022-05-25,197797.61632979743,120353.53598946244,0.009993863261358621,0.008834678626366443
2022-05-26,197313.47389464406,122758.3768784116,-0.0024476656702784125,0.019981472660344002
2022-05-27,199876.28455025767,125771.9900625213,0.012988523312817437,0.024549144919817634
2022-05-31,198117.54572983723,125066.2934462039,-0.008799137048088334,-0.005610920332632219
2022-06-01,198230.38613577688,124054.6948777433,0.0005695629103620186,-0.008088498831987367
2022-06-02,197743.2950814082,126417.10292458313,-0.0024571967187464105,0.019043278040931755
2022-06-03,196921.95897175765,124342.4168607837,-0.004153547200234682,-0.01641143497044939
2022-06-06,196604.37288900008,124721.00963238151,-0.0016127509822462195,0.0030447596335663185
2022-06-07,197960.22868847178,125917.37170143051,0.006896366441641763,0.0095923058398526
2022-06-08,195541.48154902484,124548.38225394853,-0.012218348884882855,-0.010872125338893368
2022-06-09,190353.36063177307,121586.26768236913,-0.026532073277510823,-0.023782842602803056
2022-06-10,188913.19838338761,118060.77746729921,-0.007565730615974538,-0.0289957927179727
2022-06-13,180661.1075279053,113578.23827672914,-0.043681918077185994,-0.037968064303249616
2022-06-14,178591.3265659409,113235.98607203258,-0.011456704712411381,-0.00301336074488745
2022-06-15,177696.79245690344,114850.30340305426,-0.005008832882526168,0.014256221780899025
2022-06-16,173128.97172960543,111049.21764144722,-0.02570570162883402,-0.03309600104640187
2022-06-17,170605.08395198284,111288.62759151768,-0.014578078714430485,0.002155890470507016
2022-06-21,174640.61087183104,114090.14436464582,0.02365420083837592,0.025173432665654305
2022-06-22,173462.18214705065,113883.29757713451,-0.006747735929790361,-0.0018130118833946662
2022-06-23,174116.60221456428,114999.65615934876,0.003772695923765352,0.009802654172865966
2022-06-24,177759.31806438026,118655.95110682832,0.020921128734909714,0.03179396416988611
2022-06-27,180792.87521923814,118202.71101403976,0.017065531010639852,-0.0038197839093674357
2022-06-28,182021.07043776242,115787.48710597598,0.006793382853361538,-0.020432897751193946
2022-06-29,181193.37667034834,115693.21665351074,-0.004547241511235423,-0.0008141678761796056
2022-06-30,181121.59220183242,114753.2725397237,-0.0003961760072860019,-0.008124453109485952
2022-07-01,184213.9560453631,115966.96224048549,0.017073413533626142,0.010576514934174552
2022-07-05,179855.8931581028,116185.96452145655,-0.023657615203633832,0.0018884885551879727
2022-07-06,180492.90617591917,116578.36903303332,0.0035417967497812903,0.003377383087475261
2022-07-07,181781.3396936912,118324.38217646329,0.007138416379180381,0.014977162212101547
2022-07-08,181454.90843947046,118227.04137226359,-0.00179573577117862,-0.000822660574339884
2022-07-11,181957.40118905355,116876.4643495362,0.0027692430803035453,-0.011423588098384396
2022-07-12,180391.26363618983,115842.24009763176,-0.008607165977472218,-0.008848866687235168
2022-07-13,180647.44200670705,115233.8649142097,0.0014201262597385443,-0.005251756033976096
2022-07-14,179384.68995104823,114954.02705202684,-0.006990146340471937,-0.002428434231475207
2022-07-15,182087.40350568865,117150.22930781524,0.015066578732989696,0.019105048445100747
2022-07-18,179429.24523950604,116182.94259798285,-0.014598254547023619,-0.008256805945217716
2022-07-19,182183.2186483605,119322.11089103195,0.015348520277050689,0.027019183908185918
2022-07-20,180452.07443636746,120082.56049900518,-0.009502215543432587,0.006373082090943782
2022-07-21,179833.57872925044,121305.38376975305,-0.003427479063617771,0.010183187847314423
2022-07-22,180424.24380249952,120179.89161755271,0.003284509363728764,-0.009278171481132413
2022-07-25,184607.35943019495,120325.91250950444,0.023184886573638458,0.0012150193346520677
2022-07-26,185804.33405999374,118902.32504080121,0.006483894431367088,-0.011831096386580864
2022-07-27,186475.19184677122,121989.80100827682,0.003610560486500179,0.025966489439261498
2022-07-28,187327.2260850786,123519.84347986153,0.004569155981925464,0.012542380255878172
2022-07-29,189161.41463288528,125320.59024364299,0.009791361278011113,0.014578603024825387
2022-08-01,186686.87458488962,124949.52322377286,-0.013081632175346835,-0.0029609421655987234
2022-08-02,185849.54455380066,124125.1676828534,-0.004485211040951929,-0.006597508495035376
2022-08-03,185079.4285724289,126068.92310076507,-0.004143760390808005,0.01565963981517493
2022-08-04,181803.86833764278,125983.71841872082,-0.017698132418343084,-0.0006758579350769622
2022-08-05,185376.64914697484,125770.76967034921,0.019651841525708015,-0.0016902878486555473
2022-08-08,187205.89134138278,125624.78752100615,0.009867705575785021,-0.0011607001350607549
2022-08-09,190141.37311117558,125125.9473778522,0.01568049888152153,-0.003970873527412211
2022-08-10,190653.36405474367,127754.06192037465,0.0026926856327514157,0.02100375339885452
2022-08-11,192123.6108356332,127754.06192037465,0.007711622546913773,0.0
2022-08-12,192858.56868601876,129916.81961925741,0.003825442626176387,0.01692907189307813
2022-08-15,194282.76248893925,130452.17467105144,0.007384654011609518,0.004120752442701159
2022-08-16,195151.30419151584,130707.70154631475,0.004470503154524618,0.0019587781952095096
2022-08-17,194289.97107653998,129779.94198294396,-0.0044136682485634345,-0.007097971675693926
2022-08-18,195287.53663716154,130157.12064932652,0.005134416126031419,0.0029062939975126323
2022-08-19,198988.38961565294,128408.06621111855,0.018950789396086517,-0.01343802344030276
2022-08-22,196741.64591650155,125734.29350431777,-0.011290828090477899,-0.020822466887748137
2022-08-23,196657.7972346278,125430.13496956324,-0.0004261867459894597,-0.00241905789007435
2022-08-24,198885.87330711147,125831.66336547396,0.01132971132502521,0.003201211543048643
2022-08-25,198739.25730938668,127608.07008537943,-0.000737186584883144,0.014117326850762169
2022-08-26,195589.55027802888,123288.65664847418,-0.01584843917603315,-0.03384906169347468
2022-08-29,196692.36314416403,122473.45404884513,0.005638403813330045,-0.00661214601399529
2022-08-30,193113.12531997042,121128.94024436938,-0.018197136721420336,-0.010978001844706098
2022-08-31,193017.96628989853,120207.27295620668,-0.0004927631403313725,-0.007608976734241102
2022-09-01,189805.42667337228,120584.47099389353,-0.016643733628926936,0.0031378969708786286
2022-09-02,189550.56061884147,119312.9773210458,-0.0013427753831792015,-0.01054442302866776
2022-09-06,186675.06107222842,118862.79789433956,-0.015170092545361854,-0.00377309691547556
2022-09-07,187925.57357086125,120998.14519761186,0.006698872851307154,0.01796480766985198
2022-09-08,188181.37818285733,121789.03681032138,0.0013612017094608853,0.006536394515947785
2022-09-09,189851.373906896,123681.05147439876,0.008874394162508202,0.015535180453262631
2022-09-12,192456.16924563618,125010.33943368029,0.013720181661774888,0.010747709074552025
2022-09-13,186658.62696958802,119574.5674145608,-0.0301239617247532,-0.04348257947098244
2022-09-14,190218.7373691557,120030.86817343168,0.01907284146126129,0.003816035204951884
2022-09-15,186985.17210957324,118668.10660028804,-0.016999194213486356,-0.011353425946853846
2022-09-16,185362.42446900456,117762.80806427434,-0.008678483016919421,-0.007628827677035543
2022-09-19,186825.87953376965,118676.04883505855,0.007895101010668096,0.007754916733012651
2022-09-20,185354.55378963685,117313.81028713152,-0.007875385079436208,-0.011478630787753463
2022-09-21,184969.55626949776,115267.40632763693,-0.0020770869248566606,-0.01744384531101606
2022-09-22,183944.40041314656,114299.18979519725,-0.005542295051287054,-0.008399742505592722
2022-09-23,178094.3805473217,112384.12327898105,-0.0318031962521582,-0.01675485643990693
2022-09-26,174331.45674861743,111272.34601023808,-0.021128818254343675,-0.009892654196207884
2022-09-27,173527.57554456196,110988.29488936596,-0.00461122289142942,-0.0025527557480091723
2022-09-28,178195.04699396138,113172.13825299926,0.026897577717847142,0.019676339435704904
2022-09-29,175792.62865215933,110808.08364529238,-0.013481959135954359,-0.020889016008710293
2022-09-30,175803.03655690682,109094.59492181291,5.9205581185637485e-05,-0.01546357149325428
2022-10-03,179477.51533288695,111974.84636134298,0.020901110970234598,0.026401412843544803
2022-10-04,185363.09830512793,115444.56659128037,0.0327928708023658,0.030986604069458634
2022-10-05,185536.28565103884,115175.7897438633,0.0009343140435958811,-0.0023281896701874416
2022-10-06,185439.65539661987,113987.64110784525,-0.0005208159367850682,-0.010315958229245359
2022-10-07,182795.8508166037,110808.0836452924,-0.01425695369397432,-0.02789387894732054
2022-10-10,180897.10383814713,109962.02255788424,-0.010387254250981675,-0.007635373337170015
2022-10-11,181841.42524977474,109265.6532245961,0.005220212991759743,-0.006332816704254118
2022-10-12,182262.70495247463,108905.24042210105,0.0023167421951364267,-0.003298500414894323
2022-10-13,187153.84707003983,111779.38021511868,0.026835671723628645,0.026391198273635563
2022-10-14,181624.79080963088,109232.07306856025,-0.02954284053984619,-0.022788703441155023
2022-10-17,183617.12456675866,112038.98474994105,0.010969503382476146,0.025696772042576033
2022-10-18,185622.38108980982,113355.39079185089,0.01092085788720701,0.011749535617873619
2022-10-19,184396.8184577792,112552.1112300298,-0.006602450765016668,-0.007086381655162066
2022-10-20,182918.12391671567,111608.3122266834,-0.008019089230664318,-0.008385440246584941
2022-10-21,181964.69478787357,114320.57571516474,-0.0052123272884442295,0.024301626235262663
2022-10-24,182514.21408384206,115719.45508520993,0.0030199226097628717,0.012236461908051943
2022-10-25,185784.77411598954,117567.3225467458,0.017919481222679362,0.01596851160572088
2022-10-26,186187.00411728595,116681.56965678933,0.002165032108849024,-0.007534005799989862
2022-10-27,187205.46357440992,116058.48196773752,0.0054700888601356265,-0.005340069480420873
2022-10-28,188685.25468036882,118819.59988570974,0.007904636316187081,0.023790746450912392
2022-10-31,192039.0076738502,117961.32519092885,0.017774324756656947,-0.007223342744853922
2022-11-01,193500.64865309765,117445.15741606217,0.007611167111058171,-0.004375737336209551
2022-11-02,191553.10266946242,114497.7166075039,-0.01006480338537135,-0.025096316216058456
2022-11-03,190010.209750927,113318.74996973277,-0.008054648538884695,-0.01029685720120177
2022-11-04,191456.48839207116,114949.76536507688,0.007611583835626552,0.01439316437729632
2022-11-07,195013.493504044,116049.31934079494,0.018578660571109434,0.009565517356437514
2022-11-08,199292.88464470088,116675.46769592907,0.021944077118787302,0.005395536645030674
2022-11-09,194386.28871586386,114271.70191436957,-0.024620025635056997,-0.020602152526390638
2022-11-10,197557.66601919904,120551.39449177006,0.016314819961251413,0.054954047871853984
2022-11-11,193855.07948269928,121718.1668934728,-0.018741801374287943,0.00967863048471318
2022-11-14,192056.64704366785,120682.7416207006,-0.009277200493433295,-0.008506743892046753
2022-11-15,191759.23579592723,121712.06493261251,-0.0015485600332957772,0.00852916745251786
2022-11-16,190587.30693161575,120783.55957402545,-0.006111459818074462,-0.007628704344972981
2022-11-17,191878.32020157907,120413.95508763137,0.006773868054216901,-0.003060056250184906
2022-11-18,193540.1460860093,120960.69078071244,0.008660831941224044,0.0045404678609151095
2022-11-21,194231.45659553158,120520.84594486,0.0035719230531894744,-0.0036362625991430697
2022-11-22,196453.50331433772,122142.71808456587,0.01144020004665525,0.013457191799399526
2022-11-23,194702.11444057646,122912.40780469896,-0.00891502999037358,0.006301560438504383
2022-11-25,195242.89525839264,122884.91023821908,0.0027774778890819925,-0.00022371676685062347
2022-11-28,193258.47821077475,120924.0209016378,-0.010163837434348861,-0.015957120632468014
2022-11-29,193796.19546770662,120716.35083369297,0.0027823734405351005,-0.0017173599289571628
2022-11-30,197596.414944854,124518.9669283412,0.019609360586135237,0.031500422837391406
2022-12-01,196929.36266078323,124427.35034456756,-0.0033758319160645707,-0.0007357640850518266
2022-12-02,198112.2549966844,124283.79929391644,0.006006683411344494,-0.001153693703623837
2022-12-05,195430.62860531107,122048.04083470997,-0.013535893533785853,-0.017989138342312527
2022-12-06,192482.3014517326,120288.72929086542,-0.015086310547221565,-0.014414910160067018
2022-12-07,195153.52915083556,120084.09083204641,0.013877783458303147,-0.0017012272057858047
2022-12-08,194990.93755176908,121024.81948365836,-0.0008331471112716466,0.007833915759313026
2022-12-09,191110.18644117727,120120.74133981674,-0.019902212683917717,-0.0074701879143368455
2022-12-12,193352.32167494562,121852.5553171814,0.0117321597321473,0.014417276800393841
2022-12-13,193191.52872222546,122774.95871490818,-0.0008316060098336755,0.007569832206848481
2022-12-14,193769.31379211697,121990.00440697224,0.002990737087247147,-0.0063934398036220585
2022-12-15,191585.9765015452,119005.91309064366,-0.011267714416918082,-0.024461769067351646
2022-12-16,191410.5529031734,117600.91238843386,-0.0009156390335822336,-0.011806141944725401
2022-12-19,190951.80339501915,116603.70669908178,-0.002396678245772224,-0.00847957442760583
2022-12-20,187123.23895437605,116763.25844709986,-0.020049899359803374,0.0013683248374756207
2022-12-21,190611.4613282529,118509.1650483561,0.018641310365129758,0.01495253408029229
2022-12-22,190003.55826455943,116818.47635005931,-0.003189226185337288,-0.014266311787842878
2022-12-23,190011.77890759002,117490.4668968628,4.326573199816045e-05,0.0057524337570522555
2022-12-27,189925.65950666217,117027.12466887225,-0.0004532319071110164,-0.003943658070550526
2022-12-28,187294.2991473908,115572.73682630282,-0.013854685912932568,-0.012427784128547947
2022-12-29,187900.09616487884,117653.08899661535,0.0032344658659967693,0.018000371259176307
2022-12-30,187023.50998594562,117343.1674988261,-0.004665171529045032,-0.0026341977115293957
2023-01-03,185391.56781007585,116849.17018175173,-0.008725866475249132,-0.004209851562761768
2023-01-04,186407.03797278696,117751.28213820505,0.005477434463208036,0.0077203111930546076
2023-01-05,187088.0070125186,116407.32041590239,0.003653129447993551,-0.011413563384602976
2023-01-06,190026.39282870956,119076.79269314451,0.015705901533251826,0.02293216842123491
2023-01-09,185419.85249014825,119009.28369759506,-0.024241581761295927,-0.0005669366299058121
2023-01-10,186915.65460142388,119843.89634415109,0.008067108732896209,0.007013004537333334
2023-01-11,187202.06964442795,121359.6621644532,0.0015323223922298179,0.012647834946465153
2023-01-12,186217.05588499544,121801.51193030257,-0.005261767464982726,0.0036408289045055664
2023-01-13,186754.24157050572,122274.0264708879,0.002884728699835244,0.0038793815700390866
2023-01-17,185427.979472502,122050.03607905484,-0.007101643779817605,-0.001831872216021213
2023-01-18,181531.5765219458,120123.11432459581,-0.02101302598259717,-0.01578796546369654
2023-01-19,180894.6652990687,119248.6161624483,-0.0035085423433212507,-0.007280015732729406
2023-01-20,181421.17684522815,121470.10765602431,0.002910597420266516,0.01862907566616734
2023-01-23,181015.40445948817,122927.57553598034,-0.002236631868429215,0.011998572390198747
2023-01-24,181193.96191125462,122795.64726792023,0.000986421306515916,-0.0010732194748402923
2023-01-25,182011.52715704413,122841.68317263278,0.00451209983580997,0.00037489850606919894
2023-01-26,180586.55369929902,124191.73717014358,-0.007829028633530287,0.010990194554836297
2023-01-27,181223.24715656025,124477.10553970932,0.0035256969260367703,0.002297804798195191
2023-01-30,181889.53379004978,122915.3135003468,0.003676606858908901,-0.012546821623067639
2023-01-31,183868.47846838413,124722.57870803143,0.010879926057859838,0.014703336437241532
2023-02-01,184796.68175554974,126048.10863427518,0.005048191483921104,0.010627826492801695
2023-02-02,182713.82300059174,127882.96826496128,-0.011271083090730098,0.014556820015521943
2023-02-03,182343.25912592374,126523.69352659496,-0.002028110783204362,-0.010629052146725604
2023-02-06,182162.6868110575,125750.46854342378,-0.000990287854521375,-0.006111305808572998
2023-02-07,179540.87147253595,127395.11165135587,-0.01439271337296941,0.013078624095656188
2023-02-08,177289.37677993393,126002.07272956266,-0.01254029054296104,-0.01093479101149153
2023-02-09,175722.52513560298,124909.724879051,-0.008837820250650703,-0.008669284773244579
2023-02-10,177193.6380965621,125201.24363773782,0.008371795020722888,0.002333835567799758
2023-02-13,179269.89211255423,126670.98323897952,0.01171742980332446,0.01173901758910878
2023-02-14,179105.73582574184,126612.68529863346,-0.0009156935661529413,-0.000460231213616491
2023-02-15,180464.6922611365,127023.84123279038,0.007587453462220991,0.003247351820926614
2023-02-16,180318.69105491307,125274.86427979969,-0.0008090292034086432,-0.013768887289319465
2023-02-17,180588.0320484449,124961.92085853677,0.0014936942585159758,-0.002498054362796709
2023-02-21,178793.7407888889,122455.07068104717,-0.009935825974750402,-0.020060912638558692
2023-02-22,179474.84316369088,122286.30787782573,0.003809430754101015,-0.001378161004545242
2023-02-23,179875.14129750463,122936.7865911837,0.0022303857563403862,0.005319309452108456
2023-02-24,178471.54920466294,121623.51870057345,-0.007803146575547001,-0.010682464761157417
2023-02-27,179015.7060044921,122037.76435776916,0.0030489834500461973,0.0034059667210875055
2023-02-28,179199.94380384393,121586.71322236858,0.0010291711462860334,-0.003695996380909339
2023-03-01,183920.2085569521,121120.31032829572,0.02634077139150836,-0.0038359692577581983
2023-03-02,185377.19545717735,122062.30780034051,0.00792184236662641,0.007777370033906994
2023-03-03,187554.25740863796,124019.92338649197,0.01174395775106818,0.016037838554990858
2023-03-06,187385.88646929068,124105.83512114384,-0.0008977185678084724,0.0006927252678921025
2023-03-07,185656.92525818825,122203.45680925615,-0.009226741905056918,-0.015328677414971792
2023-03-08,185562.96965901004,122402.90375851786,-0.0005060710719384481,0.0016320892589234415
2023-03-09,181976.0602461388,120144.58741543267,-0.019329877181112776,-0.018449859225076026
2023-03-10,179527.32065620171,118410.97190676644,-0.013456383145260665,-0.014429409979758723
2023-03-13,179371.63078829803,118242.19941789284,-0.0008672210298388641,-0.0014253112372600851
2023-03-14,182287.95815748896,120196.75433796202,0.016258576433599375,0.016530096105209946
2023-03-15,182079.92204855743,119445.00244562772,-0.0011412498720940276,-0.006254344357923047
2023-03-16,184611.20685604503,121540.66763200388,0.013902053444489897,0.017545021921952175
2023-03-17,182353.60599090526,120119.55000460125,-0.012228948088184958,-0.011692527736522407
2023-03-20,183957.233590458,121274.58339588706,0.008794054775273896,0.009615698620595747
2023-03-21,186128.78116001826,122866.96272476822,0.011804632670193035,0.013130363216198537
2023-03-22,181837.62633633325,120772.52761621626,-0.023054762390539857,-0.017046365126186624
2023-03-23,182867.56884138187,121099.01157919769,0.005664078033792713,0.00270329659754176
2023-03-24,184496.07996237424,121893.67091059712,0.008905412432124081,0.006562062902385701
2023-03-27,186378.38729268048,122121.5743059025,0.010202424521378175,0.0018696901455410586
2023-03-28,185566.39635905356,121847.47034979786,-0.004356679684924047,-0.0022445170532933156
2023-03-29,187033.83758865637,123618.50153275498,0.007907903900679546,0.014534821099468687
2023-03-30,187860.82992616232,124342.31031861008,0.004421618826667868,0.0058551816830048065
2023-03-31,190569.31158785324,126094.88064855181,0.014417490132219019,0.014094722266708937
2023-04-03,191437.4877692756,126575.35679521196,0.004555697736370142,0.0038104334148134633
2023-04-04,189149.23742451,125873.11795671536,-0.011952989831978275,-0.00554799019553831
2023-04-05,188549.20238750393,125543.55395634731,-0.0031722836696371475,-0.0026182238568316363
2023-04-06,188603.96530309654,126033.26052951516,0.00029044363433618534,0.0039006906984497824
2023-04-10,189026.951199621,126162.62209975309,0.002242720060761563,0.0010264081853823548
2023-04-11,189234.47271425056,126196.52188231019,0.001097840880956826,0.0002686990963955971
2023-04-12,187700.20144451075,125682.14595309293,-0.008107778924913961,-0.004075991331179196
2023-04-13,188469.8523175442,127351.54558794387,0.004100426462573408,0.01328271109783552
2023-04-14,187865.86598890595,127040.4618118955,-0.0032046840447489456,-0.0024427169266942883
2023-04-17,188793.62249279584,127496.30734511488,0.004938398463213403,0.003588191720322431
2023-04-18,188842.92253482764,127579.45866890137,0.00026113192480155646,0.0006521861339985335
2023-04-19,188154.3855761778,127557.9080928472,-0.003646082942413976,-0.00016891885479852764
2023-04-20,186920.27606115217,126861.81964347168,-0.006559026042611094,-0.0054570387660234365
2023-04-21,186908.24379839536,126960.39052549558,-6.437109451346555e-05,0.0007769940735591341
2023-04-24,186793.64657786334,127092.82244746796,-0.0006131202038130253,0.0010430963659158188
2023-04-25,186697.60790267997,125075.3689022771,-0.0005141431571300064,-0.01587385901375138
2023-04-26,184736.2034885236,124545.60247177893,-0.010505782244295056,-0.0042355775973133
2023-04-27,184750.17716371722,127025.07131061451,7.564123831554003e-05,0.019908120315989652
2023-04-28,184290.6763608433,128109.23478505167,-0.0024871467509703167,0.00853503535365907
2023-05-01,186918.5280102224,127979.89258611806,0.014259276167795456,-0.0010096243190479415
2023-05-02,187561.65426602197,126541.48606961129,0.003440676869466943,-0.01123931648511789
2023-05-03,187487.81663074766,125672.89615528088,-0.0003936712733914253,-0.006864072339506033
2023-05-04,185101.46695721,124782.79440750495,-0.012728025300105266,-0.007082686681113226
2023-05-05,186545.39105465394,127092.82244746796,0.007800716661946903,0.018512392280774836
2023-05-08,187353.51246999716,127126.69317306859,0.004332036351980834,0.0002665038430051947
2023-05-09,188540.18732487975,126569.20640609086,0.006333881010491339,-0.004385284892282848
2023-05-10,181486.49302793236,127160.59295562572,-0.037412152798983474,0.004672436260976687
2023-05-11,183911.47522625633,126938.81089248495,0.01336177782635739,-0.0017441100107024043
2023-05-12,183936.50712029124,126772.49855925978,0.00013610838586387494,-0.0013101771795076544
2023-05-15,184349.56698023455,127209.86386815946,0.002245665454945099,0.0034500014898359854
2023-05-16,181827.68259686825,126359.77354945306,-0.013679904025143115,-0.0066825817814523125
2023-05-17,181274.03834954352,127893.64185364067,-0.003044884252043251,0.0121388972225982
2023-05-18,180861.02407076387,129125.65680828762,-0.002278397295829194,0.009633121215336438
2023-05-19,178377.0690443795,128937.77452770396,-0.01373405375285567,-0.0014550344619939093
2023-05-22,178169.84904786214,128990.14484892863,-0.0011616963863543986,0.00040616740452126265
2023-05-23,175962.5407325222,127542.50790591417,-0.012388787031788837,-0.011222849192935813
2023-05-24,173932.18538917488,126618.50637558111,-0.011538565736179247,-0.007244655491757013
2023-05-25,175523.0703606884,127714.98999956471,0.009146581858635858,0.008659742208071641
2023-05-26,176546.87795400145,129368.9797618304,0.00583289473690946,0.012950631419783365
2023-05-30,177474.87171876815,129418.26036001627,0.005256358965512041,0.00038093056215338095
2023-05-31,177363.54648863565,128700.62133458657,-0.0006272731967874789,-0.0055451141394835535
2023-06-01,176302.74029826783,129923.40586272582,-0.0059809707877925295,0.009500999416003797
2023-06-02,178316.27777408733,131802.25772551887,0.01142090855997477,0.014461226984598952
2023-06-05,178687.96787087055,131549.6849741641,0.0020844428866672784,-0.0019163006439598673
2023-06-06,178728.68209386378,131836.13813677165,0.00022785094865869753,0.0021775283054750183
2023-06-07,179515.51891996525,131380.28291790013,0.004402409377630033,-0.0034577409905515166
2023-06-08,179772.52090273958,132174.94224929955,0.0014316421461525548,0.006048543310688492
2023-06-09,179895.30214999893,132412.09544241693,0.0006829811733340307,0.0017942371608536956
2023-06-12,180837.21100147956,133613.3197088499,0.005235872422589779,0.009071862071356795
2023-06-13,180860.3577639907,134494.21040142246,0.00012799778531728746,0.006592835912557771
2023-06-14,181980.42401780322,134654.39171683087,0.006192989263430064,0.0011909904146083505
2023-06-15,183416.91282000407,136323.7913516818,0.007893644659605304,0.012397661996510045
2023-06-16,183247.37977457847,135859.43213021453,-0.0009243043229714359,-0.0034062962661399743
2023-06-20,181626.16995042987,135154.57816563494,-0.008847110535184471,-0.005188112106224607
2023-06-21,181328.68854688114,134462.08309321047,-0.0016378774249873503,-0.0051237263422612145
2023-06-22,181637.94476971077,134947.450494211,0.0017055007969666827,0.0036096971713881487
2023-06-23,178849.58062606383,133927.24138098088,-0.015351220512774141,-0.007560047333194264
2023-06-26,178983.50116807007,133380.04077659617,0.0007487886834145295,-0.004085805088959282
2023-06-27,181616.541965289,134842.34179697963,0.0147110810775035,0.010963417104008277
2023-06-28,181457.11260567044,134910.34476078922,-0.0008778350137788254,0.0005043146158938416
2023-06-29,181786.23124465515,135442.08706432785,0.001813754414245185,0.003941449445418632
2023-06-30,184352.5436153402,137040.39401233042,0.014117198828063022,0.01180066685803105
2023-07-03,184611.12194516213,137198.05705817742,0.001402629574569186,0.001150485935065504
2023-07-05,183069.88557360586,136994.02879544444,-0.008348556442954189,-0.0014871075225685315
2023-07-06,182253.58187160775,135921.26533359863,-0.004458973137173359,-0.007830731538289282
2023-07-07,181036.71311556164,135578.09299194693,-0.006676789249076981,-0.0025247877203720126
2023-07-10,182013.59382079192,135921.26533359865,0.005396036463646593,0.0025311784085360056
2023-07-11,182433.65533721843,136786.89143836836,0.002307857933073215,0.006368584802717514
2023-07-12,182870.35815477354,137887.452721911,0.002393762361160196,0.008045809594543707
2023-07-13,182796.97639367112,138981.87330198468,-0.0004012775052385508,0.007937057059723251
2023-07-14,183068.947796937,138895.302942986,0.0014878331613107985,-0.0006228895678401791
2023-07-17,183686.32192518486,139377.56124964345,0.003372358533095721,0.0034720994622503554
2023-07-18,184633.37378797636,140413.23834937176,0.00515581047551934,0.007430730531102325
2023-07-19,184301.3926199344,140725.47471802705,-0.001798056121875362,0.0022236960868204925
2023-07-20,182831.86220965965,139791.81659249132,-0.007973517667905996,-0.0066346063312738845
2023-07-21,182466.78192184563,139791.81659249132,-0.0019968088898826074,0.0
2023-07-24,182512.61794826432,140416.32807241054,0.00025120203215040187,0.004467439476373292
2023-07-25,182560.82415122047,140799.66681356632,0.00026412531636464204,0.0027300154221245876
2023-07-26,182455.69615891305,140821.30456048992,-0.0005758518718142226,0.00015367754351469642
2023-07-27,179405.0080630795,139887.66580625848,-0.01672015815377174,-0.006629953877684613
2023-07-28,181894.11287298772,141257.22670721787,0.013874221443322402,0.0097904335815866
2023-07-31,181803.58555724437,141526.1778963738,-0.0004976923898938315,0.0019039818027390965
2023-08-01,181961.42596743963,141121.2014082944,0.0008681919540337196,-0.002861495266097802
2023-08-02,179797.4555944193,139158.08437171654,-0.01189246765634585,-0.013910858304686302
2023-08-03,180146.10793646262,138759.27764406253,0.0019391394660768237,-0.0028658538198090833
2023-08-04,178559.29423106808,138131.6861267567,-0.008808481757231115,-0.0045228796802740945
2023-08-07,181220.38712602673,139337.38516448715,0.014903132914016733,0.008728620286471145
2023-08-08,181508.00648257846,138731.44107975706,0.0015871247220750732,-0.004348754528547882
2023-08-09,179675.11643649288,137803.99145725535,-0.010098122290057285,-0.006685215804602795
2023-08-10,180659.4244338891,137853.45608283227,0.005478265532356642,0.00035894914983103376
2023-08-11,179302.34527654728,137773.07485556326,-0.007511809370556391,-0.0005830918538646257
2023-08-14,178843.94359984397,138533.58257744944,-0.002556584945926277,0.005520002530853496
2023-08-15,176404.43947195602,136919.83669990517,-0.013640406707571898,-0.011648770265809794
2023-08-16,175462.03585409,135915.09557317322,-0.00534228968775959,-0.0073381706475013075
2023-08-17,173208.6069811489,134879.42815909706,-0.012842828717746014,-0.0076199586933931585
2023-08-18,174404.60491699475,134944.35108552,0.006904956726405684,0.0004813404631753837
2023-08-21,174830.47535737685,135822.3360824448,0.0024418531872183475,0.006506274548449875
2023-08-22,174501.9564198493,135454.43627083072,-0.0018790713510101389,-0.002708684169522413
2023-08-23,175683.12001875186,136963.12187940447,0.006768769950410631,0.011137956423643791
2023-08-24,171728.83223386106,135064.90839794523,-0.022508068985049482,-0.013859303551291835
2023-08-25,172801.9758029808,136017.10486171363,0.006249058793216005,0.007049917517901294
2023-08-28,174045.48547909808,136879.64124344455,0.00719615427045264,0.006341381715247119
2023-08-29,176819.3961760917,138858.20689521634,0.015937849174069846,0.014454784026302514
2023-08-30,177070.83465228247,139430.14465521558,0.0014220073228865648,0.004118861771208238
2023-08-31,178858.31214475786,139226.07764987394,0.01009470303782965,-0.0014635788110688441
2023-09-01,179674.20402745958,139485.78872687003,0.0045616660076798,0.0018653910343522373
2023-09-05,176830.1365915586,138882.93436517872,-0.01582902482465596,-0.004321976935383498
2023-09-06,176495.347620598,137949.29561094727,-0.001893280056294362,-0.006722487240775843
2023-09-07,176667.33107142834,137525.76141333094,0.0009744361715417916,-0.003070216457000563
2023-09-08,174874.08249385215,137732.88908475486,-0.010150425473123724,0.0015061008882650828
2023-09-11,176677.362329551,138638.7203316373,0.010311875893686238,0.006576724360475961
2023-09-12,174888.5505590254,137878.1932384468,-0.010124736677860138,-0.005485675945156254
2023-09-13,174760.83903174754,138038.93632168046,-0.0007302452154222918,0.0011658339833018339
2023-09-14,175754.58813609905,139229.16737291272,0.005686337453272157,0.008622429895131845
2023-09-15,173212.43079732134,137551.70927546534,-0.014464244522647308,-0.012048180198869107
2023-09-18,174371.5608308324,137632.36170099478,0.006691956392364176,0.0005863425903920305
2023-09-19,173781.4551840706,137346.9545888204,-0.0033841851500905633,-0.002073691889371343
2023-09-20,173116.0273897685,136084.26517378536,-0.0038291070448066523,-0.009193428560649197
2023-09-21,170029.14959311025,133835.01460112116,-0.017831265210980215,-0.016528366228026448
2023-09-22,170344.52758632757,133534.07170288346,0.0018548466187831064,-0.0022486110913098045
2023-09-25,170370.64492786425,134095.62644376807,0.00015332069604314822,0.004205329274569403
2023-09-26,168841.48051651084,132125.57448024422,-0.00897551577621179,-0.014691396101199183
2023-09-27,169625.775143405,132178.30317059878,0.004645153693836742,0.0003990801217854667
2023-09-28,170360.48420239755,132944.62228378045,0.004331352699030717,0.005797616513450121
2023-09-29,170473.74774433696,132621.97383905406,0.0006648463255414686,-0.002426938669528811
2023-10-02,168881.21802625788,132569.23546304734,-0.009341788628167112,-0.00039765941103175884
2023-10-03,166890.2459422898,130794.65933139995,-0.011789185957070255,-0.013386032780901447
2023-10-04,168190.86387587953,131747.08825082018,0.007793253142184613,0.007281863986563941
2023-10-05,167485.36333188345,131697.44928350442,-0.004194642489717744,-0.0003767746822704865
2023-10-06,168079.1318480214,133261.071911125,0.003545196453742575,0.011872839118201695
2023-10-09,172340.32535346234,134114.23258156583,0.02535230553959497,0.006402174755204104
2023-10-10,173856.9737256202,134812.27753267752,0.00880031048477657,0.005204853636150419
2023-10-11,174384.84993705887,135364.49530488066,0.003036267111561461,0.0040961979302611695
2023-10-12,172311.1572095291,134539.27774091903,-0.011891472959252037,-0.006096262997937529
2023-10-13,173936.36558057833,133869.12746802578,0.009431823204999908,-0.004981075297458837
2023-10-16,176081.4777205159,135277.62469066502,0.012332740958323919,0.010521449189064613
2023-10-17,176689.27495116318,135271.416187631,0.0034517953762974694,-4.5894530216861185e-05
2023-10-18,175573.08986157144,133468.92600646085,-0.00631722038533605,-0.013324989358209693
2023-10-19,174349.75822076443,132296.22598563667,-0.006967648867896402,-0.008786314956691799
2023-10-20,172770.88555000693,130670.54738463226,-0.00905577780474058,-0.012288170648049435
2023-10-23,171952.9909025602,130444.07746584645,-0.0047339842291309825,-0.0017331366809016924
2023-10-24,173069.35793774124,131427.5295291325,0.0064922804152538725,0.007539261899748073
2023-10-25,172359.7094267033,129541.26814243766,-0.004100370623049409,-0.014352102588040427
2023-10-26,171450.62697951056,127990.06252088516,-0.005274332674477739,-0.011974605805517347
2023-10-27,170421.0879522122,127409.91132785495,-0.006004871754837004,-0.004532783105215987
2023-10-30,170380.56093331534,128933.20289988475,-0.00023780518821837253,0.011955832604812144
2023-10-31,172745.81646510187,129742.92342039169,0.013882191247816318,0.006280155167910362
2023-11-01,173913.1338665508,131126.60600219914,0.006757427909605834,0.010664801943178537
2023-11-02,177299.8569737193,133639.55814054902,0.019473647745127748,0.019164319240503547
2023-11-03,175911.00697374094,134858.80740565015,-0.007833339652294288,0.009123415866272522
2023-11-06,177252.60228574433,135169.0582156128,0.007626556945374304,0.002300560237266769
2023-11-07,178251.41247981857,135553.74326241872,0.005634953626599289,0.0028459549240351656
2023-11-08,177694.02613267023,135653.03088270238,-0.0031269673513047835,0.0007324594503559378
2023-11-09,175980.98338855614,134595.09615431228,-0.009640407060365053,-0.007798828537085134
2023-11-10,178298.4434992784,136695.42013937703,0.013168809868537974,0.015604758606188263
2023-11-13,180385.2582045561,136565.12874653182,0.011704054529708562,-0.0009531511202962584
2023-11-14,181771.96621887092,139214.60983771738,0.007687479720445282,0.019400861080013154
2023-11-15,178887.82074662342,139509.3345472689,-0.015866833220996773,0.0021170530154490663
2023-11-16,176888.37247001586,139679.96668135704,-0.011177106793869171,0.0012230875779164485
2023-11-17,178418.21884637405,139853.6982241361,0.008648654261418438,0.0012437828194462597
2023-11-20,180648.933278789,140930.22940467182,0.012502727842697113,0.007697552472373026
2023-11-21,180449.4602617979,140623.08768905225,-0.0011042025733041308,-0.0021793884599281554
2023-11-22,180876.5511799136,141166.00723518257,0.0023668173764337334,0.00386081371880298
2023-11-24,182292.5591550039,141252.8778493982,0.007828587873072545,0.0006153791264416064
2023-11-27,182696.6534983057,140998.48419543752,0.0022167352588331425,-0.0018009803257384993
2023-11-28,181725.14712265463,141138.0835000077,-0.005317592616221993,0.000990076633566428
2023-11-29,182559.23746419186,141038.81525102834,0.004589845460266542,-0.0007033413414556655
2023-11-30,184611.1409335059,141594.1421175746,0.011239658413431577,0.003937404504978703
2023-12-01,187293.09772864767,142431.8154302129,0.01452759991396075,0.005916016722942841
2023-12-04,186891.75505380103,141684.1218261333,-0.002142858865136194,-0.005249484476633315
2023-12-05,186242.32267978555,141656.1980909584,-0.00347491184845745,-0.00019708443553867472
2023-12-06,183736.0094894778,141085.36449530532,-0.013457269831288504,-0.004029711395237001
2023-12-07,184672.13220005445,142161.89567584102,0.005094933285956052,0.007630353328190509
2023-12-08,185404.43468977578,142773.0603270849,0.003965419584412527,0.0042990749971247855
2023-12-11,186302.753943605,143328.38719363115,0.004845187523870795,0.0038895773843750092
2023-12-12,188050.30951921974,143983.0016804611,0.00938019185773143,0.004567235421030658
2023-12-13,190910.88442192096,145968.56037309178,0.015211753227180136,0.013790229884477645
2023-12-14,188310.03168188946,146437.0166254224,-0.01362338636640266,0.003209295557435432
2023-12-15,187809.3492892353,146195.90200057192,-0.0026588195444624887,-0.0016465414989109695
2023-12-18,189133.25511402052,147018.2816684509,0.007049200850732652,0.0056251896026180415
2023-12-19,190724.48090103013,147912.26736274266,0.008413252265183576,0.006080779098668998
2023-12-20,186964.9277537903,145862.60902412256,-0.019711958996971663,-0.013857257245563526
2023-12-21,189652.7187027304,147245.6717241918,0.01437590986304988,0.009481955035101075
2023-12-22,189466.22219007433,147541.58776895888,-0.000983357970989171,0.0020096756753662515
2023-12-26,190324.28915727028,148164.58828714126,0.0045288651310898854,0.00422254177688508
2023-12-27,190987.29796230223,148432.48374021184,0.0034835743139650876,0.001808093662376331
2023-12-28,191070.44757362374,148488.54429490914,0.0004353672323167098,0.00037768386868353154
2023-12-29,190228.34260618256,148058.6756807807,-0.0044073009622102146,-0.0028949614676988533
2024-01-02,186930.7826689785,147230.09719551983,-0.017334745664218734,-0.005596284590896228
2024-01-03,183337.88894714433,146027.7106508278,-0.0192204497864675,-0.008166717047637828
2024-01-04,184077.89832744858,145557.33663936966,0.00403631450407722,-0.0032211284376213456
2024-01-05,184201.27552334405,145756.69641776197,0.0006702444835392208,0.0013696305730450664
2024-01-08,188036.51751950846,147837.5134993781,0.020820930719767795,0.0142759621530677
2024-01-09,187222.5325187645,147613.2228523281,-0.0043288666025177525,-0.0015171429885483256
2024-01-10,188363.75258832626,148448.0485832316,0.006095527360988919,0.005655494235355052
2024-01-11,188638.9147020085,148382.63168854854,0.0014608018257293667,-0.00044067197452168916
2024-01-12,190593.63093138122,148485.42551491386,0.010362210959814759,0.0006927618495207177
2024-01-16,190539.9052073302,147940.3073257434,-0.00028188625080765185,-0.003671189864460578
2024-01-17,192519.01751921527,147117.95671482087,0.010386865206695546,-0.005558665016909936
2024-01-18,193911.0075642548,148426.24618022132,0.007230402808910179,0.008892792522509518
2024-01-19,195217.55200531764,150276.55442610133,0.006737855975658699,0.012466179624547769
2024-01-22,198443.52833916238,150594.2728738787,0.016525032204874897,0.002114224996645264
2024-01-23,197336.20570746085,151033.47845668864,-0.005580039021524515,0.002916482641924567
2024-01-24,194870.58371096093,151198.59945469824,-0.012494524193674979,0.001093274151511725
2024-01-25,195742.79025351597,152020.95006562077,0.004475824549531306,0.005438877171404677
2024-01-26,195671.5054471579,151827.827847219,-0.0003641758976957298,-0.0012703658168061738
2024-01-29,199003.35928095426,153030.2047062589,0.017027792708919198,0.00791934440536024
2024-01-30,199950.56953447967,152911.83635122163,0.004759770171457914,-0.0007734966784137542
2024-01-31,196636.97931388626,150416.73486980115,-0.016572046922937157,-0.01631725536072648
2024-02-01,200418.01903639032,152385.40178506623,0.01922852830478277,0.01308808436088671
2024-02-02,204233.3387382675,153989.63635219022,0.019036809765016486,0.010527481952547602
2024-02-05,202841.3005529405,153428.90489173916,-0.006815920426737777,-0.0036413584299180846
2024-02-06,202018.05675482083,153874.37709149608,-0.0040585610320754235,0.0029034437811521485
2024-02-07,198803.38640140594,155157.73568823878,-0.01591278722830395,0.008340300841507942
2024-02-08,197779.30306725684,155226.27136291712,-0.005151236871193716,0.0004417161308414297
2024-02-09,197112.58000085875,156123.4048941606,-0.0033710456860662884,0.00577952123288461
2024-02-12,196486.58064151328,156054.8595338301,-0.0031758468147632416,-0.00043904602501432244
2024-02-13,196899.17713104386,153905.52614883997,0.0020998710862772255,-0.013772934668043524
2024-02-14,199065.9887147228,155304.153691929,0.011004675668282941,0.009087571954605744
2024-02-15,202533.4566461821,156375.71613290705,0.01741868590333881,0.006899766783467154
2024-02-16,200911.32239884915,155596.960642353,-0.008009216226268923,-0.0049800282921945715
2024-02-20,200140.97160526103,154740.33250843917,-0.0038342826297207457,-0.0055054297357570725
2024-02-21,199065.88374046815,154880.50326648675,-0.005371653071182597,0.0009058450099939108
2024-02-22,203333.48418122475,158085.84393508732,0.02143813073625635,0.020695572399358042
2024-02-23,204788.22677976475,158194.85595013885,0.0071544664883796535,0.0006895748052955231
2024-02-26,204316.53741113408,157615.4699236292,-0.0023033031539355193,-0.003662483353392032
2024-02-27,202610.06953020018,157908.26718840105,-0.008352079095291712,0.0018576683171627195
2024-02-28,201778.27406564058,157699.57044132735,-0.004105400420069466,-0.0013216328111860243
2024-02-29,202960.35929593418,158266.50071916025,0.005858337503219269,0.0035950020424682094
2024-03-01,204859.08412222494,159752.3475599427,0.009355151088998023,0.009388258627256896
2024-03-04,206005.7074791618,159581.02774455122,0.005597132105954121,-0.0010724087502199664
2024-03-05,204407.151499015,157986.14951741297,-0.007759765492460776,-0.009994159391498836
2024-03-06,205434.1222163008,158786.7170966295,0.005024142794195534,0.005067327621199436
2024-03-07,206512.94529513523,160362.89232944837,0.005251430810011783,0.009926367026403593
2024-03-08,206453.58278849337,159400.35158917395,-0.0002874517457345492,-0.006002266024841663
2024-03-11,203820.0831870511,159263.28992546946,-0.012755891982461905,-0.0008598579760835667
2024-03-12,204917.90447666773,160976.5558789493,0.005386227266962159,0.010757444193709498
2024-03-13,206881.52603723173,160724.20589759416,0.009582479215658593,-0.001567619458481162
2024-03-14,205949.48232363316,160406.48744981678,-0.004505205135768627,-0.0019767927674803065
2024-03-15,205007.55794951488,159305.064143232,-0.004573570001201136,-0.0068664511273546225
2024-03-18,205326.57511580843,160251.8172704869,0.0015561239277437843,0.005943019654439219
2024-03-19,205930.44926112288,161142.38392956648,0.002941042312588417,0.005557295226027881
2024-03-20,206858.63787760618,162632.8120838202,0.0045072917570647625,0.009249138047412453
2024-03-21,209126.2610549123,163170.26892213276,0.01096218751400562,0.0033047257280134357
2024-03-22,209040.8587045482,162860.94793477736,-0.0004083769773019821,-0.0018956945367479827
2024-03-25,208604.54039425726,162410.99127807078,-0.002087239370307102,-0.0027628271995984166
2024-03-26,208704.31980457372,162111.02663070115,0.00047831849742041674,-0.0018469479498222086
2024-03-27,209038.49105448273,163473.39109210626,0.0016011707386886322,0.008403897561568341
2024-03-28,209585.4320530126,163442.14517824075,0.002616460709082239,-0.00019113761363087622
2024-04-01,209632.22051309556,163157.7550595431,0.00022324290206925373,-0.0017400048095767007
2024-04-02,206014.85796517652,162120.4120276434,-0.0172557564818289,-0.006357914348117388
2024-04-03,207050.3043188943,162298.49242824197,0.005026076099291865,0.001098445275158788
2024-04-04,205328.62082210602,160317.44724951746,-0.008315290829694113,-0.012206183489969269
2024-04-05,207785.45733859905,161992.26116392534,0.011965387517123467,0.010446859921622975
2024-04-08,208433.94150627797,162082.88981117873,0.0031209314452751587,0.0005594628200273899
2024-04-09,206681.3401099563,162270.384665676,-0.008408426111679381,0.001156783758703428
2024-04-10,205605.4296376546,160645.53903075733,-0.005205648810527886,-0.010013198885713948
2024-04-11,205348.48472739194,161857.9211684776,-0.0012496990508250709,0.007546939336349423
2024-04-12,202640.97687696377,159623.77052752953,-0.013184941948914255,-0.013803159121403286
2024-04-15,200381.0724662787,157623.99329752917,-0.011152257778826205,-0.012528066611829924
2024-04-16,201019.62960222544,157336.51345579274,0.0031867138352310283,-0.0018238330074140663
2024-04-17,199947.1201748182,156405.37359981838,-0.005335346749616038,-0.005918142175153629
2024-04-18,198363.0646535065,156083.5290642212,-0.007922372274863056,-0.002057758810900423
2024-04-19,198078.7786329543,154721.1839741204,-0.0014331600545131364,-0.008728307837915672
2024-04-22,200127.15956491677,156146.02089195215,0.010341243752104316,0.0092090616244902
2024-04-23,204401.01835281332,157998.9442639151,0.021355716021693658,0.011866606407121338
2024-04-24,204898.79772879026,157923.95794489878,0.002435307710246911,-0.00047460012701772136
2024-04-25,203829.1268987015,157324.00927885523,-0.005220483682410905,-0.003798971820684005
2024-04-26,204799.32131840682,158814.49554702188,0.004759841905163507,0.009473991128237769
2024-04-29,205958.0193270551,159376.94136790512,0.005657723869342393,0.00354152698055632
2024-04-30,205384.10811794322,156852.20179087756,-0.0027865446122811617,-0.0158413102633177
2024-05-01,203353.4160152628,156342.89145773955,-0.00988728933941816,-0.003247071621073183
2024-05-02,205204.3798425935,157805.22153507944,0.009102201790363619,0.009353351877435356
2024-05-03,206250.48992287365,159761.25835992896,0.005097893529770452,0.012395260472510383
2024-05-06,208584.44736291043,161411.08329176618,0.011316130404875948,0.010326814828413022
2024-05-07,208717.70315296136,161589.2024349734,0.0006388577467575239,0.0011035124699909638
2024-05-08,209311.83546140487,161604.815706254,0.0028465832052976575,9.6623233763804e-05
2024-05-09,210787.31659726254,162535.95556222834,0.00704920069429021,0.005761832355706931
2024-05-10,210669.54939370105,162745.32061930106,-0.0005587015645086879,0.0012881153363788478
2024-05-13,208593.8625988246,162767.2101931808,-0.009852808822396003,0.00013450201699471975
2024-05-14,209976.715737243,163513.9739746531,0.006629404725478224,0.004587925175998375
2024-05-15,210885.0382880223,165538.79830113708,0.004325825116323484,0.012383188282108826
2024-05-16,210056.79789904662,165198.17328600324,-0.003927449740860564,-0.002057674808742971
2024-05-17,211044.73342656277,165435.6654769462,0.004703182841009417,0.0014376199580112825
2024-05-20,212333.848190697,165626.27911143875,0.006108253654113536,0.001152191904587374
2024-05-21,212894.39630239358,166032.49536299452,0.0026399376099148475,0.0024526074831545674
2024-05-22,211248.5264587402,165554.430943722,-0.007730921396895534,-0.002879342493933623
2024-05-23,210643.9973924927,164345.1385290405,-0.0028616960145546933,-0.007304500446095541
2024-05-24,213762.7019988551,165432.54669695094,0.014805570749549028,0.006616612925963272
2024-05-28,212049.19950581834,165548.15464112285,-0.008015909590466897,0.0006988222479804573
2024-05-29,213588.75639370535,164388.89830549562,0.007260375853693084,-0.007002532514725268
2024-05-30,208416.6502867885,163298.3907288942,-0.024215254558546083,-0.0066337057297800595
2024-05-31,210724.75784103086,164785.73884576128,0.011074487336142934,0.009108161508684764
2024-06-03,208561.12504029984,164920.09821251335,-0.0102675775874577,0.0008153579775360686
2024-06-04,207524.43262957977,165104.45491571107,-0.004970688619558281,0.0011178546774823772
2024-06-05,209364.7100520359,167066.7486718554,0.008867762697325081,0.011885165407233389
2024-06-06,207007.36522702634,167063.61052055584,-0.011259513718542443,-1.878381739350843e-05
2024-06-07,206578.18694288106,166860.52176608227,-0.0020732512762267094,-0.0012156372883403987
2024-06-10,207542.75596369477,167376.06965921077,0.004669268498713348,0.003089693641562752
2024-06-11,207093.71721926768,167779.16713077127,-0.0021635963266558363,0.0024083339534810566
2024-06-12,208475.61403086962,169157.1642347613,0.006672808958944996,0.008213159759673738
2024-06-13,207799.1083241487,169497.73113598218,-0.0032450112204527623,0.0020133164490050426
2024-06-14,206349.94823224528,169600.86396017304,-0.006973851348981002,0.0006084613847021636
2024-06-17,208210.60177236897,170950.69518768418,0.009016980891265012,0.007958869996252504
2024-06-18,209034.17866800958,171385.03857311019,0.003955499329188871,0.0025407523786267205
2024-06-20,208967.93145241018,170919.468645123,-0.0003169204960716536,-0.0027165144160968824
2024-06-21,208247.3346910768,170690.32548634126,-0.003448360503570884,-0.0013406498428655267
2024-06-24,209799.03883610805,170135.4538454465,0.0074512557259524435,-0.003250750382681522
2024-06-25,208396.76110846453,170790.61072879733,-0.006683909208654313,0.003850795754458014
2024-06-26,207416.3928614247,171003.79193282075,-0.004704335335277009,0.0012482021295767698
2024-06-27,206657.64417162843,171273.3823750192,-0.0036580941329127396,0.0015765173342141559
2024-06-28,205013.07822058146,170599.41595517524,-0.007957924603462351,-0.003935033047740344
2024-07-01,203108.54455174346,170950.50147464097,-0.00928981548576547,0.0020579526459691966
2024-07-02,203011.55514983452,172100.96323810765,-0.0004775249713053569,0.0067297946103852535
2024-07-03,202882.21303205309,172868.9579691129,-0.0006371170236392225,0.004462466197488357
2024-07-05,203743.46944720155,173865.8052893351,0.00424510558257969,0.005766491173043953
2024-07-08,204652.8849853334,174066.43388816025,0.004463532208415055,0.001153927872656002
2024-07-09,204097.75286713793,174235.73908790262,-0.0027125545688506778,0.0009726470288415889
2024-07-10,205972.29936530718,175959.84328614856,0.009184552361972973,0.00989523852724683
2024-07-11,206738.73029968544,174442.60524671827,0.0037210388811503626,-0.008622638046812403
2024-07-12,208110.1836569736,175542.89533200042,0.006633751476078589,0.0063074618939908955
2024-07-15,206330.7133813363,176025.64760691798,-0.008550616045634646,0.002750053051161938
2024-07-16,209635.60973436874,177069.50908272082,0.01601747165447149,0.005930166938705739
2024-07-17,206770.5953081877,174586.82460736835,-0.01366664007995268,-0.014020959837826252
2024-07-18,206270.44320684476,173245.12932767093,-0.0024188744081210293,-0.007684974411527268
2024-07-19,204704.50626356,172094.68693550857,-0.007591669067751329,-0.0066405468172583415
2024-07-22,206437.9336439874,173868.98218324332,0.008467949299540978,0.010309994337011075
2024-07-23,206874.98605219004,173596.21484713667,0.0021171128798273013,-0.001568809644374558
2024-07-24,203244.21678251494,169662.1160244277,-0.01755054750195435,-0.0226623537049655
2024-07-25,203446.4186172411,168778.1259231642,0.0009948712830660429,-0.005210297513536966
2024-07-26,205527.23482553218,170668.3777985486,0.010227834052984183,0.011199625929280366
2024-07-29,207033.09716144612,170768.7017836133,0.0073268262339646695,0.0005878299563093492
2024-07-30,203726.4513219542,169903.5018475386,-0.015971580799534573,-0.00506650180646695
2024-07-31,205071.36887681606,172665.21059029253,0.006601585342182565,0.016254572229077002
2024-08-01,204921.1128928654,170220.08707401337,-0.0007327009361357306,-0.014161066423977298
2024-08-02,201858.03238948924,167050.8835736187,-0.01494760818021517,-0.018618269763994943
2024-08-05,197716.05321392522,162185.73206580477,-0.02051926854994785,-0.029123769977965175
2024-08-06,198913.74909080713,163681.03210309453,0.006057656206529859,0.009219676837436408
2024-08-07,198373.64599105413,162586.96020649857,-0.0027152627820937135,-0.00668417031917834
2024-08-08,203147.23157641993,166345.55501208332,0.024063607650690922,0.023117443125888038
2024-08-09,204788.9760538653,167079.0688214019,0.008081549842965986,0.004409578658505664
2024-08-12,204566.63760321535,167166.85957257263,-0.0010856954067265993,0.0005254443407545217
2024-08-13,206823.5034574632,169916.0350814326,0.011032423862904383,0.01644569692754483
2024-08-14,207901.2790645091,170452.07781452994,0.005211088628848733,0.0031547507146127973
2024-08-15,209967.982858311,173373.6579318232,0.009940794030231487,0.017140184823515314
2024-08-16,210477.6459192464,173762.3625242752,0.0024273370349006665,0.002242004910600892
2024-08-19,212899.2007067131,175423.78118174692,0.011505044998440402,0.009561441461407583
2024-08-20,211809.87984222025,175138.53872565925,-0.005116603824142631,-0.0016260193125819944
2024-08-21,213310.19881203686,175740.38577952603,0.007083328553579318,0.0034364055920867997
2024-08-22,213838.20866259446,174361.110169451,0.002475314605200339,-0.007848370219269762
2024-08-23,216242.3043082376,176213.7429718492,0.011242591586784458,0.010625263859571188
2024-08-26,215857.54747195396,175793.67623770583,-0.0017792856837817702,-0.0023838477468268726
2024-08-27,216110.4917013563,176035.0620608168,0.0011718109112456706,0.0013731200591342585
2024-08-28,215967.363199952,175013.14827280666,-0.0006622931643787276,-0.00580517185637186
2024-08-29,217163.27437700026,175028.80028669589,0.005537462509745199,8.943335997146917e-05
2024-08-30,218255.45855767632,176699.63339806636,0.005029322678106261,0.009546046757068938
2024-09-03,215710.39391901804,173063.32963664332,-0.01166094381087707,-0.02057901135103779
2024-09-04,216475.13131518822,172709.105965878,0.003545204207717823,-0.0020467864076637587
2024-09-05,214500.95551097012,172289.05860303895,-0.009119642483753417,-0.0024321089527383766
2024-09-06,211661.48369544215,169389.36805962544,-0.013237571873579544,-0.016830381261148664
2024-09-09,213260.92037431823,171285.89623760898,0.007556578792471524,0.01119626455726519
2024-09-10,212756.77845586333,172032.00139473446,-0.002363967657881403,0.004355905381085767
2024-09-11,212022.75183538263,173796.8434459619,-0.0034500739567879194,0.01025880090285014
2024-09-12,214280.30847710837,175260.79102721243,0.010647709371674197,0.008423326639449114
2024-09-13,216612.48966059787,176176.123898863,0.010883786756068933,0.005222690519001816
2024-09-16,216636.3838813882,176436.31925846706,0.00011030860144657,0.001476904780544519
2024-09-17,216027.79409285687,176508.41925313993,-0.0028092685892714547,0.0004086459917997942
2024-09-18,214529.11281977195,175984.92912524092,-0.0069374465419053035,-0.0029658082606714986
2024-09-19,216553.82555805324,178987.98494849712,0.009437939269260332,0.017064278391242693
2024-09-20,217876.3299251705,178678.60584722878,0.006107046891040503,-0.00172849088924798
2024-09-23,218193.82763847263,179125.07566915808,0.001457238211288148,0.002498731282417843
2024-09-24,215966.6106089228,179637.6016388129,-0.010207516196288242,0.002861274267381031
2024-09-25,214957.00331535543,179241.43909419837,-0.004674830478288993,-0.00220534309632503
2024-09-26,214782.819050637,179952.05602181263,-0.0008103214225725274,0.003964579458887396
2024-09-27,215071.74292640804,179691.06643873153,0.0013451908166962731,-0.0014503284310876108
2024-09-30,216680.00011016204,180411.13656285318,0.007477770728367078,0.004007267241452839
2024-10-01,218083.82283890713,178794.93052966046,0.006478783127336979,-0.008958460458618478
2024-10-02,218388.9482063138,178870.40113128474,0.0013991196753373905,0.00042210705527678805
2024-10-03,218023.8093394002,178543.3941430867,-0.0016719658660046576,-0.0018281783130682516
2024-10-04,219530.37788640262,180165.8764788786,0.006910110191942772,0.00908732772544707
2024-10-07,216876.2170799875,178537.09846918326,-0.012090175546404623,-0.009040435633693833
2024-10-08,217929.52169167646,180225.6369527007,0.004856708706333356,0.0094576337242811
2024-10-09,217405.46083362825,181473.94317427938,-0.0024047263261085202,0.006926352114412504
2024-10-10,215333.98849611226,181156.35063998005,-0.009528152280872202,-0.001750072372617817
2024-10-11,216660.34473020068,182241.16305311187,0.006159530334025103,0.005988265988464914
2024-10-14,218839.3959748657,183731.59120736556,0.010057453048819316,0.008178328810485747
2024-10-15,217794.76834313272,182304.04230692922,-0.004773489832941125,-0.007769752011918096
2024-10-16,220197.05448439706,183096.42551007122,0.011030045209715773,0.004346492777203226
2024-10-17,219745.27725362507,183112.13563787338,-0.0020516951592737935,8.58024822625314e-05
2024-10-18,219896.7424619086,183816.49563419283,0.0006892762846899658,0.003846604671316811
2024-10-21,219155.04004497413,183514.632599,-0.0033729577283892285,-0.0016421977480930439
2024-10-22,217991.53359659357,183417.15619567008,-0.005309056310736789,-0.0005311642017283846
2024-10-23,218556.8082131028,181741.20905995954,0.0025931035356415496,-0.009137352091113105
2024-10-24,218192.93005597178,182134.23345327447,-0.0016649133930262316,0.0021625496790069754
2024-10-25,217180.5239191733,182071.35419945713,-0.004639958483250425,-0.0003452357781684734
2024-10-28,217738.13465468545,182634.22618903537,0.002567498804449176,0.003091491201639762
2024-10-29,220229.53934460503,182929.77417902043,0.011442206455340307,0.0016182508402293738
2024-10-30,219956.85617652384,182376.37475725389,-0.0012381770805708979,-0.0030252014700733465
2024-10-31,218610.6180453343,178801.2455748682,-0.006120464506499209,-0.019603028008119194
2024-11-01,215894.504606339,179555.87410589374,-0.012424435113357665,0.004220488110132203
2024-11-04,213199.31445833054,179169.10664387362,-0.01248382932637809,-0.0021540228853333954
2024-11-05,216883.57316767552,181335.5933188377,0.017280818743275403,0.012091853978321687
2024-11-06,220705.6794578428,185844.6130824109,0.017622848214568936,0.024865607909888565
2024-11-07,220456.01012627807,187281.576436746,-0.0011312320198468124,0.007732068906930678
2024-11-08,228142.47930023228,188092.82729029408,0.034866226461920335,0.0043317173476595805
2024-11-11,230417.23695625915,188272.05059784747,0.009970776433236411,0.0009528449868891897
2024-11-12,227918.38510315397,187687.23092047655,-0.010844899826567857,-0.003106247982713639
2024-11-13,226402.0778599093,187778.39227859868,-0.006652851820437312,0.0004857088981229385
2024-11-14,219431.2862366715,186570.9401378274,-0.030789433070270305,-0.006430197458394571
2024-11-15,217758.31001392097,184181.23792320304,-0.00762414627122088,-0.012808544636474517
2024-11-18,218951.11494705867,184935.8858255329,0.0054776551722016745,0.004097311489699829
2024-11-19,220070.0127811288,185611.90560363463,0.0051102632399962575,0.0036554277991209805
2024-11-20,221589.2851708591,185674.80422875631,0.00690358659287782,0.00033887171686064477
2024-11-21,224869.2650411248,186671.57406376122,0.014802068916539013,0.005368363462911585
2024-11-22,225893.96482844642,187250.1368098373,0.00455686901957996,0.0030993618014838464
2024-11-25,226616.3203035064,187885.32187843593,0.0031977634976152833,0.003392174122915037
2024-11-26,230622.05508607274,188866.34284303003,0.017676285526132762,0.005221381610793552
2024-11-27,229889.34227560152,188294.05639955308,-0.0031771150864029537,-0.0030301134382243466
2024-11-29,230318.67108147664,189463.77323951223,0.0018675454965650328,0.006212181426890284
2024-12-02,226988.12431814143,189803.3715755172,-0.014460602554262701,0.0017924183087796308
2024-12-03,227180.87971452743,189891.37541103543,0.0008491871412436498,0.0004636579149661646
2024-12-04,227891.34665180676,191070.52607619762,0.0031273183648733195,0.006209606216237118
2024-12-05,226627.6574937169,190756.09106450222,-0.005545138842066795,-0.00164564895566377
2024-12-06,224326.708328854,191117.69520221284,-0.010152993638592752,0.0018956361272277622
2024-12-09,220052.41268633146,190133.49734371054,-0.01905388651384559,-0.005149695099979978
2024-12-10,219081.94570918745,189542.38199243616,-0.004410162857552254,-0.0031089490254618823
2024-12-11,217492.79767509567,191007.64682238034,-0.00725366952967102,0.007730539283834936
2024-12-12,216878.1980134023,190023.46833518235,-0.002825839146230121,-0.005152560662208372
2024-12-13,217436.98794795995,189985.75240567452,0.0025765150193801994,-0.00019848037633596327
2024-12-16,217550.1560824004,190796.96451661398,0.0005204640457382344,0.004269857611255423
2024-12-17,215887.98005555168,190010.87698737544,-0.007640426726327846,-0.004120021150389452
2024-12-18,207855.79884722442,184347.88925425388,-0.0372053191949846,-0.02980349242584579
2024-12-19,207926.7379206359,184291.26693173134,0.00034128984519507543,-0.0003071492857964486
2024-12-20,210757.74451360494,186504.80650488465,0.013615404258636487,0.012011093146227614
2024-12-23,210647.8175977306,187621.65905535902,-0.0005215794851478547,0.005988331193196972
2024-12-24,212423.13668981683,189707.0768217508,0.008427901662273423,0.011115016128156352
2024-12-26,212415.27591391667,189719.70691216638,-3.7005271754564546e-05,6.657680159949386e-05
2024-12-27,210845.60478295904,187722.60292216195,-0.007389633933831277,-0.01052660275787276
2024-12-30,208941.46988493027,185580.38849150878,-0.009030944230442307,-0.011411595605998581
2024-12-31,208725.6007263522,184905.2404221014,-0.0010331561211709937,-0.0036380356507244027
2025-01-02,208197.04336052624,184450.9445932275,-0.002532307316335919,-0.0024569115934023333
2025-01-03,210511.8714680841,186757.19522884843,0.011118448514897477,0.012503327866967284
2025-01-06,208981.69733935467,187833.03872808084,-0.007268825829432848,0.005760653547586703
2025-01-07,208639.3586076349,185709.76943305103,-0.001638127817307515,-0.011304024624249398
2025-01-08,210508.72486734588,185981.06455002946,0.008959796810085532,0.0014608553863735274
2025-01-10,207228.26682394947,183141.5993917417,-0.01558347781292021,-0.015267495995668678
2025-01-13,208294.03731103145,183425.56334174436,0.005142978336963009,0.0015505158355380022
2025-01-14,210271.8254749014,183677.97143701246,0.009495174174941185,0.001376079160775534
2025-01-15,212651.90716641268,187019.07589192817,0.011319070855716741,0.018190011729639854
2025-01-16,215876.0671389488,186659.4088846494,0.015161679081547271,-0.00192315679864985
2025-01-17,218483.53132011704,188533.44697831938,0.012078523644262663,0.010039880147847624
2025-01-21,223351.74875695404,190259.17836612806,0.022281850752879674,0.009153449509715639
2025-01-22,221635.51322861455,191328.7068201527,-0.007684003093286834,0.005621428953963337
2025-01-23,221006.56034534544,192373.01383595486,-0.002837780255099952,0.00545818258618036
2025-01-24,221516.56388020364,191811.40098115732,0.002307639800652383,-0.0029193952082928742
2025-01-27,217628.09639807165,189098.15924180788,-0.01755384524759465,-0.01414536219156215
2025-01-28,217940.7440879039,190722.96613411797,0.0014366145502663625,0.008592399306396103
2025-01-29,217470.74186672628,189867.97487541905,-0.0021565596793045186,-0.004482896192468444
2025-01-30,222016.88532513066,190887.00233908577,0.020904621096986126,0.005367031824800028
2025-01-31,220399.69505942002,189871.1130267186,-0.007284086808723341,-0.005321940728905905
2025-02-03,221114.95326325065,188593.36242257606,0.0032452776472207843,-0.0067295681990485745
2025-02-04,218163.27130642894,189858.50230760736,-0.01334908342136197,0.006708294866690778
2025-02-05,218600.39119745026,190628.2985699142,0.00200363648933072,0.004054578820281707
2025-02-06,221792.85402145959,191290.85529151466,0.014604103892594405,0.0034756472494952284
2025-02-07,220407.77074397603,189539.86372287487,-0.006244940954452643,-0.009153556065037205
2025-02-10,218396.14694227144,190827.06752352478,-0.00912682794673908,0.006791203577796834
2025-02-11,219828.66494881766,190972.1973354778,0.006559264101508341,0.000760530536031867
2025-02-12,220291.75127926716,190356.9840816314,0.0021065784598987333,-0.003221480730860926
2025-02-13,222502.6380447887,192366.69879074703,0.010036175901651324,0.01055760952933471
2025-02-14,223040.52024972864,192357.22622293537,0.0024174194502432564,-4.924224344038386e-05
2025-02-18,225143.72025454784,192921.95785772818,0.009429676735260123,0.0029358482958072862
2025-02-19,224353.37192304875,193376.27305790642,-0.0035104169488072877,0.002354917010085833
2025-02-20,221468.6564847863,192571.7634182611,-0.012857909883573649,-0.004160332738465833
2025-02-21,219236.89441815641,189278.00243109942,-0.010077101211760838,-0.017104070340819955
2025-02-24,217992.27721335166,188416.69612719273,-0.005677042671617456,-0.0045504828497978655
2025-02-25,218972.31681496772,187479.66739470558,0.004495753767721211,-0.004973172504068257
2025-02-26,220743.6515509435,187574.31558760503,0.008089309012849384,0.0005048451078173422
2025-02-27,218962.68719987368,184580.26742085684,-0.008068020704363561,-0.01596193038140048
2025-02-28,222099.9481304619,187460.74163038656,0.014327833525921641,0.015605537091145427
2025-03-03,221805.2223799374,184176.45321103654,-0.0013269960349176532,-0.017519873178703183
2025-03-04,216612.2618352138,181996.36788044102,-0.023412255532146053,-0.011836938395689
2025-03-05,215838.2008594222,183952.44344789916,-0.003573486418697971,0.01074788244534175
2025-03-06,211171.1000292789,180687.08079286816,-0.021623145539389717,-0.017751124115705674
2025-03-07,212320.76753648857,181699.81258263142,0.0054442464288449,0.005604893196122784
2025-03-10,209686.58099159296,176860.12465434396,-0.012406636314758508,-0.026635624217204446
2025-03-11,208593.42776463402,175389.9007704943,-0.0052132722169892735,-0.008312918961937199
2025-03-12,207673.3442789777,176320.61445777366,-0.0044108939361910265,0.005306540930753112
2025-03-13,205804.51409545165,173970.17787700257,-0.008998892900841233,-0.013330469542652268
2025-03-14,209352.34281937114,177563.67105588206,0.017238828504383692,0.02065579987749455
2025-03-17,210878.9312985119,178932.9317016245,0.007291957943159325,0.0077113783331923536
2025-03-18,210847.75433783856,176998.93942108925,-0.00014784293756316813,-0.01080847590291667
2025-03-19,213146.50427199053,178926.6166564167,0.010902416017524808,0.01089089709595048
2025-03-20,212881.30991486844,178409.20911807363,-0.001244188160757634,-0.002891730408878357
2025-03-21,211829.90124146923,178468.05914059278,-0.0049389430843867444,0.00032985978027744167
2025-03-24,213168.63553095216,181664.15001138134,0.006319855136772484,0.01790847553438546
2025-03-25,211330.15204598967,182100.83732462986,-0.008624549668778549,0.002403816676108894
2025-03-26,211883.3583627286,179926.87332619893,0.0026177349109110207,-0.011938242736113436
2025-03-27,211406.53142413305,179449.04136257822,-0.0022504218466241226,-0.0026557009233101336
2025-03-28,210131.4192135225,175835.2470567731,-0.006031564881277768,-0.02013827590476458
2025-03-31,211611.77852914715,177015.5793714987,0.00704492132192943,0.006712717356062825
2025-04-01,212924.14047033366,177515.55273595528,0.006201743354308424,0.002824459667514878
2025-04-02,214937.7942408158,178638.95278728922,0.009457141712696928,0.006328459867428915
2025-04-03,206865.07479783992,169835.46982677275,-0.03755839903116916,-0.04928086972721479
2025-04-04,196291.379994789,159892.79920190288,-0.051113967949322096,-0.058542957104373516
2025-04-07,195998.0688411347,159608.00228581452,-0.001494264056129705,-0.001781174121098017
2025-04-08,194052.93635918247,157108.09672092306,-0.009924243098174843,-0.01566278337607918
2025-04-09,204290.28329066173,173607.48894625015,0.052755434282789795,0.10501936290804648
2025-04-10,202009.90675152105,166000.16465608735,-0.011162432703156009,-0.04381910213860685
2025-04-11,204162.54603717828,168962.0758289714,0.010656107516078633,0.017842820692500094
2025-04-14,206106.74703344572,170601.2562290857,0.009522809320341231,0.009701469350871017
2025-04-15,206911.97782587341,170123.424265465,0.003906862846644288,-0.0028008701353233745
2025-04-16,204830.8204932471,166341.91320687163,-0.010058177175115994,-0.0222280445795201
2025-04-17,206457.44902150086,166579.25042738003,0.007941327014834517,0.0014268034792483952
2025-04-21,202530.7914788637,162614.21563167466,-0.01901920982385195,-0.023802693225792537
2025-04-22,206714.85412203125,166845.08283654074,0.020658896420716305,0.02601781885077692
2025-04-23,208521.9836546246,169430.41585347612,0.008742136796451836,0.015495410311062274
2025-04-24,210802.13666555533,172996.75046370123,0.010934832725873929,0.021048963329638015
2025-04-25,210765.72511761292,174246.70324614696,-0.0001727285525581643,0.007225296308140727
2025-04-28,212463.74144910945,174313.1468199589,0.008056415864339425,0.0003813189723198551
2025-04-29,214210.07840038903,175411.20920524446,0.00821945871501968,0.006299366429427744
2025-04-30,214065.90383945114,175480.8296729646,-0.000673052183232951,0.00039689862486880223
2025-05-01,214296.76081148675,176724.44803889823,0.0010784387793431169,0.007086918658016916
2025-05-02,217221.89901667158,179347.7681836019,0.013649941296863512,0.014844126966101712
2025-05-05,216550.50301389833,178319.32626603649,-0.003090830187069278,-0.005734344664454216
2025-05-06,217438.62692481128,176828.87874047848,0.004101232269388701,-0.008358306173355534
2025-05-07,218637.98596470256,177572.52374195555,0.00551585087182337,0.004205449962551011
2025-05-08,216423.31009994028,178809.8270626814,-0.010129419437296826,0.006967875967815118
2025-05-09,217051.05954635667,178581.981781289,0.0029005630037101616,-0.0012742324352930101
2025-05-12,217036.2401797265,184483.66272622126,-6.827594696441619e-05,0.033047460253633476
2025-05-13,216420.49509318668,185701.9821687151,-0.0028370611563762176,0.006603942183768696
2025-05-14,214216.8129745024,185939.3193892235,-0.010182409562160136,0.0012780543198120942
2025-05-15,218051.62580096838,186847.5042495806,0.017901549244514533,0.004884307758791007
2025-05-16,220307.6193603153,188030.9940869101,0.010346144180580951,0.006333987933543117
2025-05-19,220744.00327814888,188236.67859616232,0.0019807935789995135,0.0010938861981293346
2025-05-20,221243.3227607462,187603.79871277756,0.002261984358271233,-0.003362149651729207
2025-05-21,217843.24843755196,184442.51807584905,-0.015368031363690561,-0.016850834890440813
2025-05-22,216074.6047870167,184515.3154374774,-0.008118882100871198,0.00039468861295000046
2025-05-23,216104.74766371638,183255.85134461138,0.00013950217208272208,-0.006825797034137326
2025-05-27,221535.06550867052,187065.85759185703,0.025128174663725203,0.02079063898527833
2025-05-28,218598.98544487657,185983.60219089524,-0.013253342341323608,-0.005785424528526595
2025-05-29,217542.68787734775,186717.75525325633,-0.004832124748333775,0.00394740747954514
2025-05-30,218447.03677512164,186508.91322140023,0.004157110066984998,-0.0011184904808482221
2025-06-02,220124.212224041,187559.4965398015,0.007677721216451779,0.00563288531499917
2025-06-03,220818.3071565713,188629.0831077391,0.0031531966679969716,0.005702652159287558
2025-06-04,219894.4990627776,188578.44651825094,-0.004183566596852015,-0.000268445293026387
2025-06-05,220311.25889353102,187667.08476398562,0.001895271744084914,-0.004832799140579991
2025-06-06,220178.63311380186,189594.2389740965,-0.0006019927460596741,0.010269004884551292
2025-06-09,219061.28852101223,189765.11324948864,-0.005074718545518934,0.0009012630147242628
2025-06-10,218261.0362085673,190841.014862634,-0.0036530978058598907,0.0056696491505836555
2025-06-11,220824.70554019217,190296.7393252014,0.011745886376050447,-0.0028519840864627
2025-06-12,222879.69753534606,191053.03378839832,0.009305987706977183,0.003974290184260543
2025-06-13,221725.35577521412,188917.03754643135,-0.005179214495070326,-0.011180122082398825
2025-06-16,224515.7470528401,190714.44276021793,0.012584899313251527,0.00951425682474416
2025-06-17,225028.99708630456,189084.77367052395,0.002286031337230092,-0.008545074332639513
2025-06-18,225456.90214785837,189056.27848187165,0.0019015552088592043,-0.00015070059899136012
2025-06-20,226704.41563606643,188612.26881559083,0.0055332681160938525,-0.00234855816398305
2025-06-23,228619.7507114927,190475.28463710364,0.008448600659375723,0.00987749011881256
2025-06-24,228036.50371615426,192579.51193998856,-0.0025511662641715107,0.011047245877038092
2025-06-25,224953.5497342603,192687.41010504172,-0.01351956345432927,0.0005602785258216336
2025-06-26,225653.7493893069,194194.9624923129,0.003112641058004048,0.007823824018649228
2025-06-27,229459.80756633534,195159.78904649685,0.01686680672193093,0.004968339764334306
2025-06-30,232173.02059836674,196092.88540420737,0.011824349810138544,0.004781191670012452
2025-07-01,226389.4636038527,196029.42501126043,-0.024910547227272296,-0.00032362414789344207
2025-07-02,226302.60357548733,196918.08359686466,-0.00038367522490940164,0.004533291803274775
2025-07-03,230560.6400459946,198470.07375624205,0.018815676016237036,0.00788139987465386
2025-07-07,232937.2266336728,196991.0746715362,0.010307859082990459,-0.007452000479036269
2025-07-08,231636.86976215724,196883.17650648297,-0.005582434762823803,-0.0005477312372305088
2025-07-09,235858.47705619293,198063.81876207766,0.01822510940667795,0.005996663994070728
2025-07-10,235992.23700158586,198622.4096934015,0.0005671195161709944,0.002820257303000284
2025-07-11,241402.82204783635,197924.17102924667,0.022926961983983103,-0.0035154072757080934
2025-07-14,244927.03840297466,198301.8533495415,0.01459890288457324,0.0019082172648787754
2025-07-15,243156.71073970085,197454.45564213535,-0.00722797970700619,-0.004273271747553764
2025-07-16,245598.34148404613,198114.59095069603,0.010041387453045052,0.0033432282214846953
2025-07-17,250012.32252779836,199326.98277406849,0.01797235688596437,0.006119649327969823
2025-07-18,252338.01965187176,199181.00062472542,0.009302329983414334,-0.0007323752525193461
2025-07-21,252908.49654548508,199558.68294502026,0.0022607647250317076,0.0018961764380651669
2025-07-22,251314.34188726588,199587.23624758548,-0.006303286287309491,0.00014308223598114012
2025-07-23,255053.67135666157,201285.22792761028,0.014879093016796756,0.008507516372031176
2025-07-24,255446.874068515,201351.86521446542,0.0015416469394928035,0.0003310590028946514
2025-07-25,256204.29853335946,202202.4398157798,0.002965095844709046,0.004224319453948855
2025-07-28,255883.89823751157,202151.6676271614,-0.0012505656528092757,-0.0002510958258695739
2025-07-29,254016.6909922307,201618.47247579886,-0.0072970876954036295,-0.002637599568784843
2025-07-30,255937.12650623318,201364.5727900983,0.0075602729352192075,-0.0012593076546151272
2025-07-31,257058.9630745019,200609.20814950863,0.004383250619332954,-0.003751229077306739
2025-08-01,253620.13123730183,197321.14232581656,-0.013377599427269866,-0.01639040328219421
2025-08-04,261230.54554604655,200320.3820021221,0.030007138122738232,0.01519978873502148
2025-08-05,260622.58641578042,199304.7638880154,-0.002327289593930527,-0.0050699689365404366
2025-08-06,259879.19007922086,200831.3776387358,-0.002852386459604785,0.007659695237280717
2025-08-07,258295.46207768467,200663.1572320353,-0.0060940931863508905,-0.0008376201402309214
2025-08-08,261773.19322059586,202227.83559574126,0.01346415889360546,0.007797536853746623
2025-08-11,262066.16800549498,201827.93438939325,0.0011191932271392196,-0.0019774785462639555
2025-08-12,266794.5224069747,203976.59946438443,0.018042597552617137,0.010646024206171889
2025-08-13,269892.8521408023,204674.8381285393,0.011613168463411634,0.0034231312120525104
2025-08-14,257010.15096987569,204693.88012068425,-0.047732650452727725,9.303533506632711e-05
